user_id,total_orders,total_revenue,avg_order_value
U000684,10,4232.38,423.238
U007930,9,8947.98,994.2199999999999
U003319,9,5372.75,596.9722222222222
U006830,8,3252.58,406.5725
U001799,8,6985.08,873.135
U002102,8,3342.44,417.805
U005660,8,6031.88,753.985
U006904,8,4360.26,545.0325
U007268,8,5563.62,695.4525
U004751,8,1757.97,219.74625
U007307,8,3163.47,395.43375
U006310,8,4242.41,530.30125
U003889,8,4173.82,521.7275
U007598,7,1563.04,223.29142857142855
U008724,7,2185.37,312.19571428571425
U008540,7,4892.79,698.97
U001611,7,1765.8500000000001,252.26428571428573
U004111,7,2626.2999999999997,375.18571428571425
U002754,7,4549.97,649.9957142857144
U006744,7,6087.21,869.6014285714285
U004375,7,4050.1800000000003,578.5971428571429
U001628,7,2866.0,409.42857142857144
U006128,7,6238.3,891.1857142857143
U000564,7,7888.82,1126.9742857142858
U004298,7,3109.0699999999997,444.1528571428571
U005155,7,2258.3,322.61428571428576
U004613,7,3936.9300000000003,562.4185714285715
U009034,7,6402.09,914.5842857142858
U001052,7,2724.34,389.1914285714286
U005087,7,4878.87,696.9814285714285
U009453,7,2982.82,426.1171428571429
U002115,7,5312.7,758.9571428571428
U005863,7,1597.45,228.20714285714286
U008868,7,6226.65,889.5214285714285
U001080,7,3357.38,479.6257142857143
U005096,7,5381.28,768.7542857142856
U005914,7,2476.91,353.8442857142857
U001151,7,5758.99,822.7128571428572
U009789,7,2447.72,349.6742857142857
U009313,7,4144.889999999999,592.1271428571428
U003321,7,1753.94,250.56285714285715
U007909,7,2149.16,307.0228571428571
U000159,7,1771.7,253.1
U004595,7,2930.15,418.59285714285716
U006660,7,2464.84,352.12
U006456,7,4946.33,706.6185714285714
U002227,7,2007.91,286.8442857142857
U005577,7,6211.9,887.4142857142857
U000088,7,2405.88,343.69714285714286
U001285,7,2317.63,331.09000000000003
U002203,7,2687.08,383.86857142857144
U006754,7,3345.25,477.89285714285717
U008268,7,5839.8,834.2571428571429
U004961,7,2711.58,387.36857142857144
U002404,7,2972.2200000000003,424.6028571428572
U006527,7,4490.599999999999,641.5142857142856
U004335,6,4380.75,730.125
U001537,6,2938.0,489.6666666666667
U005276,6,2640.9,440.15000000000003
U000180,6,3617.44,602.9066666666666
U005505,6,4739.71,789.9516666666667
U007488,6,3407.74,567.9566666666666
U009574,6,2624.42,437.40333333333336
U002730,6,1021.9000000000001,170.3166666666667
U006100,6,739.99,123.33166666666666
U004502,6,4152.42,692.07
U008635,6,5290.52,881.7533333333334
U007190,6,2845.42,474.2366666666667
U005517,6,3479.1099999999997,579.8516666666666
U000168,6,2113.44,352.24
U007554,6,1483.12,247.18666666666664
U009219,6,3762.59,627.0983333333334
U001850,6,2882.5099999999998,480.4183333333333
U007160,6,6496.040000000001,1082.6733333333334
U006165,6,4925.02,820.8366666666667
U004464,6,3727.66,621.2766666666666
U007977,6,1062.05,177.00833333333333
U006159,6,2433.25,405.5416666666667
U000795,6,1389.13,231.52166666666668
U006358,6,515.49,85.915
U006318,6,5694.78,949.13
U007095,6,5332.360000000001,888.7266666666668
U000119,6,6665.530000000001,1110.9216666666669
U006708,6,2363.3,393.8833333333334
U000127,6,5147.18,857.8633333333333
U001842,6,6925.95,1154.325
U001679,6,5271.69,878.6149999999999
U000645,6,2385.6400000000003,397.60666666666674
U000817,6,5405.98,900.9966666666666
U005441,6,1813.8600000000001,302.31
U006836,6,4163.11,693.8516666666666
U005373,6,3021.27,503.545
U009653,6,2092.49,348.7483333333333
U000714,6,1353.9,225.65
U003734,6,3039.54,506.59
U005386,6,2138.6499999999996,356.4416666666666
U004324,6,3128.67,521.445
U004306,6,2449.48,408.24666666666667
U000801,6,2363.44,393.9066666666667
U008104,6,4406.33,734.3883333333333
U002641,6,2151.9500000000003,358.65833333333336
U004717,6,7611.02,1268.5033333333333
U003289,6,5738.31,956.3850000000001
U004598,6,1916.06,319.3433333333333
U004661,6,2994.33,499.055
U001990,6,5383.79,897.2983333333333
U002012,6,5676.23,946.0383333333333
U000217,6,5164.23,860.7049999999999
U006659,6,2971.6400000000003,495.27333333333337
U008714,6,1857.19,309.5316666666667
U006699,6,1413.56,235.59333333333333
U007254,6,5553.82,925.6366666666667
U008674,6,2435.77,405.96166666666664
U006445,6,2267.28,377.88000000000005
U000157,6,5666.250000000001,944.3750000000001
U000955,6,1445.48,240.91333333333333
U006038,6,2303.4700000000003,383.9116666666667
U003239,6,3809.66,634.9433333333333
U008465,6,5001.12,833.52
U009587,6,3740.08,623.3466666666667
U005530,6,3986.18,664.3633333333333
U002076,6,3151.2,525.1999999999999
U008134,6,6224.71,1037.4516666666666
U004737,6,5667.59,944.5983333333334
U002053,6,3050.11,508.3516666666667
U008124,6,2671.6400000000003,445.27333333333337
U007276,6,3209.17,534.8616666666667
U007302,6,2637.3199999999997,439.5533333333333
U008774,6,6640.42,1106.7366666666667
U002530,6,2332.96,388.82666666666665
U000416,6,5400.719999999999,900.1199999999999
U007252,6,1853.15,308.85833333333335
U005151,6,5394.5199999999995,899.0866666666666
U005171,6,2529.13,421.5216666666667
U003827,6,4443.12,740.52
U005173,6,3413.6800000000003,568.9466666666667
U002495,6,5582.55,930.4250000000001
U001054,6,1130.0700000000002,188.34500000000003
U005955,6,2417.26,402.8766666666667
U000458,6,5533.08,922.18
U007827,6,1790.1100000000001,298.3516666666667
U000411,6,2245.88,374.31333333333333
U003943,6,7630.24,1271.7066666666667
U003485,6,2183.5099999999998,363.9183333333333
U007833,6,2925.83,487.6383333333333
U004903,6,5219.45,869.9083333333333
U002114,6,2345.14,390.8566666666666
U004785,6,1355.94,225.99
U008163,6,2316.17,386.02833333333336
U008140,6,1391.13,231.85500000000002
U004017,6,2923.77,487.295
U000368,6,2712.54,452.09
U004031,6,4118.88,686.48
U009368,6,2353.6,392.26666666666665
U007743,6,4262.610000000001,710.4350000000001
U004821,6,1099.3700000000001,183.22833333333335
U007327,6,3580.34,596.7233333333334
U008848,6,1981.19,330.1983333333333
U001224,6,720.47,120.07833333333333
U001176,6,3089.46,514.91
U001216,6,3961.92,660.32
U008171,6,915.3,152.54999999999998
U006555,6,6944.49,1157.415
U005702,6,10175.81,1695.9683333333332
U002267,6,1858.6,309.76666666666665
U002187,6,1433.96,238.99333333333334
U002279,6,2382.3,397.05
U004964,6,1468.62,244.76999999999998
U003572,6,2695.8900000000003,449.31500000000005
U008345,6,2781.48,463.58
U004942,6,6843.46,1140.5766666666666
U009406,6,3601.0,600.1666666666666
U009857,6,4960.55,826.7583333333333
U005721,6,3237.59,539.5983333333334
U008276,6,1525.99,254.33166666666668
U008356,6,2789.27,464.87833333333333
U006966,6,2199.36,366.56
U006857,6,1874.25,312.375
U006868,6,2151.8,358.6333333333334
U000006,6,9952.28,1658.7133333333334
U008552,6,4289.17,714.8616666666667
U000631,6,4932.2,822.0333333333333
U009661,6,2247.65,374.60833333333335
U003005,6,6498.16,1083.0266666666666
U004282,6,1464.37,244.06166666666664
U002995,5,2787.46,557.492
U009680,5,801.1500000000001,160.23000000000002
U006272,5,1946.5,389.3
U004265,5,1266.3,253.26
U004289,5,1989.8200000000002,397.96400000000006
U006274,5,1821.4999999999998,364.29999999999995
U006222,5,3457.09,691.418
U006820,5,1301.6100000000001,260.322
U003708,5,1817.6000000000001,363.52000000000004
U001718,5,2846.86,569.3720000000001
U001687,5,6788.84,1357.768
U001660,5,3181.01,636.202
U001833,5,4289.46,857.892
U001835,5,4250.93,850.186
U001802,5,1217.22,243.44400000000002
U001806,5,2137.53,427.50600000000003
U007096,5,3014.62,602.924
U002910,5,676.0699999999999,135.214
U004314,5,2730.15,546.03
U002888,5,3154.21,630.842
U000784,5,2588.6,517.72
U009674,5,8789.92,1757.984
U004269,5,1705.58,341.116
U002255,5,3376.85,675.37
U009856,5,2377.0,475.4
U006936,5,929.29,185.858
U003911,5,1657.94,331.588
U003887,5,3442.09,688.418
U003554,5,4764.78,952.9559999999999
U008174,5,1502.38,300.476
U008179,5,2266.92,453.384
U008181,5,1159.93,231.98600000000002
U006575,5,1551.6,310.32
U006577,5,2418.92,483.784
U009414,5,3818.22,763.644
U007744,5,2882.07,576.414
U007745,5,496.98,99.396
U001340,5,2499.88,499.976
U001303,5,3216.23,643.246
U007387,5,4939.41,987.882
U005686,5,3546.84,709.368
U001279,5,2937.36,587.472
U001322,5,1871.5899999999997,374.3179999999999
U006548,5,4443.79,888.758
U006550,5,2897.0600000000004,579.412
U000312,5,1245.05,249.01
U006559,5,4920.18,984.0360000000001
U006532,5,5167.48,1033.4959999999999
U000322,5,2153.46,430.692
U008883,5,3960.08,792.016
U002315,5,1606.22,321.244
U005805,5,6587.7,1317.54
U004923,5,2196.1,439.21999999999997
U009376,5,4182.04,836.408
U008917,5,4047.92,809.5840000000001
U004880,5,5157.34,1031.468
U008872,5,2831.1,566.22
U008365,5,3752.6,750.52
U003455,5,2237.7,447.53999999999996
U003458,5,5599.68,1119.9360000000001
U006515,5,1165.93,233.186
U003957,5,2853.17,570.634
U002376,5,7332.01,1466.402
U008850,5,2014.18,402.836
U002360,5,4313.7300000000005,862.7460000000001
U002209,5,1047.74,209.548
U008940,5,2254.41,450.88199999999995
U003571,5,5192.47,1038.4940000000001
U003576,5,2162.67,432.534
U006606,5,2894.8900000000003,578.9780000000001
U006610,5,3705.31,741.062
U003852,5,8154.95,1630.99
U006948,5,2830.08,566.016
U000286,5,2691.27,538.254
U005084,5,2683.37,536.674
U005632,5,2002.21,400.442
U007717,5,2392.2,478.43999999999994
U008957,5,3204.51,640.902
U005698,5,4363.62,872.7239999999999
U002329,5,3269.38,653.876
U004906,5,9538.69,1907.738
U007308,5,3575.75,715.15
U003939,5,4386.87,877.374
U007814,5,2700.64,540.1279999999999
U007785,5,3038.7400000000002,607.748
U001178,5,1075.69,215.138
U004853,5,2475.44,495.088
U004015,5,2363.29,472.658
U001131,5,2083.52,416.704
U002461,5,1774.67,354.934
U004818,5,2407.26,481.45200000000006
U005872,5,3777.56,755.512
U008162,5,1118.91,223.782
U006985,5,2322.77,464.554
U006498,5,2071.0099999999998,414.20199999999994
U000413,5,1467.17,293.434
U009818,5,6338.36,1267.672
U002417,5,2833.62,566.7239999999999
U009323,5,2154.0099999999998,430.80199999999996
U009334,5,1793.8,358.76
U001381,5,4066.28,813.2560000000001
U000219,5,754.68,150.93599999999998
U003550,5,2831.1600000000003,566.2320000000001
U003830,5,3202.31,640.462
U003838,5,3206.5,641.3
U006637,5,1658.44,331.688
U002034,5,2326.35,465.27
U007663,5,1620.64,324.12800000000004
U002128,5,751.01,150.202
U002047,5,2196.4700000000003,439.29400000000004
U002426,5,3063.37,612.674
U002399,5,2919.05,583.8100000000001
U001160,5,2882.7,576.54
U001170,5,1321.22,264.244
U003998,5,863.06,172.612
U000384,5,1500.0600000000002,300.01200000000006
U000391,5,2745.77,549.154
U000362,5,2326.39,465.27799999999996
U004008,5,3473.1500000000005,694.6300000000001
U009495,5,2692.3199999999997,538.4639999999999
U008755,5,3518.59,703.7180000000001
U004716,5,1008.13,201.626
U002465,5,2157.25,431.45
U005913,5,4068.5199999999995,813.704
U004023,5,2802.91,560.582
U009806,5,4153.75,830.75
U004732,5,4980.3099999999995,996.0619999999999
U004734,5,2607.63,521.5260000000001
U004735,5,2778.26,555.652
U002499,5,3385.05,677.01
U001081,5,6325.8099999999995,1265.1619999999998
U005117,5,2465.9700000000003,493.1940000000001
U005610,5,2236.77,447.354
U002002,5,3323.42,664.684
U002052,5,4118.39,823.6780000000001
U001525,5,4131.08,826.216
U001491,5,1902.06,380.412
U001492,5,2171.75,434.35
U009896,5,7511.26,1502.252
U002021,5,1031.0900000000001,206.21800000000002
U002028,5,1623.31,324.662
U005164,5,3499.0200000000004,699.8040000000001
U009291,5,4618.539999999999,923.7079999999999
U001470,5,2782.02,556.404
U002516,5,2085.88,417.17600000000004
U005900,5,2063.19,412.63800000000003
U001067,5,3811.56,762.312
U009813,5,1883.0500000000002,376.61
U009827,5,2407.13,481.42600000000004
U006999,5,3329.1299999999997,665.8259999999999
U007872,5,835.7900000000001,167.15800000000002
U008295,5,1251.5300000000002,250.30600000000004
U009903,5,10118.31,2023.6619999999998
U000218,5,2468.97,493.794
U002007,5,1991.91,398.382
U002013,5,964.65,192.93
U005161,5,1051.65,210.33
U009267,5,2642.4,528.48
U000456,5,4654.51,930.902
U000464,5,1804.59,360.918
U000435,5,1457.81,291.562
U000417,5,3841.7799999999997,768.356
U000481,5,6718.030000000001,1343.6060000000002
U002602,5,7169.76,1433.952
U008727,5,1345.43,269.086
U005191,5,2762.08,552.4159999999999
U005132,5,1691.69,338.338
U002644,5,1941.43,388.286
U007881,5,5086.66,1017.332
U007259,5,2613.03,522.606
U005936,5,432.06,86.412
U001041,5,3430.4300000000003,686.086
U004042,5,2429.23,485.846
U006446,5,4121.61,824.3219999999999
U009777,5,1694.79,338.95799999999997
U009780,5,1386.3200000000002,277.264
U009781,5,2347.76,469.552
U008431,5,1701.46,340.29200000000003
U008435,5,951.9200000000001,190.38400000000001
U008444,5,424.53,84.90599999999999
U008721,5,2392.37,478.474
U006921,5,3587.8199999999997,717.564
U000203,5,832.8599999999999,166.57199999999997
U001973,5,5846.22,1169.2440000000001
U005553,5,4266.46,853.292
U005554,5,3342.67,668.534
U005524,5,2601.41,520.2819999999999
U005529,5,2999.23,599.846
U000188,5,5359.41,1071.882
U006899,5,1810.63,362.12600000000003
U006901,5,1655.16,331.03200000000004
U004677,5,5535.26,1107.0520000000001
U008728,5,3321.3599999999997,664.2719999999999
U001021,5,2192.6600000000003,438.53200000000004
U009529,5,1400.16,280.03200000000004
U009799,5,2334.94,466.988
U004637,5,3507.51,701.5020000000001
U000998,5,5396.3,1079.26
U006000,5,3386.1499999999996,677.2299999999999
U006037,5,2801.59,560.318
U001028,5,3737.59,747.518
U000965,5,1449.17,289.834
U006048,5,2518.46,503.692
U008691,5,2554.7999999999997,510.9599999999999
U008694,5,764.52,152.904
U006403,5,3118.04,623.608
U006408,5,868.54,173.708
U006414,5,939.6800000000001,187.936
U006075,5,1284.6399999999999,256.928
U002679,5,570.03,114.006
U002630,5,4835.99,967.198
U000985,5,1704.6599999999999,340.93199999999996
U007596,5,1311.35,262.27
U007638,5,1255.05,251.01
U001927,5,1631.84,326.368
U005300,5,4517.62,903.524
U003637,5,6883.92,1376.784
U007605,5,2696.68,539.336
U009071,5,1976.29,395.258
U001565,5,982.24,196.448
U007625,5,3993.86,798.772
U000975,5,1525.6399999999999,305.128
U002659,5,7868.65,1573.73
U002660,5,3972.2200000000003,794.4440000000001
U002707,5,4662.549999999999,932.5099999999999
U002649,5,4993.48,998.6959999999999
U003210,5,4435.950000000001,887.1900000000002
U008449,5,3235.83,647.1659999999999
U009759,5,2605.4900000000002,521.0980000000001
U000510,5,4310.59,862.118
U000524,5,6342.0599999999995,1268.4119999999998
U004141,5,2113.66,422.73199999999997
U008472,5,3991.5699999999997,798.314
U006344,5,3034.17,606.8340000000001
U002688,5,1197.69,239.538
U002753,5,2709.08,541.816
U000888,5,3415.24,683.048
U000890,5,2761.66,552.332
U008088,5,4346.49,869.298
U008091,5,3422.86,684.572
U008095,5,2977.4900000000002,595.498
U006369,5,2093.17,418.634
U009754,5,2896.62,579.324
U003220,5,1716.8799999999999,343.376
U003223,5,3576.3,715.26
U006104,5,3579.8199999999997,715.9639999999999
U009073,5,3737.5299999999997,747.506
U001813,5,649.47,129.894
U001666,5,2246.02,449.204
U003675,5,701.7099999999999,140.34199999999998
U008256,5,1136.2,227.24
U001885,5,3942.95,788.5899999999999
U001886,5,3355.93,671.1859999999999
U009089,5,2830.94,566.188
U009094,5,1994.29,398.858
U009220,5,3796.27,759.254
U004475,5,3999.04,799.808
U004525,5,4400.08,880.016
U004531,5,4193.21,838.642
U004513,5,1202.16,240.43200000000002
U007913,5,2991.2400000000002,598.248
U006096,5,5671.98,1134.396
U004163,5,2715.56,543.112
U009689,5,4516.0,903.2
U007982,5,847.96,169.592
U000535,5,1409.86,281.972
U006124,5,5731.79,1146.358
U007166,5,4237.41,847.482
U007171,5,1929.28,385.856
U006319,5,1965.04,393.008
U000610,5,3730.1,746.02
U000570,5,1365.46,273.092
U007957,5,2708.73,541.746
U000858,5,326.74,65.348
U004439,5,2795.71,559.142
U002828,5,1522.37,304.474
U002768,5,4920.1,984.0200000000001
U009229,5,2572.7200000000003,514.5440000000001
U009244,5,1936.1100000000001,387.22200000000004
U000606,5,2514.73,502.946
U008011,5,2313.63,462.726
U002863,5,3095.8100000000004,619.162
U006173,5,2509.1600000000003,501.83200000000005
U006180,5,2115.08,423.01599999999996
U000815,5,2289.6400000000003,457.92800000000005
U004370,5,1707.1,341.41999999999996
U002773,5,4350.61,870.122
U000779,5,4050.69,810.138
U004438,5,2255.15,451.03000000000003
U002847,5,2197.7799999999997,439.5559999999999
U006166,5,3585.87,717.174
U007164,5,1726.13,345.226
U000573,5,734.34,146.868
U003122,5,3037.04,607.408
U006299,5,1351.67,270.334
U007521,5,1452.11,290.42199999999997
U009183,5,2976.55,595.3100000000001
U000121,5,3613.94,722.788
U009904,5,2547.04,509.408
U009935,5,3005.22,601.044
U007561,5,4691.55,938.3100000000001
U005481,5,2586.23,517.246
U005455,5,1109.06,221.81199999999998
U001676,5,2620.4700000000003,524.094
U002885,5,3288.7299999999996,657.7459999999999
U002853,5,1384.63,276.92600000000004
U006182,5,4456.849999999999,891.3699999999999
U007142,5,977.52,195.504
U000837,5,3717.83,743.566
U008058,5,3443.38,688.676
U003098,5,4065.92,813.184
U000638,5,3292.8099999999995,658.5619999999999
U004273,5,508.91,101.78200000000001
U000713,5,1755.8600000000001,351.172
U002870,5,3314.8199999999997,662.9639999999999
U000707,5,313.69,62.738
U004358,5,1809.81,361.962
U004367,5,1875.58,375.116
U008582,5,2746.14,549.228
U004383,5,4197.110000000001,839.4220000000001
U007103,5,4293.71,858.742
U000594,5,1747.74,349.548
U008534,5,2654.8199999999997,530.9639999999999
U004238,5,3201.43,640.286
U004211,5,1796.35,359.27
U006313,5,1660.21,332.04200000000003
U007518,5,2703.93,540.786
U008565,5,4531.53,906.3059999999999
U006242,5,2731.9500000000003,546.3900000000001
U006247,5,3530.3199999999997,706.064
U006255,5,2640.57,528.114
U000659,5,2576.19,515.238
U006845,5,2306.73,461.346
U006790,5,753.97,150.794
U005376,5,5324.0,1064.8
U009177,5,3621.2,724.24
U009179,5,2789.21,557.842
U009182,5,2463.43,492.686
U005401,5,3152.41,630.482
U000035,5,4178.87,835.774
U000042,5,1216.75,243.35
U005446,5,1310.51,262.102
U007532,5,3074.07,614.8140000000001
U008184,5,4860.37,972.074
U000299,5,2697.58,539.516
U004928,5,4490.62,898.124
U007762,5,1816.58,363.316
U007748,5,941.9699999999999,188.39399999999998
U000010,5,1631.68,326.336
U006851,5,4410.03,882.006
U006813,5,2918.01,583.6020000000001
U009987,5,4049.15,809.83
U000023,5,6134.9,1226.98
U006777,5,1975.46,395.092
U006783,5,4394.28,878.856
U006750,5,2832.75,566.55
U001795,5,2564.5,512.9
U008014,5,527.77,105.554
U008562,5,1376.53,275.306
U009942,4,3076.57,769.1425
U000038,4,4346.73,1086.6825
U008275,4,3257.4300000000003,814.3575000000001
U006755,4,1304.35,326.0875
U000107,4,900.8,225.2
U001768,4,580.01,145.0025
U001775,4,1125.31,281.3275
U005383,4,590.0500000000001,147.51250000000002
U005385,4,3222.5499999999997,805.6374999999999
U001733,4,828.4300000000001,207.10750000000002
U001734,4,1600.27,400.0675
U001736,4,1301.46,325.365
U005443,4,1886.09,471.5225
U005420,4,2555.39,638.8475
U009171,4,2320.5099999999998,580.1274999999999
U009190,4,6119.55,1529.8875
U001740,4,2213.92,553.48
U009931,4,13288.880000000001,3322.2200000000003
U003047,4,2591.3,647.825
U006268,4,3481.25,870.3125
U009666,4,1044.1200000000001,261.03000000000003
U009668,4,1544.74,386.185
U009681,4,4577.49,1144.3725
U004267,4,1442.1,360.525
U003009,4,460.09,115.0225
U003018,4,1924.1799999999998,481.04499999999996
U006257,4,4976.48,1244.12
U000725,4,1199.56,299.89
U000730,4,4872.18,1218.045
U002972,4,5883.26,1470.815
U002977,4,4226.21,1056.5525
U000056,4,840.08,210.02
U000032,4,4739.04,1184.76
U006848,4,2205.0,551.25
U008015,4,2982.42,745.605
U008553,4,2573.62,643.405
U002982,4,822.52,205.63
U000704,4,4290.29,1072.5725
U006229,4,2770.39,692.5975
U006230,4,617.2,154.3
U006235,4,4369.32,1092.33
U006237,4,639.95,159.9875
U006240,4,938.04,234.51
U000671,4,2325.21,581.3025
U002947,4,710.0,177.5
U000687,4,1139.07,284.7675
U000653,4,582.07,145.5175
U004247,4,1723.61,430.9025
U004253,4,3240.28,810.07
U004255,4,2500.05,625.0125
U008049,4,778.06,194.515
U008051,4,925.5699999999999,231.39249999999998
U004225,4,2574.08,643.52
U004226,4,5879.33,1469.8325
U008531,4,1832.1299999999999,458.03249999999997
U003019,4,2017.21,504.3025
U009687,4,2028.22,507.055
U000677,4,1154.95,288.7375
U004296,4,945.8499999999999,236.46249999999998
U004275,4,691.85,172.9625
U002925,4,2749.2,687.3
U002928,4,621.74,155.435
U002931,4,3600.2300000000005,900.0575000000001
U000717,4,4414.8,1103.7
U000754,4,861.12,215.28
U008013,4,1833.51,458.3775
U008037,4,4507.97,1126.9925
U008024,4,1722.1100000000001,430.52750000000003
U008025,4,2357.19,589.2975
U002960,4,1590.75,397.6875
U002961,4,2145.53,536.3825
U007115,4,2806.58,701.645
U007117,4,2969.87,742.4675
U006210,4,3386.43,846.6075
U000788,4,746.4100000000001,186.60250000000002
U009642,4,673.16,168.29
U000745,4,3516.92,879.23
U000747,4,1256.46,314.115
U007097,4,1711.8600000000001,427.96500000000003
U000669,4,3320.19,830.0475
U009697,4,1167.74,291.935
U008048,4,1822.79,455.6975
U004327,4,1113.92,278.48
U002937,4,2373.48,593.37
U002878,4,1110.92,277.73
U006186,4,1690.6,422.65
U006191,4,1946.63,486.6575
U007102,4,2151.29,537.8225
U008002,4,1217.27,304.3175
U008004,4,2637.9,659.475
U003072,4,2118.38,529.595
U003105,4,1382.5599999999997,345.63999999999993
U004227,4,2953.26,738.315
U004234,4,3538.24,884.56
U004204,4,940.2199999999999,235.05499999999998
U004206,4,3472.33,868.0825
U003030,4,2699.96,674.99
U008035,4,3677.83,919.4575
U003079,4,2021.3799999999999,505.34499999999997
U003082,4,5148.120000000001,1287.0300000000002
U004219,4,459.04999999999995,114.76249999999999
U008054,4,1925.67,481.4175
U000642,4,2274.44,568.61
U000650,4,911.5,227.875
U000620,4,1553.37,388.3425
U000621,4,463.78,115.945
U000618,4,192.32999999999998,48.082499999999996
U002913,4,257.39,64.3475
U002919,4,1091.86,272.965
U002924,4,740.0899999999999,185.02249999999998
U002856,4,1221.93,305.4825
U006196,4,2355.49,588.8725
U004393,4,1785.67,446.4175
U002871,4,2844.2000000000003,711.0500000000001
U007069,4,6290.85,1572.7125
U006302,4,2165.54,541.385
U006351,4,785.14,196.285
U004199,4,1359.84,339.96
U004419,4,2356.53,589.1325
U007975,4,2082.91,520.7275
U007978,4,1247.82,311.955
U004423,4,3044.71,761.1775
U006181,4,1461.2,365.3
U007144,4,1089.77,272.4425
U007151,4,2307.09,576.7725
U000841,4,860.29,215.0725
U000772,4,926.95,231.7375
U004201,4,2455.22,613.805
U003142,4,657.67,164.4175
U003144,4,4439.6,1109.9
U004446,4,1453.1399999999999,363.28499999999997
U004431,4,3726.8599999999997,931.7149999999999
U002834,4,2511.01,627.7525
U002836,4,4073.08,1018.27
U002841,4,955.49,238.8725
U002843,4,682.39,170.5975
U004453,4,1777.1399999999999,444.28499999999997
U006160,4,1626.19,406.5475
U007159,4,2966.07,741.5175
U009725,4,1299.79,324.9475
U003125,4,4504.200000000001,1126.0500000000002
U008488,4,7336.7300000000005,1834.1825000000001
U008496,4,1520.13,380.0325
U008504,4,442.45,110.6125
U008516,4,4640.3,1160.075
U007067,4,499.62,124.905
U003159,4,949.06,237.265
U004162,4,1629.0600000000002,407.26500000000004
U003145,4,1403.19,350.7975
U003147,4,992.77,248.1925
U006357,4,3780.96,945.24
U006323,4,1183.01,295.7525
U006328,4,3186.22,796.555
U006333,4,2626.82,656.705
U000796,4,1453.8300000000002,363.45750000000004
U007956,4,1835.8600000000001,458.96500000000003
U004420,4,1400.79,350.1975
U008600,4,191.67000000000002,47.917500000000004
U000829,4,6821.26,1705.315
U009598,4,458.23999999999995,114.55999999999999
U009627,4,2504.29,626.0725
U004443,4,1324.1799999999998,331.04499999999996
U000533,4,1143.6599999999999,285.91499999999996
U004479,4,3422.7999999999997,855.6999999999999
U004485,4,3923.5,980.875
U004486,4,2272.84,568.21
U004487,4,4268.85,1067.2125
U004463,4,1342.34,335.585
U002808,4,1361.3999999999999,340.34999999999997
U008613,4,2547.54,636.885
U008638,4,1476.94,369.235
U008646,4,3014.5299999999997,753.6324999999999
U006147,4,3445.05,861.2625
U006117,4,1057.64,264.41
U007947,4,1586.0,396.5
U008085,4,3673.05,918.2625
U004151,4,1635.79,408.9475
U003190,4,2895.44,723.86
U002788,4,3979.33,994.8325
U004520,4,1316.9299999999998,329.23249999999996
U004528,4,2186.6,546.65
U004530,4,5963.18,1490.795
U007924,4,1541.66,385.415
U007926,4,1519.24,379.81
U007194,4,2154.83,538.7075
U004136,4,1686.4099999999999,421.60249999999996
U004147,4,1374.32,343.58
U004121,4,2335.88,583.97
U004125,4,565.3,141.325
U008467,4,1194.76,298.69
U008471,4,790.06,197.515
U008068,4,1154.25,288.5625
U007055,4,1225.76,306.44
U009708,4,2246.74,561.685
U000568,4,586.65,146.6625
U003175,4,2128.6800000000003,532.1700000000001
U003178,4,1526.92,381.73
U003217,4,1956.49,489.1225
U006097,4,4668.38,1167.095
U006099,4,3947.02,986.755
U000909,4,1563.97,390.9925
U000886,4,3920.16,980.04
U000845,4,1120.4,280.1
U000846,4,2340.55,585.1375
U006103,4,3013.34,753.335
U006105,4,1409.92,352.48
U006085,4,3204.4,801.1
U006087,4,2451.57,612.8925
U000928,4,1571.6200000000001,392.90500000000003
U007933,4,2523.38,630.845
U002721,4,2948.13,737.0325
U002757,4,2581.92,645.48
U002722,4,2300.65,575.1625
U002695,4,2747.57,686.8925
U002699,4,735.0,183.75
U000906,4,3509.13,877.2825
U000927,4,2918.7799999999997,729.6949999999999
U006090,4,1007.0400000000001,251.76000000000002
U002701,4,905.6700000000001,226.41750000000002
U002731,4,3572.71,893.1775
U002734,4,1247.44,311.86
U008092,4,2640.4,660.1
U008099,4,2386.51,596.6275
U008480,4,2771.35,692.8375
U006367,4,5709.53,1427.3825
U006374,4,3546.64,886.66
U003209,4,4167.79,1041.9475
U009761,4,2930.5099999999998,732.6274999999999
U000545,4,641.36,160.34
U000492,4,803.3199999999999,200.82999999999998
U000496,4,1417.8600000000001,354.46500000000003
U008087,4,878.93,219.7325
U002740,4,2676.42,669.105
U002710,4,4495.990000000001,1123.9975000000002
U002711,4,2337.29,584.3225
U007912,4,2034.8700000000003,508.7175000000001
U008684,4,2781.5299999999997,695.3824999999999
U007206,4,4412.45,1103.1125
U009578,4,1670.5,417.625
U004566,4,1933.93,483.4825
U004569,4,1805.21,451.3025
U004550,4,3978.0,994.5
U004629,4,2294.13,573.5325
U007899,4,1616.28,404.07
U007901,4,5685.54,1421.385
U007906,4,1116.75,279.1875
U004558,4,302.46999999999997,75.61749999999999
U008669,4,1526.07,381.5175
U002657,4,2118.65,529.6625
U000959,4,1659.72,414.93
U009545,4,3171.1,792.775
U009553,4,1114.34,278.585
U009557,4,1589.14,397.285
U006435,4,2967.4,741.85
U003240,4,1700.43,425.1075
U003242,4,779.58,194.895
U003243,4,3961.6800000000003,990.4200000000001
U008454,4,2239.85,559.9625
U003227,4,1600.8799999999999,400.21999999999997
U003273,4,1946.84,486.71
U003275,4,3658.48,914.62
U003276,4,336.32,84.08
U003244,4,1256.88,314.22
U003247,4,5741.83,1435.4575
U004098,4,876.88,219.22
U003234,4,1107.82,276.955
U006067,4,2662.5299999999997,665.6324999999999
U006072,4,4762.24,1190.56
U004575,4,7430.27,1857.5675
U004581,4,772.52,193.13
U004594,4,4903.84,1225.96
U002684,4,2823.1099999999997,705.7774999999999
U000978,4,1371.05,342.7625
U000952,4,681.45,170.3625
U004687,4,1311.97,327.9925
U004657,4,1375.42,343.855
U005997,4,1291.42,322.855
U005967,4,3988.3199999999997,997.0799999999999
U001036,4,1679.1299999999999,419.78249999999997
U004609,4,1241.6399999999999,310.40999999999997
U002669,4,716.74,179.185
U007880,4,3376.91,844.2275
U006005,4,5934.21,1483.5525
U006011,4,1663.4799999999998,415.86999999999995
U005992,4,1015.23,253.8075
U006045,4,1375.1,343.775
U007890,4,4612.95,1153.2375
U008463,4,4027.27,1006.8175
U008464,4,2267.18,566.795
U008466,4,1445.67,361.4175
U003262,4,1664.52,416.13
U003265,4,1067.38,266.845
U003266,4,1579.21,394.8025
U004078,4,374.24,93.56
U004055,4,1218.98,304.745
U004058,4,3055.06,763.765
U000518,4,2015.2800000000002,503.82000000000005
U000484,4,3434.1200000000003,858.5300000000001
U008113,4,2560.79,640.1975
U003290,4,1195.44,298.86
U008702,4,1561.36,390.34
U008706,4,1499.9099999999999,374.97749999999996
U004671,4,1395.83,348.9575
U004638,4,1309.1299999999999,327.28249999999997
U002634,4,2530.86,632.715
U002635,4,1720.46,430.115
U004045,4,579.9699999999999,144.99249999999998
U004061,4,1722.22,430.555
U004062,4,2774.4700000000003,693.6175000000001
U009778,4,2198.24,549.56
U006465,4,927.2,231.8
U001040,4,2122.69,530.6725
U004668,4,1105.33,276.3325
U008710,4,1328.7,332.175
U008717,4,1659.63,414.9075
U001018,4,2243.46,560.865
U009525,4,4796.17,1199.0425
U005968,4,1900.8300000000002,475.20750000000004
U009543,4,3269.88,817.47
U008733,4,3354.49,838.6225
U003330,4,505.82,126.455
U003335,4,5155.360000000001,1288.8400000000001
U006439,4,1596.67,399.1675
U000482,4,4873.740000000001,1218.4350000000002
U009793,4,1121.41,280.3525
U006490,4,2253.28,563.32
U006988,4,3326.5600000000004,831.6400000000001
U003316,4,3792.67,948.1675
U002549,4,1429.4,357.35
U002586,4,3300.74,825.185
U004684,4,610.95,152.7375
U002533,4,4684.59,1171.1475
U007261,4,2406.7,601.675
U005931,4,603.05,150.7625
U001043,4,3561.22,890.305
U001046,4,4298.49,1074.6225
U004063,4,772.51,193.1275
U004043,4,661.9599999999999,165.48999999999998
U007278,4,3152.81,788.2025
U007282,4,3958.59,989.6475
U009493,4,3530.88,882.72
U009497,4,4333.48,1083.37
U001048,4,709.47,177.3675
U002540,4,868.19,217.0475
U004695,4,5048.61,1262.1525
U004706,4,2762.0,690.5
U004707,4,1293.3999999999999,323.34999999999997
U004674,4,1338.3200000000002,334.58000000000004
U001053,4,578.08,144.52
U001094,4,3385.64,846.41
U001099,4,2022.16,505.54
U005952,4,1849.11,462.2775
U006469,4,10953.18,2738.295
U007019,4,764.3100000000001,191.07750000000001
U003375,4,3411.5,852.875
U003339,4,3450.95,862.7375
U003342,4,3591.69,897.9225
U003347,4,3387.05,846.7625
U003348,4,2069.3199999999997,517.3299999999999
U003349,4,772.2,193.05
U003307,4,4135.04,1033.76
U006457,4,410.49,102.6225
U000453,4,2867.02,716.755
U004719,4,545.46,136.365
U004723,4,2399.15,599.7875
U007856,4,2541.58,635.395
U007871,4,2910.23,727.5575
U002497,4,1274.2600000000002,318.56500000000005
U007836,4,1636.13,409.0325
U007274,4,4369.889999999999,1092.4724999999999
U001142,4,2357.66,589.415
U001144,4,3938.08,984.52
U001145,4,2465.51,616.3775
U007838,4,2027.9700000000003,506.99250000000006
U008742,4,2838.1600000000003,709.5400000000001
U008744,4,4001.0499999999997,1000.2624999999999
U008758,4,2699.21,674.8025
U002490,4,1398.1999999999998,349.54999999999995
U002491,4,1129.22,282.305
U002456,4,817.08,204.27
U005929,4,3502.69,875.6725
U005894,4,1796.33,449.0825
U005899,4,515.24,128.81
U001066,4,1184.5700000000002,296.14250000000004
U009812,4,4287.1900000000005,1071.7975000000001
U003326,4,736.25,184.0625
U003365,4,4229.92,1057.48
U008406,4,879.87,219.9675
U008408,4,1365.91,341.4775
U008420,4,7166.21,1791.5525
U000427,4,1672.5500000000002,418.13750000000005
U000401,4,1558.05,389.5125
U009801,4,1652.19,413.0475
U009809,4,741.86,185.465
U001071,4,1046.31,261.5775
U004736,4,5605.75,1401.4375
U002502,4,1903.73,475.9325
U002436,4,1262.68,315.67
U002438,4,775.79,193.9475
U001135,4,2285.98,571.495
U001102,4,1006.89,251.7225
U001139,4,3960.1099999999997,990.0274999999999
U009504,4,957.94,239.485
U009505,4,1419.44,354.86
U002441,4,4544.1,1136.025
U002445,4,1755.6399999999999,438.90999999999997
U008765,4,2160.02,540.005
U008768,4,4351.33,1087.8325
U008771,4,3328.24,832.06
U004772,4,3071.01,767.7525
U001123,4,2835.77,708.9425
U005877,4,526.7,131.675
U005878,4,1614.1999999999998,403.54999999999995
U005891,4,4102.33,1025.5825
U003411,4,5395.73,1348.9325
U003351,4,722.6700000000001,180.66750000000002
U008123,4,3897.98,974.495
U003384,4,1578.55,394.6375
U004030,4,5452.150000000001,1363.0375000000001
U004033,4,2164.16,541.04
U006503,4,1816.3500000000001,454.08750000000003
U006506,4,2117.3599999999997,529.3399999999999
U006477,4,4459.39,1114.8475
U001132,4,3350.1000000000004,837.5250000000001
U004746,4,2833.34,708.335
U004749,4,1210.1399999999999,302.53499999999997
U002466,4,1229.51,307.3775
U002469,4,1870.57,467.6425
U002429,4,1444.3899999999999,361.09749999999997
U002431,4,804.1099999999999,201.02749999999997
U007293,4,1918.79,479.6975
U007298,4,798.54,199.635
U001153,4,1725.72,431.43
U001117,4,3288.0899999999997,822.0224999999999
U003995,4,2450.9900000000002,612.7475000000001
U008159,4,2903.49,725.8725
U006972,4,4239.6,1059.9
U009826,4,1798.85,449.7125
U000371,4,492.0,123.0
U003431,4,1837.43,459.3575
U008784,4,3614.87,903.7175
U004802,4,2479.67,619.9175
U007829,4,593.7,148.425
U007831,4,2894.87,723.7175
U007834,4,1593.02,398.255
U007835,4,1540.05,385.0125
U001157,4,3497.59,874.3975
U001161,4,2982.1499999999996,745.5374999999999
U003432,4,2539.74,634.935
U003394,4,2133.56,533.39
U001195,4,2303.7599999999998,575.9399999999999
U001235,4,817.94,204.485
U009474,4,2640.3,660.075
U001205,4,957.36,239.34
U009459,4,1088.58,272.145
U004814,4,3705.2200000000003,926.3050000000001
U008806,4,2380.21,595.0525
U008807,4,3204.75,801.1875
U002383,4,1781.0600000000002,445.26500000000004
U002381,4,5153.1,1288.275
U005838,4,2151.57,537.8925
U005845,4,3038.94,759.735
U005850,4,2658.37,664.5925
U005853,4,1584.42,396.105
U003407,4,2879.0599999999995,719.7649999999999
U003987,4,1949.2600000000002,487.31500000000005
U003435,4,5558.19,1389.5475
U003439,4,4811.219999999999,1202.8049999999998
U003966,4,1543.74,385.935
U003399,4,2758.5299999999997,689.6324999999999
U003400,4,2404.33,601.0825
U000352,4,785.41,196.3525
U000390,4,1027.25,256.8125
U000331,4,1485.06,371.265
U000336,4,1860.6000000000001,465.15000000000003
U001189,4,659.26,164.815
U001191,4,3126.2599999999998,781.5649999999999
U007805,4,894.29,223.5725
U007813,4,2941.86,735.465
U004806,4,2462.6099999999997,615.6524999999999
U002392,4,1175.78,293.945
U001193,4,3088.07,772.0175
U003948,4,3559.33,889.8325
U006516,4,7608.31,1902.0775
U006519,4,902.24,225.56
U006526,4,682.5,170.625
U003971,4,3546.4799999999996,886.6199999999999
U003972,4,2683.88,670.97
U004856,4,1031.01,257.7525
U004894,4,2000.9499999999998,500.23749999999995
U004861,4,1405.53,351.3825
U002356,4,1677.91,419.4775
U002362,4,4206.23,1051.5575
U004900,4,4758.61,1189.6525
U007316,4,1085.92,271.48
U003474,4,2053.87,513.4675
U008168,4,1547.75,386.9375
U003414,4,1456.3400000000001,364.08500000000004
U009420,4,2223.54,555.885
U009429,4,675.51,168.8775
U005819,4,1337.87,334.4675
U001260,4,2376.91,594.2275
U002344,4,2204.98,551.245
U008856,4,1379.72,344.93
U008870,4,5483.29,1370.8225
U005825,4,5189.37,1297.3425
U005828,4,1784.64,446.16
U005830,4,1223.54,305.885
U009440,4,1810.43,452.6075
U009448,4,2669.62,667.405
U008364,4,1537.28,384.32
U008366,4,1454.38,363.595
U003496,4,3234.31,808.5775
U003459,4,1616.38,404.095
U000272,4,3601.3199999999997,900.3299999999999
U006600,4,2938.55,734.6375
U006557,4,3644.39,911.0975
U006565,4,5168.95,1292.2375
U006538,4,2078.25,519.5625
U006539,4,1707.97,426.9925
U000295,4,617.52,154.38
U008884,4,340.89,85.2225
U002321,4,3213.16,803.29
U002260,4,2226.2599999999998,556.5649999999999
U002264,4,1605.11,401.2775
U001249,4,1745.5900000000001,436.39750000000004
U005808,4,1354.99,338.7475
U005784,4,4042.13,1010.5325
U001274,4,796.75,199.1875
U001264,4,914.89,228.7225
U008338,4,2503.62,625.905
U008344,4,1511.18,377.795
U008354,4,1887.8500000000001,471.96250000000003
U008359,4,553.5799999999999,138.39499999999998
U006962,4,2016.4,504.1
U007777,4,912.73,228.1825
U007754,4,3062.0899999999997,765.5224999999999
U007756,4,4740.78,1185.195
U004918,4,946.78,236.695
U002278,4,3961.7200000000003,990.4300000000001
U002286,4,3494.77,873.6925
U004937,4,4500.51,1125.1275
U007357,4,824.5,206.125
U005760,4,5434.68,1358.67
U009840,4,3262.31,815.5775
U009866,4,3129.7700000000004,782.4425000000001
U003558,4,2071.78,517.945
U003528,4,1874.1899999999998,468.54749999999996
U001293,4,5030.4400000000005,1257.6100000000001
U009403,4,2919.83,729.9575
U004947,4,5231.37,1307.8425
U002270,4,1412.55,353.1375
U008890,4,3161.3199999999997,790.3299999999999
U008892,4,3434.33,858.5825
U008913,4,3990.19,997.5475
U001341,4,1375.21,343.8025
U006582,4,2459.36,614.84
U000321,4,1846.8,461.7
U008185,4,3572.87,893.2175
U008188,4,2495.27,623.8175
U008192,4,1883.49,470.8725
U003902,4,3723.92,930.98
U007394,4,1942.52,485.63
U007400,4,2151.93,537.9825
U007369,4,1315.54,328.885
U001309,4,2925.82,731.455
U001311,4,2255.39,563.8475
U001282,4,976.97,244.2425
U001283,4,1661.31,415.3275
U005792,4,2549.75,637.4375
U005724,4,1937.21,484.3025
U005703,4,2306.5,576.625
U001353,4,1926.5700000000002,481.64250000000004
U002240,4,2344.83,586.2075
U002210,4,4233.27,1058.3175
U006934,4,1638.2199999999998,409.55499999999995
U003909,4,2593.79,648.4475
U003882,4,4676.49,1169.1225
U003564,4,2092.86,523.215
U003565,4,986.62,246.655
U003905,4,5223.34,1305.835
U003906,4,1299.27,324.8175
U000262,4,4977.379999999999,1244.3449999999998
U006618,4,3792.3,948.075
U006596,4,6141.87,1535.4675
U002189,4,1196.55,299.1375
U004983,4,4138.110000000001,1034.5275000000001
U004985,4,2301.53,575.3825
U004989,4,2255.0,563.75
U008906,4,482.13,120.5325
U002184,4,5093.110000000001,1273.2775000000001
U007383,4,2151.02,537.755
U007391,4,1898.2800000000002,474.57000000000005
U007392,4,3284.6000000000004,821.1500000000001
U005694,4,492.38000000000005,123.09500000000001
U007688,4,5448.83,1362.2075
U007738,4,1984.9,496.225
U004977,4,3848.76,962.19
U004978,4,6168.67,1542.1675
U005699,4,3553.9,888.475
U009367,4,5101.280000000001,1275.3200000000002
U009378,4,863.52,215.88
U009380,4,993.03,248.2575
U009393,4,1959.58,489.895
U008943,4,3448.79,862.1975
U002152,4,292.47,73.1175
U002153,4,1870.9399999999998,467.73499999999996
U000234,4,7153.88,1788.47
U003867,4,877.05,219.2625
U003877,4,1307.69,326.9225
U008949,4,2115.85,528.9625
U005627,4,882.99,220.7475
U005629,4,2691.32,672.83
U005635,4,847.48,211.87
U001424,4,508.90999999999997,127.22749999999999
U005045,4,2058.9,514.725
U007712,4,5704.45,1426.1125
U005021,4,1168.19,292.0475
U005025,4,2465.17,616.2925
U004992,4,926.21,231.5525
U004996,4,231.18,57.795
U004999,4,1899.05,474.7625
U008927,4,391.75,97.9375
U008954,4,1766.6200000000001,441.65500000000003
U007410,4,849.9599999999999,212.48999999999998
U007414,4,1906.96,476.74
U008202,4,3092.7300000000005,773.1825000000001
U008207,4,1614.37,403.5925
U008209,4,2112.4300000000003,528.1075000000001
U003846,4,2358.12,589.53
U003530,4,486.75,121.6875
U006604,4,373.69000000000005,93.42250000000001
U000280,4,6495.07,1623.7675
U000282,4,677.99,169.4975
U000288,4,1290.54,322.635
U000289,4,3339.91,834.9775
U007701,4,1977.74,494.435
U002150,4,1319.95,329.9875
U002110,4,1200.8999999999999,300.22499999999997
U005082,4,5331.38,1332.845
U005058,4,2946.0,736.5
U005060,4,1253.24,313.31
U005618,4,4049.4400000000005,1012.3600000000001
U005625,4,2337.26,584.315
U005597,4,2157.29,539.3225
U005602,4,3283.45,820.8625
U009316,4,2916.02,729.005
U001469,4,1021.98,255.495
U007682,4,4648.61,1162.1525
U002058,4,867.51,216.8775
U008966,4,1931.18,482.795
U008971,4,1511.64,377.91
U005124,4,1820.94,455.235
U005128,4,1508.72,377.18
U005644,4,1520.34,380.085
U007432,4,2428.16,607.04
U009326,4,4766.26,1191.565
U000192,4,1445.8,361.45
U003862,4,1981.5,495.375
U003842,4,2650.92,662.73
U003577,4,2444.02,611.005
U003544,4,1629.5,407.375
U003547,4,3146.67,786.6675
U000206,4,7260.030000000001,1815.0075000000002
U000264,4,800.31,200.0775
U009868,4,3184.7599999999998,796.1899999999999
U009871,4,944.9100000000001,236.22750000000002
U009876,4,1156.62,289.155
U001383,4,1205.52,301.38
U005103,4,1287.94,321.985
U005105,4,3275.6800000000003,818.9200000000001
U002089,4,2660.2200000000003,665.0550000000001
U002090,4,2474.19,618.5475
U005616,4,1774.47,443.6175
U001432,4,1662.1,415.525
U001438,4,1966.6600000000003,491.6650000000001
U007667,4,1183.52,295.88
U008980,4,1571.19,392.7975
U008988,4,2276.01,569.0025
U008998,4,1744.01,436.0025
U009005,4,2297.0499999999997,574.2624999999999
U001449,4,1201.78,300.445
U001452,4,2331.05,582.7625
U005606,4,2207.8,551.95
U007434,4,3422.23,855.5575
U007442,4,707.73,176.9325
U005573,4,3224.79,806.1975
U009900,4,1537.05,384.2625
U009902,4,1532.93,383.2325
U003853,4,2166.12,541.53
U003631,4,1076.76,269.19
U003636,4,3827.47,956.8675
U003602,4,2170.8199999999997,542.7049999999999
U008326,4,1533.92,383.48
U008335,4,2944.4100000000003,736.1025000000001
U000202,4,1182.77,295.6925
U006649,4,1817.74,454.435
U006627,4,2812.4599999999996,703.1149999999999
U006630,4,1935.38,483.845
U006635,4,2290.33,572.5825
U002020,4,648.63,162.1575
U002027,4,4352.3,1088.075
U009299,4,932.15,233.0375
U001513,4,2035.18,508.795
U009282,4,2279.67,569.9175
U009292,4,2311.32,577.83
U001479,4,3930.74,982.685
U005136,4,2954.8,738.7
U005146,4,2461.24,615.31
U002039,4,2747.17,686.7925
U009001,4,4677.65,1169.4125
U009016,4,2100.0,525.0
U009026,4,2543.29,635.8225
U005585,4,905.87,226.4675
U005560,4,361.07,90.2675
U001529,4,628.49,157.1225
U009030,4,1574.29,393.5725
U001968,4,1584.63,396.1575
U006686,4,1435.3200000000002,358.83000000000004
U003817,4,1874.76,468.69
U003820,4,1544.03,386.0075
U003630,4,1393.53,348.3825
U003796,4,2472.22,618.055
U003801,4,1636.84,409.21
U008299,4,2628.6,657.15
U003811,4,1668.1,417.025
U008313,4,412.96,103.24
U006642,4,2679.15,669.7875
U006644,4,2193.0600000000004,548.2650000000001
U006645,4,1807.78,451.945
U000161,4,1934.21,483.5525
U001988,4,1861.5900000000001,465.39750000000004
U009046,4,1942.04,485.51
U009049,4,859.5,214.875
U007457,4,1558.3,389.575
U007465,4,5583.6,1395.9
U009266,4,876.4200000000001,219.10500000000002
U009270,4,3512.83,878.2075
U005544,4,1214.12,303.53
U007639,4,4775.25,1193.8125
U005156,4,4765.16,1191.29
U001935,4,6637.7,1659.425
U005180,4,5171.030000000001,1292.7575000000002
U005183,4,1500.55,375.1375
U005187,4,3194.62,798.655
U001983,4,5733.03,1433.2575
U000160,4,2364.5299999999997,591.1324999999999
U006926,4,2859.5299999999997,714.8824999999999
U000204,4,1505.8700000000001,376.46750000000003
U009887,4,4334.04,1083.51
U009892,4,3033.65,758.4125
U006698,4,2252.55,563.1375
U008229,4,585.9,146.475
U008230,4,425.93,106.4825
U001563,4,520.31,130.0775
U001608,4,871.04,217.76
U009240,4,835.35,208.8375
U009242,4,1779.8100000000002,444.95250000000004
U001919,4,2109.7799999999997,527.4449999999999
U001568,4,794.84,198.71
U001502,4,2726.19,681.5475
U001509,4,2113.13,528.2825
U007613,4,2132.97,533.2425
U007617,4,663.09,165.7725
U007626,4,1518.39,379.5975
U005195,4,1161.94,290.485
U005265,4,2499.46,624.865
U005537,4,1785.71,446.4275
U005538,4,299.09999999999997,74.77499999999999
U007484,4,6426.19,1606.5475
U003782,4,3135.2,783.8
U003784,4,2937.33,734.3325
U003792,4,1297.05,324.2625
U003610,4,4908.65,1227.1625
U008219,4,793.65,198.4125
U006673,4,4970.37,1242.5925
U006680,4,1795.02,448.755
U000172,4,3196.81,799.2025
U000175,4,3955.1300000000006,988.7825000000001
U000183,4,6193.0,1548.25
U001938,4,2505.34,626.335
U009060,4,3561.87,890.4675
U009061,4,2735.45,683.8625
U005279,4,8906.970000000001,2226.7425000000003
U001578,4,3530.5,882.625
U001560,4,1904.94,476.235
U005496,4,2792.84,698.21
U001646,4,6487.94,1621.985
U001854,4,4799.02,1199.755
U007583,4,3880.7099999999996,970.1774999999999
U005269,4,6348.2300000000005,1587.0575000000001
U001871,4,2706.06,676.515
U009257,4,4879.78,1219.945
U001613,4,1919.23,479.8075
U001620,4,1750.02,437.505
U001626,4,878.3299999999999,219.58249999999998
U001599,4,4065.1,1016.275
U005314,4,2200.98,550.245
U005317,4,1364.36,341.09
U006735,4,1434.25,358.5625
U003779,4,2692.7200000000003,673.1800000000001
U003781,4,1035.07,258.7675
U003744,4,1995.21,498.8025
U003750,4,3516.65,879.1625
U003755,4,4849.17,1212.2925
U003681,4,1288.44,322.11
U003682,4,1126.8400000000001,281.71000000000004
U006908,4,1272.83,318.2075
U006911,4,2159.65,539.9125
U006694,4,814.97,203.7425
U006696,4,7369.37,1842.3425
U005320,4,835.46,208.865
U007566,4,2656.66,664.165
U005284,4,2066.45,516.6125
U005288,4,513.5,128.375
U009097,4,2167.15,541.7875
U001824,4,610.78,152.695
U005492,4,3472.99,868.2475
U001680,4,3344.02,836.005
U009243,4,1591.1799999999998,397.79499999999996
U009247,4,1670.21,417.5525
U005334,4,1236.8400000000001,309.21000000000004
U005304,4,2944.6299999999997,736.1574999999999
U001861,4,6417.639999999999,1604.4099999999999
U001865,4,1134.41,283.6025
U009127,4,4729.030000000001,1182.2575000000002
U007550,4,3629.41,907.3525
U007493,4,1896.6799999999998,474.16999999999996
U007499,4,1098.22,274.555
U005516,4,1442.5800000000002,360.64500000000004
U003704,4,1327.77,331.9425
U003650,4,2033.57,508.3925
U003770,4,401.67999999999995,100.41999999999999
U003773,4,1084.31,271.0775
U000131,4,1138.86,284.715
U000078,4,2131.08,532.77
U006771,4,1086.62,271.655
U006722,4,4388.8099999999995,1097.2024999999999
U009910,4,3458.75,864.6875
U009913,4,802.64,200.66
U009916,4,973.35,243.3375
U009941,4,578.96,144.74
U003669,4,2812.63,703.1575
U007555,4,1798.58,449.645
U007558,4,965.52,241.38
U005323,4,2009.1399999999999,502.28499999999997
U001838,4,3627.34,906.835
U009137,4,2339.95,584.9875
U001631,4,1550.6599999999999,387.66499999999996
U001678,4,5244.530000000001,1311.1325000000002
U005338,4,2705.53,676.3825
U005346,4,541.5799999999999,135.39499999999998
U005353,4,1900.77,475.1925
U009149,4,4189.51,1047.3775
U009150,4,4935.85,1233.9625
U009193,4,5376.219999999999,1344.0549999999998
U001713,4,1989.5499999999997,497.38749999999993
U001692,4,968.42,242.105
U001782,4,5214.16,1303.54
U001784,4,3212.58,803.145
U001785,4,2928.97,732.2425
U001810,4,2750.3100000000004,687.5775000000001
U007512,4,332.07000000000005,83.01750000000001
U007522,4,1105.8,276.45
U007525,4,2131.95,532.9875
U006885,4,1974.6999999999998,493.67499999999995
U006823,4,4994.320000000001,1248.5800000000002
U003724,4,1994.59,498.6475
U003731,4,2019.43,504.8575
U003735,4,880.25,220.0625
U003739,4,2881.04,720.26
U003711,4,6772.0,1693.0
U003713,4,1908.46,477.115
U003686,4,3730.7799999999997,932.6949999999999
U003661,4,1421.74,355.435
U000079,4,542.65,135.6625
U006763,4,3724.2299999999996,931.0574999999999
U006765,4,2909.22,727.305
U009184,4,3009.8700000000003,752.4675000000001
U009206,4,2806.16,701.54
U009212,4,2691.58,672.895
U005375,4,2023.76,505.94
U000036,4,4910.55,1227.6375
U009950,4,4778.799999999999,1194.6999999999998
U000044,4,4098.35,1024.5875
U006811,4,790.52,197.63
U009989,4,2829.5899999999997,707.3974999999999
U009990,4,4219.12,1054.78
U008283,4,1832.6599999999999,458.16499999999996
U000021,4,390.65,97.6625
U006853,4,2447.13,611.7825
U000002,4,1808.15,452.0375
U006874,4,3761.4900000000002,940.3725000000001
U000082,4,3462.52,865.63
U000083,4,3190.13,797.5325
U000084,4,3012.96,753.24
U003718,4,8164.62,2041.155
U008269,4,2296.05,574.0125
U006831,4,779.18,194.795
U009959,4,459.96,114.99
U009969,4,4080.7,1020.175
U009970,4,1815.23,453.8075
U006806,4,1101.47,275.3675
U008264,4,5348.54,1337.135
U008267,4,1403.57,350.8925
U006862,4,2052.45,513.1125
U006864,4,7292.34,1823.085
U007536,4,1523.4499999999998,380.86249999999995
U001778,4,2523.89,630.9725
U005423,4,2245.54,561.385
U005426,4,3163.9700000000003,790.9925000000001
U001757,4,1859.99,464.9975
U001758,4,2599.88,649.97
U005437,4,3032.9,758.225
U000053,3,659.86,219.95333333333335
U006858,3,1287.86,429.28666666666663
U009981,3,3202.0,1067.3333333333333
U000022,3,2098.0299999999997,699.3433333333332
U000020,3,521.96,173.98666666666668
U003691,3,876.5,292.1666666666667
U003690,3,2569.21,856.4033333333333
U003689,3,885.1,295.03333333333336
U008282,3,826.6,275.53333333333336
U006749,3,301.21,100.40333333333332
U006751,3,3868.2999999999997,1289.4333333333332
U006759,3,297.66,99.22000000000001
U000111,3,2106.75,702.25
U006814,3,1200.48,400.16
U006817,3,6616.59,2205.53
U003726,3,1066.0600000000002,355.3533333333334
U003730,3,1368.25,456.0833333333333
U003737,3,3372.51,1124.17
U003716,3,1447.78,482.5933333333333
U003656,3,1847.14,615.7133333333334
U003663,3,4636.57,1545.5233333333333
U006891,3,1501.8600000000001,500.62000000000006
U006892,3,1642.62,547.54
U000120,3,1164.73,388.24333333333334
U000096,3,1258.4099999999999,419.46999999999997
U001759,3,533.6,177.86666666666667
U005444,3,4446.67,1482.2233333333334
U005412,3,4070.83,1356.9433333333334
U005413,3,848.83,282.9433333333333
U005415,3,842.03,280.6766666666667
U009167,3,2296.51,765.5033333333334
U009168,3,758.6800000000001,252.89333333333335
U009176,3,2441.06,813.6866666666666
U009186,3,1234.5,411.5
U009187,3,266.38,88.79333333333334
U009189,3,3858.98,1286.3266666666666
U007528,3,141.88,47.29333333333333
U007529,3,2069.61,689.87
U007530,3,1244.15,414.7166666666667
U007538,3,2483.35,827.7833333333333
U007541,3,2386.54,795.5133333333333
U009195,3,1839.46,613.1533333333333
U001668,3,2117.46,705.82
U001670,3,908.56,302.8533333333333
U001712,3,1070.71,356.90333333333336
U001714,3,1235.21,411.7366666666667
U001686,3,405.18,135.06
U001658,3,545.8199999999999,181.93999999999997
U001665,3,962.9,320.96666666666664
U005463,3,760.15,253.38333333333333
U009162,3,1502.1,500.7
U009165,3,2210.23,736.7433333333333
U001744,3,1392.1699999999998,464.0566666666666
U001749,3,1923.6799999999998,641.2266666666666
U001788,3,1554.8600000000001,518.2866666666667
U001792,3,2170.02,723.34
U001762,3,2625.11,875.0366666666667
U007516,3,917.32,305.77333333333337
U007520,3,481.8,160.6
U005431,3,970.2199999999999,323.40666666666664
U001700,3,861.65,287.21666666666664
U009205,3,1200.1100000000001,400.0366666666667
U009209,3,2030.28,676.76
U005358,3,1690.5,563.5
U005369,3,1798.49,599.4966666666667
U005341,3,231.20999999999998,77.07
U005342,3,618.83,206.27666666666667
U005348,3,2368.28,789.4266666666667
U005350,3,330.22999999999996,110.07666666666665
U009131,3,194.48,64.82666666666667
U009147,3,2307.27,769.09
U009158,3,3481.9999999999995,1160.6666666666665
U009192,3,1103.74,367.91333333333336
U009133,3,1484.03,494.6766666666667
U009141,3,859.11,286.37
U005475,3,686.62,228.87333333333333
U005451,3,1273.54,424.5133333333333
U005454,3,718.26,239.42
U001654,3,1383.45,461.15000000000003
U009233,3,2736.7000000000003,912.2333333333335
U009236,3,716.06,238.68666666666664
U009238,3,3189.35,1063.1166666666666
U009143,3,739.4599999999999,246.48666666666665
U001803,3,1133.77,377.92333333333335
U001808,3,1949.93,649.9766666666667
U005390,3,2007.95,669.3166666666667
U005391,3,315.07,105.02333333333333
U005394,3,394.53,131.51
U007510,3,178.94,59.64666666666667
U007498,3,505.76,168.58666666666667
U007500,3,6708.41,2236.1366666666668
U007502,3,850.71,283.57
U005466,3,168.64000000000001,56.21333333333334
U005473,3,3237.67,1079.2233333333334
U005474,3,2246.2799999999997,748.7599999999999
U009200,3,1153.3200000000002,384.44000000000005
U009203,3,3304.38,1101.46
U005514,3,1743.6399999999999,581.2133333333333
U005488,3,937.85,312.6166666666667
U007551,3,833.1399999999999,277.7133333333333
U007553,3,2389.4900000000002,796.4966666666668
U005324,3,2906.09,968.6966666666667
U001840,3,731.43,243.80999999999997
U001843,3,8510.87,2836.956666666667
U009132,3,2760.18,920.06
U005500,3,903.81,301.27
U005502,3,938.0,312.6666666666667
U005504,3,1989.62,663.2066666666666
U009221,3,664.8299999999999,221.60999999999999
U009228,3,2079.7,693.2333333333332
U009246,3,5870.04,1956.68
U005325,3,2164.48,721.4933333333333
U005326,3,542.75,180.91666666666666
U005328,3,614.29,204.76333333333332
U005330,3,3499.26,1166.42
U005332,3,597.9599999999999,199.31999999999996
U005306,3,1648.44,549.48
U005308,3,1317.25,439.0833333333333
U005313,3,1022.1,340.7
U007547,3,2302.82,767.6066666666667
U007491,3,512.97,170.99
U009107,3,397.44,132.48
U009113,3,2801.75,933.9166666666666
U009114,3,2166.62,722.2066666666666
U009253,3,1944.5900000000001,648.1966666666667
U009258,3,3314.6800000000003,1104.8933333333334
U001590,3,2201.6,733.8666666666667
U001594,3,2523.14,841.0466666666666
U001598,3,541.65,180.54999999999998
U001604,3,2312.02,770.6733333333333
U005507,3,759.24,253.08
U001572,3,1133.49,377.83
U009096,3,1216.82,405.6066666666666
U001844,3,2698.38,899.46
U001827,3,637.1800000000001,212.39333333333335
U005489,3,1874.47,624.8233333333334
U005499,3,1225.6599999999999,408.5533333333333
U001923,3,2001.43,667.1433333333333
U009069,3,146.3,48.76666666666667
U009070,3,3305.41,1101.8033333333333
U001887,3,5056.32,1685.4399999999998
U007584,3,618.46,206.15333333333334
U007586,3,2911.49,970.4966666666666
U007587,3,3548.54,1182.8466666666666
U007591,3,198.67000000000002,66.22333333333334
U001890,3,567.37,189.12333333333333
U001893,3,1006.5600000000001,335.52000000000004
U001872,3,1838.52,612.84
U001876,3,780.73,260.24333333333334
U001880,3,3511.2699999999995,1170.4233333333332
U001881,3,563.5799999999999,187.85999999999999
U001882,3,3385.77,1128.59
U001868,3,1369.4099999999999,456.46999999999997
U005271,3,1739.71,579.9033333333333
U005277,3,1207.84,402.6133333333333
U001573,3,1507.11,502.36999999999995
U001574,3,1676.76,558.92
U001577,3,1527.74,509.24666666666667
U001581,3,2639.2400000000002,879.7466666666668
U001588,3,978.4100000000001,326.1366666666667
U001559,3,1865.9599999999998,621.9866666666666
U001540,3,1263.43,421.1433333333334
U001541,3,645.43,215.14333333333332
U001544,3,1663.58,554.5266666666666
U005280,3,5464.91,1821.6366666666665
U005255,3,646.15,215.38333333333333
U005256,3,3703.0299999999997,1234.3433333333332
U005259,3,993.26,331.08666666666664
U001918,3,1370.72,456.9066666666667
U005536,3,3464.98,1154.9933333333333
U007470,3,2033.1,677.6999999999999
U007474,3,2624.21,874.7366666666667
U007479,3,2831.8500000000004,943.9500000000002
U007480,3,1067.69,355.8966666666667
U007482,3,1385.6000000000001,461.86666666666673
U007483,3,7652.719999999999,2550.9066666666663
U009276,3,2712.05,904.0166666666668
U001517,3,759.5,253.16666666666666
U005546,3,1041.97,347.3233333333333
U007597,3,2930.06,976.6866666666666
U007611,3,1599.43,533.1433333333333
U001936,3,4826.04,1608.68
U009059,3,2610.88,870.2933333333334
U005229,3,1055.3,351.76666666666665
U005237,3,3275.36,1091.7866666666666
U005535,3,1011.9100000000001,337.30333333333334
U001571,3,3002.17,1000.7233333333334
U001508,3,1706.1799999999998,568.7266666666666
U001512,3,795.34,265.11333333333334
U005227,3,1488.3000000000002,496.1000000000001
U007627,3,2355.45,785.15
U007628,3,2379.51,793.1700000000001
U001947,3,2140.4500000000003,713.4833333333335
U001948,3,923.8599999999999,307.9533333333333
U001951,3,2905.73,968.5766666666667
U001956,3,991.2,330.40000000000003
U001889,3,2160.0299999999997,720.0099999999999
U005263,3,4546.55,1515.5166666666667
U007594,3,6851.26,2283.7533333333336
U001549,3,935.01,311.67
U001550,3,772.7700000000001,257.59000000000003
U007637,3,965.5500000000001,321.85
U001959,3,681.2,227.0666666666667
U001930,3,1015.37,338.45666666666665
U001932,3,4404.62,1468.2066666666667
U005176,3,1750.3,583.4333333333333
U005178,3,1018.5799999999999,339.52666666666664
U005189,3,2500.2,833.4
U005190,3,444.11,148.03666666666666
U001982,3,1542.63,514.21
U005217,3,1419.42,473.14000000000004
U005218,3,3160.19,1053.3966666666668
U005221,3,762.16,254.0533333333333
U005226,3,3949.87,1316.6233333333332
U005523,3,1337.79,445.93
U005526,3,905.3,301.76666666666665
U005528,3,1514.0,504.6666666666667
U009048,3,3562.88,1187.6266666666668
U007452,3,828.8100000000001,276.27000000000004
U007453,3,311.45000000000005,103.81666666666668
U007455,3,806.03,268.6766666666667
U007456,3,959.22,319.74
U009261,3,1253.73,417.91
U009262,3,347.15000000000003,115.71666666666668
U009271,3,1206.15,402.05
U009298,3,1000.9599999999999,333.6533333333333
U005576,3,4214.26,1404.7533333333333
U009050,3,1752.41,584.1366666666667
U005192,3,1023.67,341.2233333333333
U005193,3,956.1800000000001,318.7266666666667
U007632,3,1200.83,400.27666666666664
U007633,3,2162.49,720.8299999999999
U007634,3,1304.3100000000002,434.77000000000004
U009022,3,1144.27,381.42333333333335
U005584,3,1490.85,496.95
U005556,3,1634.65,544.8833333333333
U005557,3,553.71,184.57000000000002
U005565,3,1911.43,637.1433333333333
U005566,3,363.34999999999997,121.11666666666666
U001523,3,2963.75,987.9166666666666
U001530,3,1580.42,526.8066666666667
U001500,3,720.02,240.00666666666666
U001487,3,944.62,314.87333333333333
U001490,3,1698.7,566.2333333333333
U001967,3,427.78,142.59333333333333
U002011,3,1776.9299999999998,592.31
U001984,3,698.06,232.68666666666664
U001997,3,1724.18,574.7266666666667
U009043,3,193.32,64.44
U002032,3,634.66,211.5533333333333
U005170,3,4033.3500000000004,1344.45
U009305,3,934.25,311.4166666666667
U009310,3,3873.58,1291.1933333333334
U009280,3,954.21,318.07
U009293,3,790.38,263.46
U009294,3,1919.43,639.8100000000001
U009297,3,2900.86,966.9533333333334
U001435,3,984.75,328.25
U005148,3,1688.57,562.8566666666667
U005150,3,1130.72,376.9066666666667
U005153,3,4341.62,1447.2066666666667
U002038,3,324.5,108.16666666666667
U008999,3,533.84,177.9466666666667
U009003,3,1196.45,398.81666666666666
U009018,3,5800.47,1933.49
U009004,3,772.9100000000001,257.6366666666667
U009006,3,747.37,249.12333333333333
U009007,3,483.08000000000004,161.02666666666667
U007437,3,1233.62,411.20666666666665
U007443,3,539.23,179.74333333333334
U007445,3,3117.05,1039.0166666666667
U001480,3,1471.19,490.3966666666667
U001481,3,3108.89,1036.2966666666666
U001483,3,4349.84,1449.9466666666667
U009335,3,3610.74,1203.58
U001415,3,3756.84,1252.28
U005615,3,2177.2,725.7333333333332
U009014,3,3520.72,1173.5733333333333
U002004,3,762.57,254.19000000000003
U002018,3,2142.29,714.0966666666667
U002029,3,2462.72,820.9066666666666
U005619,3,1109.76,369.92
U005590,3,2905.5699999999997,968.5233333333332
U005598,3,2804.3800000000006,934.7933333333335
U005600,3,1967.6599999999999,655.8866666666667
U001465,3,4512.9400000000005,1504.3133333333335
U001402,3,1282.71,427.57
U001404,3,1699.96,566.6533333333333
U001406,3,2327.29,775.7633333333333
U005643,3,221.42,73.80666666666666
U007665,3,4651.15,1550.3833333333332
U007666,3,289.13,96.37666666666667
U008981,3,2279.28,759.7600000000001
U008986,3,2864.69,954.8966666666666
U008992,3,1789.9099999999999,596.6366666666667
U002040,3,747.99,249.33
U002044,3,624.33,208.11
U007427,3,2177.31,725.77
U007430,3,4070.09,1356.6966666666667
U005608,3,3509.8700000000003,1169.9566666666667
U001453,3,4465.4,1488.4666666666665
U001454,3,2999.14,999.7133333333333
U009318,3,3036.6099999999997,1012.2033333333333
U005653,3,451.58000000000004,150.52666666666667
U005131,3,939.8000000000001,313.2666666666667
U005099,3,2837.7,945.9
U005101,3,517.62,172.54
U005107,3,2761.55,920.5166666666668
U005109,3,829.39,276.4633333333333
U002083,3,5585.360000000001,1861.7866666666669
U002092,3,3367.67,1122.5566666666666
U005154,3,1306.2900000000002,435.43000000000006
U007660,3,1063.93,354.6433333333334
U002130,3,199.1,66.36666666666666
U002133,3,2496.98,832.3266666666667
U002062,3,923.08,307.6933333333333
U002065,3,1228.44,409.48
U002066,3,1146.6100000000001,382.2033333333334
U002067,3,529.58,176.52666666666667
U002068,3,418.27,139.42333333333332
U002070,3,557.33,185.77666666666667
U008968,3,1633.74,544.58
U008969,3,1851.65,617.2166666666667
U008975,3,750.94,250.31333333333336
U008977,3,1389.5199999999998,463.17333333333323
U008978,3,1796.8799999999999,598.9599999999999
U002075,3,743.82,247.94000000000003
U002049,3,2225.08,741.6933333333333
U007422,3,437.38,145.79333333333332
U001418,3,915.16,305.05333333333334
U001425,3,2888.2,962.7333333333332
U001427,3,333.8,111.26666666666667
U001429,3,486.87,162.29
U001401,3,171.12,57.04
U001359,3,3977.8799999999997,1325.9599999999998
U007403,3,844.37,281.45666666666665
U007405,3,1938.3799999999999,646.1266666666667
U007406,3,2429.82,809.94
U007675,3,1645.6100000000001,548.5366666666667
U007676,3,4167.17,1389.0566666666666
U007680,3,2249.69,749.8966666666666
U007681,3,586.62,195.54
U007683,3,152.0,50.666666666666664
U005076,3,362.24,120.74666666666667
U005077,3,4083.08,1361.0266666666666
U002142,3,5443.8099999999995,1814.6033333333332
U002147,3,916.8100000000001,305.60333333333335
U002149,3,3216.07,1072.0233333333333
U002104,3,3418.21,1139.4033333333334
U005079,3,568.34,189.4466666666667
U005092,3,1176.81,392.27
U005093,3,618.8100000000001,206.27
U005052,3,678.07,226.02333333333334
U005059,3,1830.99,610.33
U005061,3,1194.71,398.2366666666667
U002080,3,2856.45,952.15
U007670,3,1231.21,410.40333333333336
U007672,3,930.5699999999999,310.19
U007673,3,529.38,176.46
U005631,3,3371.5199999999995,1123.84
U001417,3,817.63,272.54333333333335
U005651,3,1219.3600000000001,406.4533333333334
U009337,3,1807.8500000000001,602.6166666666667
U009343,3,1633.53,544.51
U009345,3,1186.15,395.3833333333334
U009347,3,5481.41,1827.1366666666665
U009349,3,1435.79,478.59666666666664
U009352,3,5036.35,1678.7833333333335
U001379,3,327.32,109.10666666666667
U005692,3,802.87,267.62333333333333
U005697,3,1117.38,372.46000000000004
U002120,3,923.27,307.75666666666666
U005071,3,1258.3,419.43333333333334
U005072,3,2840.3,946.7666666666668
U007704,3,1115.0,371.6666666666667
U005033,3,669.85,223.28333333333333
U002139,3,3084.38,1028.1266666666668
U002200,3,1387.66,462.55333333333334
U002202,3,466.71,155.57
U002171,3,747.2,249.0666666666667
U002175,3,628.75,209.58333333333334
U002177,3,1934.72,644.9066666666666
U005042,3,526.04,175.34666666666666
U005049,3,862.5500000000001,287.5166666666667
U007723,3,1389.6799999999998,463.22666666666663
U005023,3,5083.8,1694.6000000000001
U005026,3,984.27,328.09
U004993,3,3578.0099999999998,1192.6699999999998
U005007,3,714.4300000000001,238.14333333333335
U008953,3,3278.92,1092.9733333333334
U002117,3,1421.22,473.74
U007409,3,2237.33,745.7766666666666
U007416,3,597.33,199.11
U008930,3,4458.01,1486.0033333333333
U008937,3,995.73,331.91
U008939,3,1485.77,495.25666666666666
U005666,3,979.63,326.54333333333335
U005667,3,904.3000000000001,301.43333333333334
U005670,3,2056.27,685.4233333333333
U005680,3,161.91,53.97
U005682,3,151.49,50.49666666666667
U001391,3,505.98,168.66
U001393,3,2636.2799999999997,878.7599999999999
U009360,3,732.04,244.01333333333332
U009375,3,1717.43,572.4766666666667
U009391,3,396.37,132.12333333333333
U002157,3,624.62,208.20666666666668
U002158,3,2171.6,723.8666666666667
U002199,3,605.3,201.76666666666665
U008925,3,4225.91,1408.6366666666665
U005715,3,4132.55,1377.5166666666667
U007386,3,2968.79,989.5966666666667
U007395,3,1648.52,549.5066666666667
U007396,3,1844.4,614.8000000000001
U005687,3,3105.23,1035.0766666666666
U005758,3,1372.44,457.48
U007368,3,664.02,221.34
U007377,3,739.22,246.40666666666667
U005008,3,671.05,223.6833333333333
U007727,3,2569.25,856.4166666666666
U007731,3,1601.29,533.7633333333333
U007735,3,1620.43,540.1433333333333
U007741,3,1663.02,554.34
U004975,3,1215.33,405.10999999999996
U004980,3,317.78999999999996,105.92999999999999
U002249,3,567.14,189.04666666666665
U002251,3,1205.07,401.69
U002252,3,585.9100000000001,195.30333333333337
U002221,3,3821.3700000000003,1273.7900000000002
U002222,3,5918.860000000001,1972.9533333333336
U002223,3,1770.8200000000002,590.2733333333334
U002220,3,1815.58,605.1933333333333
U002188,3,1635.31,545.1033333333334
U002194,3,2234.72,744.9066666666666
U004986,3,1704.82,568.2733333333333
U004988,3,3850.8199999999997,1283.6066666666666
U004990,3,5197.49,1732.4966666666667
U004953,3,1135.91,378.6366666666667
U002237,3,359.5,119.83333333333333
U002178,3,1646.2800000000002,548.7600000000001
U002183,3,1098.3700000000001,366.1233333333334
U001332,3,4391.91,1463.97
U001335,3,1159.45,386.48333333333335
U001337,3,3022.34,1007.4466666666667
U005733,3,3797.04,1265.68
U005735,3,1045.71,348.57
U005707,3,4878.2,1626.0666666666666
U005710,3,2058.26,686.0866666666667
U001354,3,1330.1599999999999,443.3866666666666
U001356,3,1186.27,395.42333333333335
U005765,3,540.35,180.11666666666667
U005771,3,1225.28,408.4266666666667
U005776,3,1599.79,533.2633333333333
U005742,3,2044.49,681.4966666666667
U008916,3,400.21999999999997,133.40666666666667
U008919,3,3717.5200000000004,1239.1733333333334
U002248,3,675.12,225.04
U001287,3,1292.04,430.68
U001294,3,4280.89,1426.9633333333334
U001295,3,734.58,244.86
U009415,3,1505.73,501.91
U004943,3,1786.3799999999999,595.4599999999999
U004948,3,1529.29,509.7633333333333
U002271,3,1107.6399999999999,369.2133333333333
U008886,3,292.35,97.45
U008901,3,1804.39,601.4633333333334
U008907,3,719.8899999999999,239.96333333333328
U008912,3,2409.62,803.2066666666666
U008915,3,2516.92,838.9733333333334
U005744,3,1898.63,632.8766666666667
U005745,3,3419.7599999999998,1139.9199999999998
U005746,3,5791.16,1930.3866666666665
U005751,3,146.35000000000002,48.78333333333334
U007776,3,2641.15,880.3833333333333
U004898,3,2487.27,829.09
U007747,3,2886.02,962.0066666666667
U007755,3,1409.75,469.9166666666667
U007761,3,1296.53,432.1766666666667
U004919,3,3166.19,1055.3966666666668
U002287,3,1430.98,476.99333333333334
U002288,3,4287.97,1429.3233333333335
U002289,3,1762.62,587.54
U002290,3,2942.71,980.9033333333333
U002291,3,3181.64,1060.5466666666666
U002232,3,1611.6299999999999,537.2099999999999
U007358,3,4865.5,1621.8333333333333
U007364,3,1242.2,414.06666666666666
U001321,3,591.0699999999999,197.0233333333333
U001286,3,744.8199999999999,248.2733333333333
U002304,3,2578.7999999999997,859.5999999999999
U002257,3,2105.38,701.7933333333334
U002258,3,1830.46,610.1533333333333
U001254,3,670.1600000000001,223.38666666666668
U005806,3,3769.9300000000003,1256.6433333333334
U005809,3,1171.1200000000001,390.3733333333334
U005810,3,2430.68,810.2266666666666
U005815,3,1547.12,515.7066666666666
U005778,3,1226.9,408.9666666666667
U001270,3,1743.31,581.1033333333334
U009427,3,1629.73,543.2433333333333
U004926,3,2675.6,891.8666666666667
U007765,3,711.08,237.02666666666667
U007766,3,1898.2600000000002,632.7533333333334
U007773,3,652.1700000000001,217.39000000000001
U007774,3,1622.61,540.87
U009432,3,2554.95,851.65
U009435,3,2902.29,967.43
U005827,3,1838.68,612.8933333333333
U005833,3,1023.99,341.33
U007324,3,3232.64,1077.5466666666666
U005797,3,6746.85,2248.9500000000003
U005800,3,1766.89,588.9633333333334
U005803,3,7096.88,2365.6266666666666
U001211,3,392.53999999999996,130.84666666666666
U008879,3,2839.42,946.4733333333334
U008880,3,1869.46,623.1533333333333
U002318,3,671.5,223.83333333333334
U002322,3,1189.3899999999999,396.4633333333333
U002323,3,301.52,100.50666666666666
U002298,3,599.3,199.76666666666665
U002302,3,1385.97,461.99
U001255,3,2561.86,853.9533333333334
U001256,3,823.29,274.43
U001257,3,1209.26,403.08666666666664
U001214,3,3040.2,1013.4
U001218,3,1918.65,639.5500000000001
U001221,3,770.59,256.86333333333334
U004910,3,1725.03,575.01
U004915,3,1949.4,649.8000000000001
U004881,3,4413.31,1471.1033333333335
U004887,3,1204.05,401.34999999999997
U002342,3,3883.16,1294.3866666666665
U002345,3,1630.3700000000001,543.4566666666667
U002346,3,2405.39,801.7966666666666
U008857,3,2737.7799999999997,912.5933333333332
U008859,3,268.13,89.37666666666667
U008877,3,2145.85,715.2833333333333
U002369,3,3320.72,1106.9066666666665
U002372,3,185.62,61.873333333333335
U004889,3,260.75,86.91666666666667
U004891,3,878.9399999999999,292.97999999999996
U004866,3,1316.22,438.74
U004867,3,1670.77,556.9233333333333
U004872,3,760.13,253.37666666666667
U004876,3,758.46,252.82000000000002
U002352,3,4595.85,1531.95
U002334,3,204.32,68.10666666666667
U002341,3,1438.04,479.34666666666664
U004904,3,2142.49,714.1633333333333
U007311,3,1598.8500000000001,532.95
U007314,3,2303.5600000000004,767.8533333333335
U007317,3,1094.4,364.8
U007319,3,2643.3900000000003,881.1300000000001
U001223,3,3078.16,1026.0533333333333
U001225,3,1919.19,639.73
U001196,3,741.56,247.18666666666664
U001198,3,984.3499999999999,328.1166666666666
U001200,3,2612.5,870.8333333333334
U001202,3,1173.79,391.2633333333333
U009437,3,319.73,106.57666666666667
U009439,3,3087.76,1029.2533333333333
U009470,3,4505.48,1501.8266666666666
U001177,3,733.53,244.51
U004855,3,2124.36,708.12
U004860,3,1930.83,643.61
U004825,3,2776.63,925.5433333333334
U004830,3,1302.78,434.26
U004831,3,449.84,149.94666666666666
U004833,3,2763.0899999999997,921.0299999999999
U005869,3,3151.64,1050.5466666666666
U005841,3,3235.38,1078.46
U005847,3,1199.07,399.69
U005854,3,1196.23,398.74333333333334
U005855,3,254.26,84.75333333333333
U001186,3,2211.0699999999997,737.0233333333332
U001187,3,2058.9700000000003,686.3233333333334
U008849,3,2194.7599999999998,731.5866666666666
U004840,3,619.53,206.51
U007794,3,1954.7199999999998,651.5733333333333
U007798,3,581.65,193.88333333333333
U004804,3,1036.7,345.56666666666666
U004810,3,4249.84,1416.6133333333335
U007783,3,981.75,327.25
U004842,3,3740.34,1246.78
U004843,3,1024.04,341.34666666666664
U009464,3,1418.56,472.8533333333333
U009465,3,2019.0100000000002,673.0033333333334
U009482,3,1334.67,444.89000000000004
U009485,3,2981.7,993.9
U009489,3,647.91,215.97
U001136,3,2370.03,790.0100000000001
U008827,3,817.02,272.34
U004817,3,2488.59,829.5300000000001
U004783,3,1185.8,395.26666666666665
U004790,3,2478.86,826.2866666666667
U004796,3,1351.53,450.51
U008802,3,620.54,206.84666666666666
U002377,3,3531.8899999999994,1177.2966666666664
U008835,3,2196.21,732.07
U008843,3,4807.2300000000005,1602.41
U005868,3,3314.86,1104.9533333333334
U002421,3,916.29,305.43
U004769,3,2756.1000000000004,918.7000000000002
U002384,3,494.27,164.75666666666666
U002385,3,1226.29,408.7633333333333
U007815,3,1846.7599999999998,615.5866666666666
U007816,3,576.23,192.07666666666668
U007822,3,1684.0500000000002,561.35
U007828,3,2046.15,682.0500000000001
U007832,3,3217.08,1072.36
U004767,3,678.75,226.25
U008813,3,342.54,114.18
U008821,3,307.43,102.47666666666667
U008824,3,1734.31,578.1033333333334
U001164,3,838.33,279.4433333333333
U001173,3,1420.23,473.41
U001204,3,1288.26,429.42
U007292,3,1014.5500000000001,338.18333333333334
U007297,3,1638.76,546.2533333333333
U007299,3,939.4499999999999,313.15
U007305,3,537.71,179.23666666666668
U001180,3,1081.68,360.56
U001181,3,484.37,161.45666666666668
U001182,3,606.82,202.27333333333334
U001119,3,586.62,195.54
U001122,3,783.44,261.1466666666667
U002410,3,694.77,231.59
U002414,3,659.94,219.98000000000002
U008775,3,1105.96,368.65333333333336
U008781,3,741.12,247.04
U008788,3,2102.41,700.8033333333333
U008791,3,878.95,292.98333333333335
U002419,3,695.55,231.85
U005907,3,1310.24,436.74666666666667
U005884,3,674.03,224.67666666666665
U009475,3,1289.67,429.89000000000004
U009479,3,2014.7199999999998,671.5733333333333
U009480,3,1461.83,487.27666666666664
U001130,3,3485.0200000000004,1161.6733333333334
U001133,3,4797.17,1599.0566666666666
U004779,3,887.6,295.8666666666667
U004747,3,1410.32,470.1066666666666
U004753,3,2370.38,790.1266666666667
U002460,3,338.79999999999995,112.93333333333332
U002464,3,1786.8000000000002,595.6
U002428,3,2265.56,755.1866666666666
U002432,3,354.2,118.06666666666666
U001137,3,1776.7700000000002,592.2566666666668
U007291,3,3714.88,1238.2933333333333
U001104,3,3678.4400000000005,1226.1466666666668
U001109,3,1502.23,500.74333333333334
U001113,3,633.75,211.25
U001152,3,1482.84,494.28
U001083,3,2125.78,708.5933333333334
U001085,3,656.04,218.67999999999998
U002442,3,1421.25,473.75
U008760,3,1984.8200000000002,661.6066666666667
U008763,3,926.72,308.9066666666667
U008764,3,1184.06,394.68666666666667
U008766,3,1142.23,380.74333333333334
U002453,3,3008.01,1002.6700000000001
U004771,3,2601.0299999999997,867.0099999999999
U004773,3,2179.2,726.4
U004778,3,822.31,274.1033333333333
U001126,3,994.4699999999999,331.48999999999995
U005917,3,2211.81,737.27
U005920,3,2134.71,711.57
U005921,3,7471.96,2490.653333333333
U005923,3,898.45,299.48333333333335
U005897,3,5153.24,1717.7466666666667
U005901,3,520.0400000000001,173.3466666666667
U005902,3,1010.4399999999999,336.81333333333333
U001075,3,2488.01,829.3366666666667
U004760,3,3108.9300000000003,1036.3100000000002
U004761,3,2061.07,687.0233333333334
U004762,3,532.79,177.59666666666666
U004729,3,6292.4400000000005,2097.48
U004731,3,953.04,317.68
U002471,3,1048.0,349.3333333333333
U002437,3,1776.65,592.2166666666667
U001101,3,1613.5800000000002,537.86
U008750,3,1075.3600000000001,358.4533333333334
U002503,3,1566.5700000000002,522.19
U002473,3,1000.4200000000001,333.47333333333336
U002476,3,1423.84,474.6133333333333
U002477,3,2105.44,701.8133333333334
U002478,3,2226.96,742.32
U002481,3,1440.69,480.23
U002511,3,2121.96,707.32
U002515,3,1585.68,528.5600000000001
U002518,3,1546.02,515.34
U002522,3,1590.09,530.03
U002494,3,2121.68,707.2266666666666
U002455,3,987.47,329.1566666666667
U004756,3,1493.6100000000001,497.87000000000006
U004759,3,752.4,250.79999999999998
U005916,3,1375.7,458.56666666666666
U002496,3,3170.5,1056.8333333333333
U004742,3,4423.3,1474.4333333333334
U007269,3,3007.6500000000005,1002.5500000000002
U007271,3,1463.8400000000001,487.9466666666667
U007277,3,1214.81,404.93666666666667
U009499,3,1272.8899999999999,424.2966666666666
U001077,3,2404.75,801.5833333333334
U001050,3,557.99,185.99666666666667
U007841,3,1203.1,401.0333333333333
U007854,3,4660.61,1553.5366666666666
U007855,3,347.52,115.83999999999999
U004712,3,3570.2200000000003,1190.0733333333335
U008741,3,1864.19,621.3966666666666
U008743,3,848.37,282.79
U008745,3,827.8000000000001,275.93333333333334
U008749,3,780.97,260.3233333333333
U008752,3,1346.11,448.7033333333333
U001055,3,7046.6900000000005,2348.896666666667
U001057,3,302.25,100.75
U001060,3,1164.87,388.28999999999996
U001091,3,739.0000000000001,246.33333333333337
U001093,3,3422.71,1140.9033333333334
U001097,3,714.7,238.23333333333335
U001098,3,1211.6599999999999,403.8866666666666
U005969,3,454.21,151.40333333333334
U005975,3,676.49,225.49666666666667
U007860,3,301.37,100.45666666666666
U007866,3,633.28,211.09333333333333
U007867,3,2939.45,979.8166666666666
U007869,3,2219.23,739.7433333333333
U002553,3,4602.1,1534.0333333333335
U002558,3,2291.3100000000004,763.7700000000001
U002529,3,820.01,273.33666666666664
U002534,3,2224.8,741.6
U005960,3,910.56,303.52
U005964,3,968.09,322.69666666666666
U007251,3,2003.63,667.8766666666667
U007253,3,1007.62,335.87333333333333
U007264,3,1437.25,479.0833333333333
U005933,3,1432.13,477.3766666666667
U002535,3,2896.01,965.3366666666667
U007874,3,4347.59,1449.1966666666667
U004691,3,2833.0,944.3333333333334
U004692,3,3851.27,1283.7566666666667
U004708,3,1320.39,440.13000000000005
U004672,3,787.0,262.3333333333333
U004675,3,724.4300000000001,241.4766666666667
U008751,3,3011.2,1003.7333333333332
U001016,3,1792.21,597.4033333333333
U001064,3,167.76,55.919999999999995
U009511,3,6038.79,2012.93
U009512,3,1508.1799999999998,502.72666666666663
U009513,3,2108.34,702.7800000000001
U009514,3,139.21999999999997,46.40666666666666
U009521,3,451.53,150.51
U009526,3,729.37,243.12333333333333
U009531,3,672.14,224.04666666666665
U009544,3,381.33,127.11
U008730,3,1607.82,535.9399999999999
U002545,3,915.21,305.07
U002599,3,1984.25,661.4166666666666
U002606,3,4603.16,1534.3866666666665
U002575,3,1119.57,373.19
U002577,3,382.83,127.61
U007239,3,1447.17,482.39000000000004
U007241,3,1049.18,349.7266666666667
U007243,3,1561.38,520.46
U005966,3,1405.46,468.4866666666667
U007222,3,584.37,194.79
U007223,3,2217.25,739.0833333333334
U007226,3,880.75,293.5833333333333
U007229,3,968.45,322.81666666666666
U004662,3,1093.82,364.6066666666666
U004663,3,1027.79,342.59666666666664
U004669,3,425.38,141.79333333333332
U008715,3,300.64,100.21333333333332
U008720,3,2842.96,947.6533333333333
U008722,3,1125.55,375.18333333333334
U004679,3,608.26,202.75333333333333
U008729,3,1666.51,555.5033333333333
U004619,3,1059.51,353.17
U008697,3,1846.56,615.52
U008707,3,1497.9099999999999,499.3033333333333
U002593,3,1073.71,357.90333333333336
U004642,3,2432.75,810.9166666666666
U004644,3,1408.67,469.5566666666667
U007875,3,5964.67,1988.2233333333334
U002636,3,1540.45,513.4833333333333
U002613,3,1784.5,594.8333333333334
U002614,3,3981.2700000000004,1327.0900000000001
U002618,3,3396.09,1132.03
U002620,3,1455.94,485.31333333333333
U004656,3,588.87,196.29
U004659,3,4673.139999999999,1557.7133333333331
U000999,3,5217.079999999999,1739.0266666666664
U005999,3,2364.96,788.32
U002645,3,1225.27,408.42333333333335
U007878,3,1245.95,415.31666666666666
U007882,3,1019.28,339.76
U006003,3,436.18,145.39333333333335
U006015,3,694.86,231.62
U006017,3,725.5699999999999,241.85666666666665
U006018,3,1317.37,439.1233333333333
U005987,3,3561.7300000000005,1187.2433333333336
U005995,3,2104.0,701.3333333333334
U001029,3,2202.3,734.1
U009528,3,1033.99,344.66333333333336
U006050,3,2211.46,737.1533333333333
U007884,3,979.57,326.52333333333337
U007887,3,921.99,307.33
U007889,3,1215.33,405.10999999999996
U004618,3,2260.75,753.5833333333334
U006028,3,2433.96,811.32
U006031,3,1597.05,532.35
U001006,3,2060.39,686.7966666666666
U001008,3,3739.09,1246.3633333333335
U000981,3,436.93,145.64333333333335
U000983,3,1001.9300000000001,333.9766666666667
U000989,3,61.96000000000001,20.653333333333336
U006032,3,1264.1100000000001,421.37000000000006
U007216,3,1343.24,447.74666666666667
U000953,3,2321.56,773.8533333333334
U004626,3,634.47,211.49
U004627,3,3978.7899999999995,1326.263333333333
U004632,3,240.86,80.28666666666668
U004601,3,1900.52,633.5066666666667
U004607,3,955.81,318.6033333333333
U002671,3,1218.94,406.31333333333333
U009552,3,2090.08,696.6933333333333
U009554,3,3067.18,1022.3933333333333
U009555,3,886.9000000000001,295.6333333333334
U009556,3,1527.1599999999999,509.0533333333333
U009560,3,329.73,109.91000000000001
U007197,3,1868.5,622.8333333333334
U004612,3,2776.99,925.6633333333333
U004576,3,285.94,95.31333333333333
U004583,3,750.4599999999999,250.1533333333333
U004592,3,490.74,163.58
U002682,3,2373.96,791.32
U002625,3,1413.42,471.14000000000004
U002628,3,1949.31,649.77
U002632,3,1254.84,418.28
U006022,3,1319.65,439.8833333333334
U006026,3,2781.33,927.11
U004567,3,3828.96,1276.32
U004572,3,501.63,167.21
U004573,3,4399.77,1466.5900000000001
U004539,3,5522.82,1840.9399999999998
U004544,3,3149.01,1049.67
U002719,3,514.03,171.34333333333333
U002685,3,801.38,267.12666666666667
U002686,3,2933.52,977.84
U007902,3,659.73,219.91
U002706,3,605.75,201.91666666666666
U002708,3,3289.85,1096.6166666666666
U008672,3,1509.76,503.25333333333333
U002646,3,719.26,239.75333333333333
U002650,3,604.69,201.56333333333336
U000957,3,2205.13,735.0433333333334
U000961,3,1621.31,540.4366666666666
U004553,3,830.88,276.96
U008677,3,797.1,265.7
U008678,3,740.99,246.99666666666667
U007202,3,429.74,143.24666666666667
U007207,3,4658.41,1552.8033333333333
U007208,3,488.98,162.99333333333334
U007210,3,1935.0500000000002,645.0166666666668
U007214,3,377.94,125.98
U007215,3,1288.08,429.35999999999996
U006039,3,970.2,323.40000000000003
U000968,3,3573.7,1191.2333333333333
U000971,3,1668.0,556.0
U000932,3,4339.16,1446.3866666666665
U009584,3,1660.08,553.36
U008685,3,2798.42,932.8066666666667
U004564,3,1375.75,458.5833333333333
U008656,3,2837.71,945.9033333333333
U008661,3,6192.49,2064.1633333333334
U002723,3,2232.24,744.0799999999999
U009589,3,448.63,149.54333333333332
U009591,3,695.06,231.68666666666664
U009562,3,1375.03,458.3433333333333
U009563,3,1571.74,523.9133333333333
U009576,3,537.4200000000001,179.14000000000001
U000926,3,949.76,316.58666666666664
U006058,3,2024.8600000000001,674.9533333333334
U006060,3,710.58,236.86
U000891,3,619.29,206.42999999999998
U000892,3,2784.89,928.2966666666666
U002702,3,1274.65,424.8833333333334
U002704,3,3013.81,1004.6033333333334
U002718,3,1641.8,547.2666666666667
U000923,3,3559.42,1186.4733333333334
U000843,3,1646.45,548.8166666666667
U000844,3,5311.05,1770.3500000000001
U006102,3,2155.02,718.34
U006078,3,1142.31,380.77
U006086,3,2332.75,777.5833333333334
U000929,3,866.34,288.78000000000003
U000931,3,990.27,330.09
U000878,3,890.01,296.67
U000879,3,611.07,203.69000000000003
U006131,3,999.33,333.11
U007928,3,838.6800000000001,279.56
U002756,3,4778.26,1592.7533333333333
U002760,3,4035.49,1345.1633333333332
U008652,3,4641.47,1547.1566666666668
U008653,3,323.55,107.85000000000001
U002783,3,1323.8799999999999,441.2933333333333
U002789,3,570.22,190.07333333333335
U002791,3,487.87,162.62333333333333
U008662,3,315.7,105.23333333333333
U004522,3,1235.8700000000001,411.9566666666667
U004498,3,423.55,141.18333333333334
U004501,3,2210.4900000000002,736.83
U004508,3,1026.7,342.23333333333335
U004511,3,990.13,330.04333333333335
U002775,3,1079.62,359.8733333333333
U008637,3,1881.21,627.07
U007923,3,747.5799999999999,249.1933333333333
U006133,3,1591.18,530.3933333333333
U000912,3,1736.39,578.7966666666667
U000918,3,1432.94,477.6466666666667
U000922,3,5260.31,1753.4366666666667
U006149,3,1476.07,492.0233333333333
U006150,3,2740.05,913.35
U006125,3,278.78000000000003,92.92666666666668
U006126,3,2308.39,769.4633333333333
U006127,3,713.0799999999999,237.6933333333333
U000897,3,3430.91,1143.6366666666665
U000902,3,1039.5900000000001,346.53000000000003
U000867,3,387.07,129.02333333333334
U007167,3,3870.42,1290.14
U000854,3,1608.84,536.28
U007949,3,2660.2799999999997,886.7599999999999
U007951,3,2746.14,915.38
U004476,3,2010.2199999999998,670.0733333333333
U004477,3,900.49,300.16333333333336
U008633,3,4570.03,1523.3433333333332
U002779,3,2203.98,734.66
U004441,3,1479.09,493.03
U004445,3,579.7900000000001,193.26333333333335
U004447,3,832.15,277.3833333333333
U004450,3,418.92,139.64000000000001
U002818,3,2078.51,692.8366666666667
U002820,3,1370.6999999999998,456.8999999999999
U002826,3,2806.81,935.6033333333334
U002763,3,736.0,245.33333333333334
U002769,3,2679.02,893.0066666666667
U004495,3,213.09,71.03
U004460,3,555.97,185.32333333333335
U002809,3,669.92,223.30666666666664
U008614,3,4510.450000000001,1503.4833333333336
U002747,3,1581.01,527.0033333333333
U004516,3,2546.5099999999998,848.8366666666666
U006140,3,2116.73,705.5766666666667
U008628,3,441.36,147.12
U008629,3,764.88,254.96
U004470,3,1094.56,364.8533333333333
U000856,3,2331.94,777.3133333333334
U000827,3,3314.39,1104.7966666666666
U000832,3,707.14,235.71333333333334
U000833,3,1221.02,407.00666666666666
U000881,3,2349.6499999999996,783.2166666666666
U009597,3,1142.0900000000001,380.6966666666667
U009606,3,3546.0600000000004,1182.0200000000002
U009613,3,1214.94,404.98
U000842,3,427.8,142.6
U009629,3,2809.21,936.4033333333333
U009630,3,832.37,277.45666666666665
U009632,3,3895.85,1298.6166666666666
U004471,3,1983.31,661.1033333333334
U000811,3,1041.11,347.03666666666663
U006167,3,1490.96,496.9866666666667
U006168,3,3429.41,1143.1366666666665
U007155,3,1379.96,459.9866666666667
U007162,3,5316.77,1772.256666666667
U000792,3,5145.01,1715.0033333333333
U000793,3,2401.52,800.5066666666667
U007961,3,2981.88,993.96
U007965,3,1570.08,523.36
U007971,3,1619.7,539.9
U008598,3,1223.54,407.84666666666664
U008599,3,1732.4,577.4666666666667
U008607,3,1266.13,422.04333333333335
U008608,3,175.2,58.4
U002816,3,315.99,105.33
U008624,3,2586.8900000000003,862.2966666666667
U004430,3,1419.27,473.09
U007149,3,1847.6299999999999,615.8766666666667
U009616,3,1672.97,557.6566666666666
U009618,3,1238.7200000000003,412.90666666666675
U009621,3,2002.06,667.3533333333334
U009624,3,1620.71,540.2366666666667
U000771,3,4758.04,1586.0133333333333
U000778,3,5331.24,1777.08
U004405,3,2061.09,687.0300000000001
U004413,3,1294.9899999999998,431.66333333333324
U002868,3,4004.4700000000003,1334.8233333333335
U002842,3,1921.33,640.4433333333333
U002845,3,622.39,207.46333333333334
U002830,3,2158.1800000000003,719.3933333333334
U002796,3,205.63,68.54333333333334
U002797,3,1234.99,411.66333333333336
U004397,3,1558.29,519.43
U004398,3,938.79,312.93
U004371,3,1185.76,395.25333333333333
U004378,3,4742.07,1580.6899999999998
U002903,3,1207.86,402.61999999999995
U002849,3,2080.26,693.4200000000001
U002850,3,2269.12,756.3733333333333
U008594,3,2185.81,728.6033333333334
U008596,3,696.33,232.11
U004418,3,842.09,280.69666666666666
U007981,3,846.23,282.07666666666665
U004388,3,314.14,104.71333333333332
U004390,3,4002.4,1334.1333333333334
U002852,3,738.1600000000001,246.05333333333337
U004421,3,1023.74,341.24666666666667
U004424,3,1072.37,357.45666666666665
U002923,3,575.77,191.92333333333332
U002855,3,655.48,218.49333333333334
U002862,3,875.88,291.96
U000780,3,716.47,238.82333333333335
U000782,3,1023.1,341.03333333333336
U006203,3,877.96,292.65333333333336
U006177,3,963.89,321.2966666666667
U000820,3,1586.86,528.9533333333333
U000823,3,596.82,198.94000000000003
U000825,3,249.04,83.01333333333334
U009643,3,2071.66,690.5533333333333
U009646,3,1562.48,520.8266666666667
U009648,3,1260.17,420.0566666666667
U009651,3,1571.52,523.84
U002864,3,1186.04,395.34666666666664
U002866,3,602.9,200.96666666666667
U009652,3,1719.02,573.0066666666667
U006216,3,1586.67,528.89
U006218,3,734.28,244.76
U007121,3,1242.8,414.26666666666665
U007123,3,755.96,251.98666666666668
U007125,3,459.88,153.29333333333332
U007127,3,1638.47,546.1566666666666
U006190,3,691.2,230.4
U000798,3,1705.1,568.3666666666667
U007100,3,484.55,161.51666666666668
U007110,3,597.23,199.07666666666668
U008006,3,461.25,153.75
U004351,3,753.02,251.00666666666666
U002915,3,3364.4500000000003,1121.4833333333333
U002917,3,580.6800000000001,193.56000000000003
U002921,3,396.86,132.28666666666666
U002895,3,3813.94,1271.3133333333333
U007111,3,276.7,92.23333333333333
U007112,3,4844.61,1614.87
U007116,3,1535.76,511.92
U006206,3,5771.620000000001,1923.8733333333337
U000785,3,4009.73,1336.5766666666666
U009638,3,3825.5600000000004,1275.1866666666667
U000708,3,1225.24,408.41333333333336
U004360,3,2723.54,907.8466666666667
U002941,3,761.47,253.82333333333335
U008574,3,3837.2200000000003,1279.0733333333335
U008577,3,641.19,213.73000000000002
U008579,3,1331.9699999999998,443.98999999999995
U008584,3,2418.27,806.09
U002882,3,1131.8200000000002,377.27333333333337
U007996,3,460.5,153.5
U008029,3,836.72,278.9066666666667
U002980,3,1872.77,624.2566666666667
U008559,3,331.01,110.33666666666666
U008588,3,2624.37,874.79
U008593,3,2222.7799999999997,740.9266666666666
U002911,3,801.1400000000001,267.0466666666667
U004338,3,1677.29,559.0966666666667
U004345,3,3684.67,1228.2233333333334
U004318,3,1822.46,607.4866666666667
U004321,3,1596.46,532.1533333333333
U002950,3,791.86,263.9533333333333
U002953,3,1459.88,486.6266666666667
U002956,3,236.15,78.71666666666667
U002958,3,1081.36,360.4533333333333
U002890,3,1121.42,373.8066666666667
U002893,3,1458.88,486.29333333333335
U002932,3,2881.64,960.5466666666666
U000712,3,418.06,139.35333333333332
U000716,3,1805.7599999999998,601.92
U000758,3,6313.91,2104.6366666666668
U000761,3,5345.42,1781.8066666666666
U000732,3,2150.81,716.9366666666666
U000734,3,2739.7999999999997,913.2666666666665
U000735,3,602.67,200.89
U000691,3,5137.970000000001,1712.656666666667
U000693,3,1246.0,415.3333333333333
U000695,3,1437.6399999999999,479.2133333333333
U000698,3,1441.8600000000001,480.62000000000006
U002934,3,2455.35,818.4499999999999
U004326,3,2976.93,992.31
U008017,3,334.03999999999996,111.34666666666665
U008022,3,3069.6000000000004,1023.2000000000002
U002987,3,915.96,305.32
U008563,3,2949.95,983.3166666666666
U008573,3,802.46,267.4866666666667
U006260,3,460.02,153.34
U006225,3,485.91,161.97
U006233,3,11234.220000000001,3744.7400000000002
U006241,3,2627.02,875.6733333333333
U000741,3,777.53,259.1766666666667
U009669,3,1945.55,648.5166666666667
U009670,3,1380.19,460.06333333333333
U002949,3,227.19,75.73
U004292,3,3017.4700000000003,1005.8233333333334
U004294,3,3264.67,1088.2233333333334
U004295,3,1123.72,374.5733333333333
U004297,3,2309.36,769.7866666666667
U004308,3,658.05,219.35
U002993,3,1972.8899999999999,657.63
U002962,3,1924.48,641.4933333333333
U006277,3,2132.25,710.75
U006244,3,435.93,145.31
U006246,3,2366.7799999999997,788.9266666666666
U006249,3,1031.17,343.72333333333336
U006250,3,360.46,120.15333333333332
U006256,3,574.24,191.41333333333333
U006281,3,1944.82,648.2733333333333
U006284,3,2547.01,849.0033333333334
U006294,3,2104.23,701.41
U002969,3,2804.38,934.7933333333334
U002973,3,917.28,305.76
U008543,3,5943.54,1981.18
U008550,3,3029.57,1009.8566666666667
U002981,3,1265.3,421.76666666666665
U006265,3,585.3900000000001,195.13000000000002
U006267,3,2640.35,880.1166666666667
U009657,3,2724.0,908.0
U009658,3,821.31,273.77
U009662,3,740.31,246.76999999999998
U009664,3,3125.24,1041.7466666666667
U009678,3,3959.65,1319.8833333333334
U009679,3,1542.96,514.32
U004266,3,3753.06,1251.02
U004268,3,4099.37,1366.4566666666667
U003032,3,1618.27,539.4233333333333
U003034,3,737.88,245.96
U003035,3,2573.88,857.96
U003003,3,1585.56,528.52
U003016,3,325.78,108.59333333333332
U003017,3,202.94,67.64666666666666
U000676,3,1008.35,336.1166666666667
U000685,3,2181.4,727.1333333333333
U000654,3,1956.54,652.18
U006309,3,1476.72,492.24
U006311,3,5489.5,1829.8333333333333
U004248,3,2899.37,966.4566666666666
U004254,3,1850.38,616.7933333333334
U003048,3,2041.27,680.4233333333333
U003051,3,1523.66,507.8866666666667
U003055,3,2059.25,686.4166666666666
U003020,3,3578.21,1192.7366666666667
U003028,3,1021.3399999999999,340.44666666666666
U003029,3,1219.74,406.58
U004291,3,1971.96,657.32
U004262,3,2417.58,805.86
U006296,3,4471.45,1490.4833333333333
U009673,3,395.45000000000005,131.8166666666667
U009676,3,1212.88,404.29333333333335
U009691,3,813.49,271.16333333333336
U009695,3,620.07,206.69000000000003
U009698,3,300.25,100.08333333333333
U008038,3,1913.9099999999999,637.9699999999999
U008042,3,842.53,280.8433333333333
U008044,3,844.3199999999999,281.44
U008524,3,513.0600000000001,171.02
U008527,3,2492.4900000000002,830.83
U008528,3,3053.32,1017.7733333333334
U004242,3,1683.18,561.0600000000001
U004245,3,589.49,196.49666666666667
U009682,3,670.89,223.63
U000640,3,1188.67,396.22333333333336
U000675,3,5909.7300000000005,1969.91
U003112,3,1175.45,391.81666666666666
U003078,3,2647.69,882.5633333333334
U008532,3,1040.32,346.7733333333333
U008533,3,926.7,308.90000000000003
U008536,3,645.1800000000001,215.06000000000003
U004232,3,2014.2800000000002,671.4266666666667
U004236,3,598.24,199.41333333333333
U004203,3,1226.31,408.77
U004208,3,699.8299999999999,233.27666666666664
U004210,3,398.92,132.97333333333333
U004213,3,2636.5,878.8333333333334
U008033,3,7096.120000000001,2365.3733333333334
U007080,3,1120.64,373.5466666666667
U007083,3,1737.29,579.0966666666667
U007089,3,1175.3200000000002,391.77333333333337
U006280,3,802.06,267.3533333333333
U009706,3,642.9,214.29999999999998
U000605,3,724.92,241.64
U000646,3,854.92,284.9733333333333
U000649,3,3622.77,1207.59
U000623,3,897.53,299.1766666666667
U000627,3,361.71000000000004,120.57000000000001
U000612,3,3977.42,1325.8066666666666
U000583,3,3122.15,1040.7166666666667
U003060,3,659.62,219.87333333333333
U003066,3,798.9000000000001,266.3
U003067,3,2329.12,776.3733333333333
U003068,3,2247.14,749.0466666666666
U003073,3,519.5899999999999,173.19666666666663
U003100,3,235.57,78.52333333333333
U003103,3,772.61,257.5366666666667
U003109,3,1404.44,468.1466666666667
U004179,3,543.87,181.29
U004180,3,1203.43,401.1433333333334
U003080,3,2043.69,681.23
U003081,3,178.32999999999998,59.44333333333333
U004215,3,861.2,287.06666666666666
U008057,3,1088.74,362.91333333333336
U008059,3,540.38,180.12666666666667
U008061,3,932.56,310.8533333333333
U008063,3,4439.82,1479.9399999999998
U003130,3,1184.78,394.9266666666667
U003136,3,1738.4299999999998,579.4766666666666
U003137,3,1017.5999999999999,339.2
U008507,3,4810.55,1603.5166666666667
U003088,3,3796.12,1265.3733333333332
U003089,3,5010.74,1670.2466666666667
U003091,3,1502.69,500.8966666666667
U008518,3,1534.25,511.4166666666667
U000595,3,568.9300000000001,189.64333333333335
U007074,3,404.3,134.76666666666668
U006304,3,317.1,105.7
U006306,3,1414.33,471.4433333333333
U006308,3,875.55,291.84999999999997
U000634,3,1384.15,461.3833333333334
U000636,3,1325.24,441.74666666666667
U009714,3,154.35,51.449999999999996
U000565,3,314.03,104.67666666666666
U008519,3,980.04,326.68
U008520,3,3285.44,1095.1466666666668
U004190,3,296.65,98.88333333333333
U004195,3,2401.33,800.4433333333333
U004172,3,6215.0599999999995,2071.6866666666665
U004177,3,1743.77,581.2566666666667
U003154,3,745.16,248.38666666666666
U003119,3,2931.73,977.2433333333333
U006321,3,2356.7200000000003,785.5733333333334
U006330,3,562.54,187.51333333333332
U000608,3,668.75,222.91666666666666
U000611,3,3252.5299999999997,1084.1766666666665
U000572,3,840.9499999999999,280.31666666666666
U003120,3,729.44,243.14666666666668
U003127,3,2972.82,990.94
U008492,3,624.76,208.25333333333333
U008498,3,1273.42,424.47333333333336
U008499,3,1772.17,590.7233333333334
U008501,3,1111.12,370.3733333333333
U003140,3,561.66,187.22
U008511,3,1298.3,432.76666666666665
U008513,3,1779.48,593.16
U006381,3,4094.15,1364.7166666666667
U007043,3,5795.43,1931.8100000000002
U007046,3,3703.07,1234.3566666666668
U007047,3,294.29999999999995,98.09999999999998
U006341,3,4229.53,1409.8433333333332
U000597,3,130.13,43.376666666666665
U009711,3,834.19,278.06333333333333
U000531,3,4429.129999999999,1476.3766666666663
U000532,3,4137.25,1379.0833333333333
U004150,3,1319.16,439.72
U003181,3,638.48,212.82666666666668
U003187,3,296.92,98.97333333333334
U003161,3,2946.32,982.1066666666667
U004157,3,548.66,182.88666666666666
U004160,3,307.78,102.59333333333332
U004161,3,5948.01,1982.67
U003221,3,1995.06,665.02
U003225,3,1035.12,345.03999999999996
U003193,3,393.82,131.27333333333334
U003194,3,2107.16,702.3866666666667
U003195,3,586.48,195.49333333333334
U004134,3,1911.22,637.0733333333334
U004138,3,2480.63,826.8766666666667
U004144,3,1830.19,610.0633333333334
U008470,3,357.47,119.15666666666668
U008476,3,3433.51,1144.5033333333333
U008478,3,1121.0,373.6666666666667
U008072,3,5682.17,1894.0566666666666
U008074,3,2040.42,680.14
U008082,3,452.72,150.90666666666667
U009737,3,2350.5099999999998,783.5033333333332
U006380,3,2814.46,938.1533333333333
U008481,3,3749.52,1249.84
U008484,3,278.66999999999996,92.88999999999999
U003174,3,750.1700000000001,250.0566666666667
U006389,3,1062.47,354.1566666666667
U006391,3,667.32,222.44000000000003
U006397,3,1717.01,572.3366666666667
U006365,3,3804.4799999999996,1268.1599999999999
U006368,3,969.37,323.12333333333333
U006376,3,8406.65,2802.2166666666667
U006378,3,2170.25,723.4166666666666
U000567,3,8753.35,2917.7833333333333
U009746,3,5313.78,1771.26
U009751,3,551.1800000000001,183.7266666666667
U009758,3,2452.29,817.43
U003177,3,1407.21,469.07
U003219,3,963.4599999999999,321.1533333333333
U004130,3,724.78,241.59333333333333
U000508,3,1874.2,624.7333333333333
U000511,3,3866.1499999999996,1288.7166666666665
U000544,3,1120.28,373.4266666666667
U000546,3,7244.51,2414.8366666666666
U000553,3,612.96,204.32000000000002
U000526,3,432.89,144.29666666666665
U000528,3,3679.79,1226.5966666666666
U000490,3,460.73,153.57666666666668
U000493,3,561.3599999999999,187.11999999999998
U008086,3,1262.3,420.76666666666665
U008089,3,2147.96,715.9866666666667
U008090,3,345.15,115.05
U008096,3,2029.24,676.4133333333333
U008097,3,1586.09,528.6966666666666
U003230,3,2708.23,902.7433333333333
U006382,3,5360.55,1786.8500000000001
U006383,3,5095.639999999999,1698.5466666666664
U006385,3,1266.07,422.0233333333333
U006388,3,818.8199999999999,272.94
U000536,3,770.4599999999999,256.82
U007025,3,1311.1999999999998,437.0666666666666
U007027,3,2599.66,866.5533333333333
U007030,3,2632.24,877.4133333333333
U003213,3,694.24,231.41333333333333
U003214,3,1848.32,616.1066666666667
U003216,3,1798.8,599.6
U003260,3,3056.23,1018.7433333333333
U008452,3,817.9200000000001,272.64000000000004
U008460,3,1990.6399999999999,663.5466666666666
U003196,3,4841.62,1613.8733333333332
U003197,3,1301.11,433.7033333333333
U008119,3,105.67,35.223333333333336
U003282,3,1623.12,541.04
U003286,3,1958.22,652.74
U003288,3,822.24,274.08
U003296,3,2064.45,688.15
U008462,3,1012.83,337.61
U003228,3,1300.45,433.48333333333335
U003277,3,935.8499999999999,311.95
U003255,3,1167.93,389.31
U003256,3,365.89,121.96333333333332
U003236,3,1857.1,619.0333333333333
U003237,3,350.16,116.72000000000001
U006406,3,339.81,113.27
U006409,3,226.2,75.39999999999999
U006410,3,1869.6000000000001,623.2
U006415,3,600.22,200.07333333333335
U004108,3,1656.53,552.1766666666666
U007031,3,6400.45,2133.483333333333
U007035,3,821.0799999999999,273.6933333333333
U006401,3,2001.61,667.2033333333333
U006402,3,1921.39,640.4633333333334
U000513,3,1922.6200000000001,640.8733333333333
U000514,3,1344.37,448.1233333333333
U000515,3,435.77,145.25666666666666
U000517,3,1755.95,585.3166666666667
U000486,3,1472.21,490.7366666666667
U000487,3,650.98,216.99333333333334
U000452,3,3226.6,1075.5333333333333
U006442,3,2185.69,728.5633333333334
U008109,3,653.29,217.76333333333332
U008114,3,269.45,89.81666666666666
U008115,3,1634.82,544.9399999999999
U003279,3,3461.7799999999997,1153.9266666666665
U003331,3,2136.04,712.0133333333333
U003303,3,360.29999999999995,120.09999999999998
U003263,3,1340.53,446.8433333333333
U003264,3,304.45000000000005,101.48333333333335
U003268,3,1218.54,406.18
U004082,3,748.2,249.4
U004083,3,1265.47,421.8233333333333
U004085,3,1140.75,380.25
U004086,3,2353.92,784.64
U004091,3,1644.24,548.08
U004053,3,2152.2799999999997,717.4266666666666
U004056,3,1199.92,399.97333333333336
U004102,3,2060.52,686.84
U004105,3,1028.5,342.8333333333333
U004107,3,2391.83,797.2766666666666
U004051,3,667.86,222.62
U008428,3,1623.28,541.0933333333334
U006416,3,372.42,124.14
U006417,3,2258.9900000000002,752.9966666666668
U006425,3,999.6800000000001,333.2266666666667
U000503,3,130.01,43.336666666666666
U009766,3,440.15000000000003,146.71666666666667
U009782,3,1388.8100000000002,462.9366666666667
U006431,3,525.98,175.32666666666668
U006459,3,696.92,232.30666666666664
U006464,3,3901.2200000000003,1300.4066666666668
U006467,3,870.99,290.33
U008429,3,1823.05,607.6833333333333
U008434,3,2250.79,750.2633333333333
U008439,3,1232.76,410.92
U008442,3,2399.9900000000002,799.9966666666668
U000436,3,5479.34,1826.4466666666667
U000425,3,2430.5299999999997,810.1766666666666
U000426,3,1048.27,349.42333333333335
U007005,3,716.6600000000001,238.88666666666668
U007012,3,2350.89,783.63
U009786,3,425.82,141.94
U009792,3,2650.91,883.6366666666667
U009798,3,366.17,122.05666666666667
U006991,3,4883.08,1627.6933333333334
U006994,3,2644.0299999999997,881.3433333333332
U003314,3,2928.82,976.2733333333334
U004066,3,2928.29,976.0966666666667
U004069,3,1042.0900000000001,347.3633333333334
U004073,3,893.35,297.78333333333336
U004037,3,1802.75,600.9166666666666
U004044,3,2025.27,675.09
U009807,3,3403.4300000000003,1134.4766666666667
U009808,3,126.98,42.32666666666667
U009810,3,1802.68,600.8933333333333
U009830,3,2300.32,766.7733333333334
U009832,3,1112.3400000000001,370.78000000000003
U009833,3,899.3499999999999,299.7833333333333
U008421,3,1395.33,465.10999999999996
U008422,3,996.26,332.08666666666664
U003329,3,114.61000000000001,38.20333333333334
U003341,3,791.9200000000001,263.97333333333336
U003304,3,420.90999999999997,140.3033333333333
U003305,3,606.9000000000001,202.30000000000004
U003311,3,1419.42,473.14000000000004
U000462,3,1277.8200000000002,425.94000000000005
U000463,3,479.29,159.76333333333335
U000433,3,2241.58,747.1933333333333
U003409,3,2134.9700000000003,711.6566666666668
U008399,3,2957.4300000000003,985.8100000000001
U008400,3,2965.5,988.5
U003377,3,661.12,220.37333333333333
U008127,3,3729.58,1243.1933333333334
U008131,3,1073.75,357.9166666666667
U008133,3,1048.65,349.55
U008136,3,734.94,244.98000000000002
U003383,3,2480.5,826.8333333333334
U003387,3,318.15999999999997,106.05333333333333
U003391,3,1805.66,601.8866666666667
U003359,3,705.82,235.27333333333334
U003361,3,2012.06,670.6866666666666
U008413,3,1593.97,531.3233333333334
U000429,3,1658.0900000000001,552.6966666666667
U000441,3,1626.67,542.2233333333334
U003430,3,1240.92,413.64000000000004
U003395,3,2357.2200000000003,785.7400000000001
U003397,3,985.0100000000001,328.3366666666667
U006504,3,3521.71,1173.9033333333334
U006510,3,2630.4700000000003,876.8233333333334
U006473,3,563.11,187.70333333333335
U006478,3,1990.1599999999999,663.3866666666667
U006480,3,1038.0,346.0
U006486,3,671.88,223.96
U006487,3,1841.58,613.86
U000415,3,2557.91,852.6366666666667
U000394,3,6867.84,2289.28
U003999,3,830.33,276.7766666666667
U004009,3,1070.98,356.99333333333334
U004013,3,5284.34,1761.4466666666667
U004014,3,571.51,190.50333333333333
U008142,3,4724.44,1574.8133333333333
U008146,3,2173.63,724.5433333333334
U006528,3,2865.8,955.2666666666668
U006986,3,1916.74,638.9133333333333
U006493,3,1540.77,513.59
U000410,3,3284.83,1094.9433333333334
U009825,3,2875.9,958.6333333333333
U000369,3,1130.73,376.91
U000374,3,3470.35,1156.7833333333333
U000378,3,1944.46,648.1533333333333
U008148,3,1049.01,349.67
U008151,3,2699.04,899.68
U008152,3,3857.9,1285.9666666666667
U008156,3,1997.31,665.77
U003980,3,5137.03,1712.3433333333332
U003429,3,769.3999999999999,256.46666666666664
U000347,3,803.1300000000001,267.71000000000004
U000349,3,1525.5500000000002,508.5166666666667
U000353,3,1806.46,602.1533333333333
U000386,3,6046.73,2015.5766666666666
U000387,3,1963.0899999999997,654.3633333333332
U000388,3,278.99,92.99666666666667
U000389,3,4296.07,1432.0233333333333
U000328,3,278.53,92.84333333333332
U000332,3,3225.4,1075.1333333333334
U003404,3,501.68,167.22666666666666
U003988,3,2092.23,697.41
U003991,3,1475.52,491.84
U003993,3,721.6299999999999,240.5433333333333
U003996,3,4561.88,1520.6266666666668
U008164,3,4322.1900000000005,1440.7300000000002
U003378,3,3054.61,1018.2033333333334
U003453,3,965.72,321.9066666666667
U008166,3,577.56,192.51999999999998
U008372,3,2648.58,882.86
U008373,3,1777.4399999999998,592.4799999999999
U008378,3,1823.73,607.91
U008380,3,6461.84,2153.9466666666667
U008387,3,1958.94,652.98
U003462,3,658.96,219.65333333333334
U003437,3,2159.86,719.9533333333334
U003449,3,2592.17,864.0566666666667
U003451,3,2573.04,857.68
U003398,3,643.06,214.35333333333332
U003402,3,637.73,212.57666666666668
U000379,3,1259.97,419.99
U000344,3,1332.77,444.25666666666666
U000345,3,3227.86,1075.9533333333334
U003920,3,1829.3,609.7666666666667
U003923,3,1825.8600000000001,608.62
U003924,3,311.64,103.88
U003933,3,1965.82,655.2733333333333
U003502,3,1178.6999999999998,392.8999999999999
U003505,3,2137.2,712.4
U003506,3,1794.3000000000002,598.1
U003967,3,1415.39,471.7966666666667
U003968,3,1582.9,527.6333333333333
U003973,3,1037.77,345.92333333333335
U003940,3,1843.6399999999999,614.5466666666666
U003476,3,1879.1,626.3666666666667
U003477,3,1402.58,467.52666666666664
U003480,3,2588.44,862.8133333333334
U003481,3,2579.0099999999998,859.67
U003487,3,2810.6,936.8666666666667
U003498,3,529.73,176.57666666666668
U000337,3,854.1,284.7
U006547,3,1136.99,378.99666666666667
U006511,3,792.9200000000001,264.3066666666667
U006513,3,433.8,144.6
U006523,3,2777.46,925.82
U006524,3,974.8699999999999,324.95666666666665
U006525,3,3882.16,1294.0533333333333
U009841,3,2642.92,880.9733333333334
U009842,3,1634.6999999999998,544.9
U009847,3,2941.89,980.63
U009849,3,530.89,176.96333333333334
U003949,3,1094.48,364.82666666666665
U003950,3,2066.57,688.8566666666667
U003951,3,695.9100000000001,231.97000000000003
U003917,3,1394.5700000000002,464.85666666666674
U006968,3,729.53,243.17666666666665
U006551,3,2408.29,802.7633333333333
U000271,3,395.09,131.69666666666666
U006556,3,1739.66,579.8866666666667
U006564,3,854.63,284.87666666666667
U006531,3,3890.3900000000003,1296.7966666666669
U006541,3,683.13,227.71
U000291,3,4352.07,1450.6899999999998
U000292,3,1613.58,537.86
U008360,3,642.75,214.25
U003514,3,1628.91,542.97
U003515,3,2585.31,861.77
U003516,3,794.3,264.76666666666665
U003520,3,3925.88,1308.6266666666668
U003523,3,185.97,61.99
U003495,3,1246.6999999999998,415.5666666666666
U006583,3,1914.01,638.0033333333333
U006584,3,3196.1000000000004,1065.3666666666668
U000319,3,6877.950000000001,2292.65
U000250,3,487.05,162.35
U000253,3,1452.66,484.22
U000255,3,1473.3799999999999,491.1266666666666
U000261,3,3934.2900000000004,1311.43
U003904,3,1094.07,364.69
U003539,3,2662.96,887.6533333333333
U003542,3,1976.42,658.8066666666667
U008342,3,891.0600000000001,297.02000000000004
U003507,3,896.22,298.74
U000303,3,166.34,55.446666666666665
U006956,3,3129.0099999999998,1043.0033333333333
U006960,3,670.16,223.38666666666666
U006967,3,2006.9,668.9666666666667
U000309,3,1236.0900000000001,412.03000000000003
U009854,3,3492.42,1164.14
U009862,3,3223.24,1074.4133333333332
U006935,3,2484.3700000000003,828.1233333333334
U006937,3,1085.6399999999999,361.87999999999994
U003908,3,618.8,206.26666666666665
U003910,3,1339.9499999999998,446.6499999999999
U003885,3,1784.83,594.9433333333333
U003555,3,1893.31,631.1033333333334
U003527,3,1909.2800000000002,636.4266666666667
U008182,3,1648.52,549.5066666666667
U006601,3,5426.200000000001,1808.7333333333336
U006569,3,4243.38,1414.46
U006574,3,2380.35,793.4499999999999
U006580,3,838.24,279.41333333333336
U006581,3,1546.38,515.46
U006949,3,1190.59,396.8633333333333
U006603,3,1915.5300000000002,638.5100000000001
U000273,3,1912.07,637.3566666666667
U000276,3,2504.9,834.9666666666667
U000284,3,1119.76,373.25333333333333
U000222,3,435.40999999999997,145.13666666666666
U000231,3,3833.79,1277.93
U000232,3,273.96000000000004,91.32000000000001
U003868,3,966.31,322.1033333333333
U003873,3,1314.74,438.24666666666667
U003568,3,744.9499999999999,248.31666666666663
U003570,3,803.3500000000001,267.78333333333336
U008347,3,556.1099999999999,185.36999999999998
U003907,3,1584.3899999999999,528.13
U006590,3,4448.0,1482.6666666666667
U006599,3,1259.32,419.7733333333333
U000212,3,852.3100000000001,284.10333333333335
U000263,3,2717.7400000000002,905.9133333333334
U009869,3,3272.4799999999996,1090.8266666666666
U009873,3,4920.549999999999,1640.1833333333332
U009885,3,1296.94,432.31333333333333
U000220,3,1541.78,513.9266666666666
U000196,3,1045.45,348.48333333333335
U003879,3,598.76,199.58666666666667
U008204,3,604.31,201.43666666666664
U003850,3,809.9,269.96666666666664
U003587,3,807.03,269.01
U003588,3,1437.0900000000001,479.03000000000003
U008319,3,2604.99,868.3299999999999
U003529,3,3257.3300000000004,1085.7766666666669
U003531,3,3345.57,1115.19
U003888,3,1489.6999999999998,496.5666666666666
U006648,3,900.6099999999999,300.2033333333333
U006621,3,320.98,106.99333333333334
U006622,3,2174.88,724.96
U006624,3,1827.76,609.2533333333333
U006628,3,1541.3600000000001,513.7866666666667
U006633,3,279.53999999999996,93.17999999999999
U009897,3,215.31,71.77
U003563,3,435.1,145.03333333333333
U003854,3,2471.45,823.8166666666666
U003832,3,1572.17,524.0566666666667
U003836,3,2058.15,686.0500000000001
U003839,3,1849.04,616.3466666666667
U008302,3,781.26,260.42
U008309,3,4133.280000000001,1377.7600000000002
U003546,3,705.59,235.1966666666667
U000209,3,2717.6,905.8666666666667
U003583,3,1877.02,625.6733333333333
U003844,3,892.44,297.48
U006657,3,2027.05,675.6833333333333
U006641,3,1356.03,452.01
U006643,3,3406.08,1135.36
U000216,3,1317.59,439.19666666666666
U006682,3,109.06,36.35333333333333
U006915,3,862.68,287.56
U003819,3,1019.24,339.74666666666667
U003828,3,555.54,185.17999999999998
U003632,3,1060.9,353.6333333333334
U003603,3,1534.08,511.35999999999996
U003604,3,1524.08,508.02666666666664
U008331,3,364.59000000000003,121.53000000000002
U003562,3,4090.88,1363.6266666666668
U000201,3,3444.54,1148.18
U006672,3,700.82,233.60666666666668
U006903,3,237.26,79.08666666666666
U006916,3,715.77,238.59
U006918,3,726.57,242.19000000000003
U006920,3,1762.59,587.53
U006930,3,808.63,269.54333333333335
U009890,3,1699.96,566.6533333333333
U009894,3,2327.12,775.7066666666666
U006701,3,542.28,180.76
U006704,3,4931.33,1643.7766666666666
U008226,3,1564.21,521.4033333333333
U003795,3,2678.09,892.6966666666667
U003809,3,1917.91,639.3033333333334
U003810,3,3311.1800000000003,1103.7266666666667
U008236,3,2778.72,926.2399999999999
U008312,3,1736.4,578.8000000000001
U000170,3,713.6899999999999,237.89666666666665
U000136,3,4246.74,1415.58
U000139,3,1481.58,493.85999999999996
U000146,3,3263.04,1087.68
U000153,3,1908.06,636.02
U000097,3,3956.5099999999998,1318.8366666666666
U006743,3,331.38,110.46
U003780,3,3001.74,1000.5799999999999
U003786,3,1346.55,448.84999999999997
U003789,3,2188.86,729.62
U003764,3,1554.06,518.02
U003671,3,978.23,326.07666666666665
U003643,3,944.88,314.96
U003607,3,382.28,127.42666666666666
U008222,3,2600.03,866.6766666666667
U006705,3,2170.91,723.6366666666667
U003673,3,2851.17,950.39
U008257,3,572.71,190.90333333333334
U003647,3,653.12,217.70666666666668
U003648,3,1280.71,426.90333333333336
U003649,3,4524.33,1508.11
U003654,3,505.87,168.62333333333333
U003768,3,2204.21,734.7366666666667
U003746,3,474.42999999999995,158.14333333333332
U003751,3,1121.6,373.8666666666666
U003756,3,3042.29,1014.0966666666667
U008239,3,339.18,113.06
U008242,3,1901.03,633.6766666666666
U008246,3,1127.6599999999999,375.8866666666666
U003778,3,4727.46,1575.82
U006690,3,1288.1999999999998,429.3999999999999
U000166,3,389.84,129.94666666666666
U000070,3,4528.58,1509.5266666666666
U006770,3,1822.11,607.37
U006716,3,206.91,68.97
U006718,3,1902.7,634.2333333333333
U009905,3,1627.72,542.5733333333334
U009914,3,1955.19,651.73
U009919,3,474.33000000000004,158.11
U000117,3,2378.43,792.81
U009934,3,1760.1000000000001,586.7
U009940,3,454.82000000000005,151.60666666666668
U003664,3,759.12,253.04
U003665,3,300.67,100.22333333333334
U003668,3,2641.77,880.59
U003700,3,2531.8,843.9333333333334
U003701,3,2171.41,723.8033333333333
U003703,3,1257.07,419.0233333333333
U008281,3,338.51,112.83666666666666
U006839,3,1651.3000000000002,550.4333333333334
U006850,3,1955.13,651.71
U000034,3,751.77,250.59
U006826,3,276.3,92.10000000000001
U009960,3,791.5900000000001,263.8633333333334
U009971,3,938.53,312.8433333333333
U009972,3,3526.28,1175.4266666666667
U000004,3,7620.84,2540.28
U000003,3,1153.01,384.33666666666664
U008258,3,918.92,306.3066666666667
U008261,3,2845.28,948.4266666666667
U006788,3,2369.65,789.8833333333333
U006801,3,6698.110000000001,2232.7033333333334
U006871,3,5741.86,1913.9533333333331
U006785,3,1984.1299999999999,661.3766666666667
U007544,3,1240.81,413.6033333333333
U005378,3,3598.21,1199.4033333333334
U009180,3,2082.95,694.3166666666666
U001703,3,3826.2,1275.3999999999999
U005427,3,1069.92,356.64000000000004
U005428,3,2401.19,800.3966666666666
U005405,3,1850.06,616.6866666666666
U005406,3,563.27,187.75666666666666
U001750,3,3531.7200000000003,1177.24
U001753,3,1013.0799999999999,337.6933333333333
U005435,3,1964.21,654.7366666666667
U005436,3,1634.9099999999999,544.9699999999999
U005440,3,1673.51,557.8366666666667
U009954,3,942.51,314.17
U000046,3,1716.68,572.2266666666667
U000048,3,1989.77,663.2566666666667
U000008,2,1520.91,760.455
U009997,2,2362.3500000000004,1181.1750000000002
U009995,2,719.6800000000001,359.84000000000003
U009974,2,1172.68,586.34
U009967,2,3315.09,1657.545
U009964,2,1439.82,719.91
U009963,2,1063.8,531.9
U009961,2,1847.18,923.59
U006835,2,3703.4,1851.7
U006833,2,353.15999999999997,176.57999999999998
U006827,2,747.28,373.64
U000026,2,511.53,255.765
U000031,2,1235.96,617.98
U000037,2,895.9300000000001,447.96500000000003
U009943,2,874.26,437.13
U009944,2,2547.92,1273.96
U009945,2,3169.5699999999997,1584.7849999999999
U009946,2,131.86,65.93
U009948,2,2167.11,1083.555
U009955,2,1484.26,742.13
U009956,2,361.18,180.59
U009957,2,3101.98,1550.99
U000043,2,733.6899999999999,366.84499999999997
U000047,2,2936.69,1468.345
U006807,2,105.82,52.91
U006809,2,1310.02,655.01
U006810,2,2485.7299999999996,1242.8649999999998
U003658,2,539.6800000000001,269.84000000000003
U003659,2,2540.55,1270.275
U003670,2,691.3,345.65
U003692,2,2190.6,1095.3
U003693,2,367.63,183.815
U003694,2,1077.93,538.965
U003696,2,152.10999999999999,76.05499999999999
U003699,2,267.54,133.77
U003702,2,925.64,462.82
U003672,2,90.86,45.43
U003676,2,592.51,296.255
U003678,2,301.59999999999997,150.79999999999998
U003679,2,1659.6599999999999,829.8299999999999
U008251,2,86.5,43.25
U008252,2,1337.18,668.59
U008253,2,3984.76,1992.38
U003640,2,1910.4899999999998,955.2449999999999
U003641,2,352.52,176.26
U003644,2,460.64,230.32
U003645,2,177.2,88.6
U003646,2,2917.0499999999997,1458.5249999999999
U008286,2,1053.3600000000001,526.6800000000001
U003766,2,1116.47,558.235
U003775,2,437.48,218.74
U003741,2,2799.96,1399.98
U003747,2,2086.69,1043.345
U003749,2,1169.19,584.595
U003753,2,917.44,458.72
U003757,2,2222.67,1111.335
U003684,2,479.02,239.51
U003688,2,55.86,27.93
U003655,2,355.22,177.61
U008243,2,3042.9300000000003,1521.4650000000001
U008245,2,4704.38,2352.19
U008248,2,953.88,476.94
U008249,2,271.73,135.865
U008250,2,251.66,125.83
U003777,2,125.42,62.71
U003787,2,2538.3199999999997,1269.1599999999999
U003790,2,1261.76,630.88
U003794,2,5024.49,2512.245
U003759,2,242.95999999999998,121.47999999999999
U003760,2,448.77,224.385
U003761,2,371.16,185.58
U003763,2,1947.08,973.54
U003765,2,324.15,162.075
U003638,2,205.26999999999998,102.63499999999999
U003639,2,977.8100000000001,488.90500000000003
U003806,2,1595.21,797.605
U008287,2,270.62,135.31
U008288,2,2450.97,1225.485
U008289,2,600.98,300.49
U008290,2,1654.69,827.345
U008291,2,1587.8500000000001,793.9250000000001
U008292,2,371.33000000000004,185.66500000000002
U008294,2,182.32999999999998,91.16499999999999
U008297,2,530.3,265.15
U008298,2,2865.2999999999997,1432.6499999999999
U003617,2,2159.0,1079.5
U003618,2,624.03,312.015
U003619,2,1670.91,835.455
U003620,2,3400.24,1700.12
U003622,2,627.79,313.895
U008232,2,1921.73,960.865
U008215,2,2241.15,1120.575
U008216,2,268.7,134.35
U003625,2,1051.1,525.55
U003626,2,221.95,110.975
U003628,2,840.37,420.185
U003633,2,605.29,302.645
U003635,2,961.0699999999999,480.53499999999997
U003600,2,993.83,496.915
U003606,2,2775.63,1387.815
U008218,2,758.48,379.24
U008221,2,418.52,209.26
U008223,2,596.97,298.485
U008224,2,619.09,309.545
U008227,2,1683.28,841.64
U008231,2,1864.46,932.23
U003802,2,339.46,169.73
U003616,2,1357.67,678.835
U008303,2,165.76999999999998,82.88499999999999
U008304,2,794.44,397.22
U008311,2,1053.67,526.835
U008314,2,559.79,279.895
U008315,2,182.73000000000002,91.36500000000001
U008317,2,862.72,431.36
U003582,2,1308.22,654.11
U003813,2,224.24,112.12
U003815,2,187.52,93.76
U003816,2,6767.64,3383.82
U003821,2,4516.77,2258.385
U003825,2,1764.02,882.01
U003826,2,138.70999999999998,69.35499999999999
U008213,2,1783.75,891.875
U008214,2,757.98,378.99
U003596,2,556.95,278.475
U003599,2,233.85,116.925
U008320,2,219.85999999999999,109.92999999999999
U008324,2,493.87,246.935
U008328,2,791.49,395.745
U008333,2,930.54,465.27
U003858,2,1807.25,903.625
U003860,2,471.15,235.575
U003831,2,416.94,208.47
U003834,2,1274.25,637.125
U003837,2,164.94,82.47
U003840,2,1392.38,696.19
U003843,2,669.32,334.66
U003612,2,1748.4099999999999,874.2049999999999
U003613,2,293.48,146.74
U003615,2,2370.06,1185.03
U003871,2,378.66,189.33
U003874,2,281.83,140.915
U003574,2,4196.77,2098.385
U003543,2,878.18,439.09
U003548,2,899.6300000000001,449.81500000000005
U003549,2,207.66,103.83
U003880,2,467.01,233.505
U003881,2,937.2,468.6
U008197,2,1153.71,576.855
U008198,2,80.0,40.0
U008200,2,2570.82,1285.41
U008201,2,306.38,153.19
U008203,2,133.69,66.845
U008206,2,1149.9699999999998,574.9849999999999
U003586,2,2236.65,1118.325
U003591,2,1318.22,659.11
U003551,2,216.76999999999998,108.38499999999999
U003552,2,1573.52,786.76
U003553,2,1009.21,504.605
U003556,2,114.14999999999999,57.074999999999996
U003525,2,1239.1100000000001,619.5550000000001
U003533,2,3984.35,1992.175
U003534,2,1731.02,865.51
U003538,2,540.75,270.375
U003890,2,48.09,24.045
U003892,2,1428.4,714.2
U003893,2,2797.6099999999997,1398.8049999999998
U003898,2,506.74,253.37
U003899,2,1562.48,781.24
U003900,2,748.69,374.345
U003869,2,2739.21,1369.605
U003870,2,477.33000000000004,238.66500000000002
U003901,2,1161.19,580.595
U008339,2,695.84,347.92
U008340,2,1569.55,784.775
U008343,2,646.5,323.25
U008349,2,718.06,359.03
U008352,2,298.89,149.445
U003508,2,73.36,36.68
U003509,2,1318.7099999999998,659.3549999999999
U003511,2,1152.71,576.355
U003512,2,439.94,219.97
U003912,2,1038.56,519.28
U003914,2,678.76,339.38
U003916,2,1601.39,800.695
U003883,2,359.17999999999995,179.58999999999997
U003884,2,743.31,371.655
U003886,2,1673.8,836.9
U008363,2,231.36,115.68
U003471,2,127.07,63.535
U003472,2,1507.56,753.78
U003517,2,808.0799999999999,404.03999999999996
U003518,2,159.63,79.815
U003519,2,2440.67,1220.335
U003521,2,4449.3,2224.65
U003491,2,607.79,303.895
U003494,2,889.4,444.7
U003497,2,243.44,121.72
U003499,2,920.54,460.27
U008176,2,885.0300000000001,442.51500000000004
U008178,2,1447.04,723.52
U008189,2,472.57,236.285
U008190,2,785.9300000000001,392.96500000000003
U008194,2,1179.12,589.56
U003941,2,990.37,495.185
U003944,2,1608.05,804.025
U003945,2,300.21000000000004,150.10500000000002
U003479,2,332.91,166.455
U003486,2,676.4399999999999,338.21999999999997
U003454,2,1526.23,763.115
U003456,2,89.24,44.62
U003460,2,1103.02,551.51
U003946,2,859.19,429.595
U003928,2,323.92999999999995,161.96499999999997
U003929,2,3825.79,1912.895
U003931,2,90.54,45.27
U003932,2,196.7,98.35
U003934,2,761.78,380.89
U008355,2,4235.55,2117.775
U008357,2,499.24,249.62
U003418,2,1017.29,508.645
U003421,2,1351.12,675.56
U003425,2,379.71000000000004,189.85500000000002
U003461,2,787.78,393.89
U003464,2,910.92,455.46
U003467,2,847.7900000000001,423.89500000000004
U003468,2,2940.95,1470.475
U003470,2,1066.82,533.41
U003433,2,2486.01,1243.005
U003441,2,932.99,466.495
U003443,2,642.39,321.195
U003445,2,553.5999999999999,276.79999999999995
U008370,2,10190.11,5095.055
U003961,2,619.74,309.87
U003965,2,2534.82,1267.41
U003975,2,1070.77,535.385
U008154,2,499.27,249.635
U003981,2,834.66,417.33
U003426,2,799.09,399.545
U003427,2,7879.77,3939.885
U003408,2,210.69,105.345
U003983,2,84.32,42.16
U003986,2,968.44,484.22
U003992,2,352.84999999999997,176.42499999999998
U008157,2,314.46,157.23
U008376,2,4194.01,2097.005
U008379,2,1856.15,928.075
U008382,2,603.55,301.775
U008383,2,663.03,331.515
U008384,2,579.2,289.6
U008385,2,954.32,477.16
U003415,2,170.76999999999998,85.38499999999999
U003410,2,500.44,250.22
U003413,2,1768.6200000000001,884.3100000000001
U008390,2,731.86,365.93
U008394,2,413.29999999999995,206.64999999999998
U008395,2,1630.14,815.07
U008397,2,358.28,179.14
U008398,2,921.8499999999999,460.92499999999995
U008401,2,1102.31,551.155
U008403,2,727.4300000000001,363.71500000000003
U008405,2,4124.41,2062.205
U008141,2,5329.28,2664.64
U008143,2,279.12,139.56
U008144,2,2579.93,1289.965
U008145,2,689.89,344.945
U008147,2,319.75,159.875
U008149,2,549.26,274.63
U004020,2,1237.27,618.635
U004025,2,2985.9500000000003,1492.9750000000001
U003382,2,284.37,142.185
U003386,2,1517.9099999999999,758.9549999999999
U003388,2,1479.3400000000001,739.6700000000001
U003392,2,1756.27,878.135
U003360,2,1777.6799999999998,888.8399999999999
U003364,2,2977.31,1488.655
U003367,2,490.06999999999994,245.03499999999997
U003368,2,235.47,117.735
U003369,2,561.3199999999999,280.65999999999997
U004028,2,469.81,234.905
U004029,2,358.12,179.06
U004032,2,1789.97,894.985
U004034,2,1660.86,830.43
U004001,2,2595.2200000000003,1297.6100000000001
U003320,2,333.18,166.59
U003324,2,1286.93,643.465
U003370,2,2419.12,1209.56
U003372,2,452.9,226.45
U003374,2,1498.74,749.37
U003343,2,367.84000000000003,183.92000000000002
U003344,2,58.96000000000001,29.480000000000004
U003353,2,331.94,165.97
U003355,2,319.8,159.9
U003356,2,832.6700000000001,416.33500000000004
U008126,2,720.0,360.0
U008130,2,1539.47,769.735
U008137,2,373.27000000000004,186.63500000000002
U008138,2,1942.06,971.03
U008139,2,1716.65,858.325
U004018,2,36.26,18.13
U003336,2,1502.72,751.36
U003298,2,93.42,46.71
U003302,2,1635.26,817.63
U003306,2,497.76,248.88
U003313,2,458.7,229.35
U004064,2,326.1,163.05
U004072,2,1168.93,584.465
U004041,2,1830.8999999999999,915.4499999999999
U004047,2,1926.77,963.385
U004049,2,1480.92,740.46
U004050,2,1982.59,991.295
U008409,2,942.52,471.26
U008412,2,1373.87,686.935
U008418,2,769.6800000000001,384.84000000000003
U008424,2,303.19,151.595
U008425,2,1777.66,888.83
U008120,2,762.29,381.145
U003284,2,621.31,310.655
U003287,2,601.45,300.725
U003292,2,893.71,446.855
U003294,2,856.72,428.36
U004076,2,1330.42,665.21
U004084,2,1307.72,653.86
U004087,2,1467.83,733.915
U004059,2,334.58000000000004,167.29000000000002
U008426,2,2479.95,1239.975
U008430,2,765.23,382.615
U008437,2,330.27,165.135
U008440,2,2737.3,1368.65
U008441,2,1121.97,560.985
U003280,2,453.74,226.87
U003334,2,327.15,163.575
U008455,2,616.0899999999999,308.04499999999996
U008456,2,1616.33,808.165
U008459,2,1212.85,606.425
U008461,2,1947.66,973.83
U003269,2,1609.51,804.755
U003270,2,833.45,416.725
U003271,2,1391.76,695.88
U003274,2,494.04999999999995,247.02499999999998
U003249,2,112.82000000000001,56.410000000000004
U003251,2,320.62,160.31
U003253,2,2874.19,1437.095
U003254,2,582.86,291.43
U004099,2,571.55,285.775
U004104,2,432.6,216.3
U008107,2,1941.13,970.565
U008110,2,2071.9700000000003,1035.9850000000001
U004129,2,5406.65,2703.325
U008469,2,1986.32,993.16
U008477,2,1967.58,983.79
U003179,2,1213.57,606.785
U003192,2,2619.44,1309.72
U003198,2,3622.4100000000003,1811.2050000000002
U003204,2,1245.3799999999999,622.6899999999999
U003207,2,989.7,494.85
U008093,2,155.56,77.78
U008098,2,1642.61,821.305
U004095,2,267.65000000000003,133.82500000000002
U004097,2,409.48,204.74
U003229,2,2731.7000000000003,1365.8500000000001
U003235,2,3568.33,1784.165
U003211,2,865.6800000000001,432.84000000000003
U003212,2,1117.6599999999999,558.8299999999999
U004156,2,550.7,275.35
U004158,2,1545.5,772.75
U004159,2,202.4,101.2
U004164,2,807.44,403.72
U004131,2,983.0400000000001,491.52000000000004
U004137,2,2106.39,1053.195
U004139,2,540.09,270.045
U004145,2,2506.17,1253.085
U004146,2,1377.44,688.72
U004148,2,142.68,71.34
U004112,2,1205.3,602.65
U004115,2,193.19,96.595
U004117,2,1648.72,824.36
U004118,2,1543.23,771.615
U004119,2,951.26,475.63
U004124,2,874.03,437.015
U008079,2,4427.15,2213.575
U008080,2,6442.5,3221.25
U008083,2,410.21999999999997,205.10999999999999
U008084,2,1621.92,810.96
U003182,2,192.23,96.115
U003183,2,3270.12,1635.06
U003188,2,2031.78,1015.89
U003189,2,2271.46,1135.73
U003162,2,603.13,301.565
U003164,2,562.33,281.165
U003165,2,182.23,91.115
U003166,2,174.17000000000002,87.08500000000001
U003170,2,1042.09,521.045
U003171,2,813.47,406.735
U003172,2,960.64,480.32
U004152,2,423.71000000000004,211.85500000000002
U003156,2,269.28999999999996,134.64499999999998
U003117,2,2661.4399999999996,1330.7199999999998
U003124,2,344.23,172.115
U003173,2,3987.4799999999996,1993.7399999999998
U008489,2,967.43,483.715
U008491,2,866.3299999999999,433.16499999999996
U008493,2,921.87,460.935
U008494,2,1194.76,597.38
U008495,2,1719.06,859.53
U008502,2,1633.71,816.855
U003138,2,395.67,197.835
U004182,2,212.92000000000002,106.46000000000001
U004183,2,1634.83,817.415
U008071,2,1645.8,822.9
U008073,2,2974.73,1487.365
U008077,2,738.75,369.375
U003135,2,1585.15,792.575
U008506,2,262.7,131.35
U008509,2,1872.7199999999998,936.3599999999999
U008512,2,1989.52,994.76
U008514,2,852.8199999999999,426.40999999999997
U004187,2,59.53,29.765
U004191,2,224.0,112.0
U004193,2,185.22,92.61
U004194,2,1203.8600000000001,601.9300000000001
U004170,2,1373.71,686.855
U004174,2,459.32,229.66
U004175,2,3131.5099999999998,1565.7549999999999
U004181,2,2785.01,1392.505
U003148,2,195.8,97.9
U003149,2,416.27,208.135
U003153,2,3204.8500000000004,1602.4250000000002
U003074,2,352.31,176.155
U003106,2,540.46,270.23
U003111,2,721.17,360.585
U003113,2,1723.77,861.885
U003114,2,205.14999999999998,102.57499999999999
U003116,2,3420.79,1710.395
U003086,2,818.7399999999999,409.36999999999995
U004216,2,929.6,464.8
U008052,2,87.87,43.935
U008053,2,108.81,54.405
U008055,2,1216.63,608.315
U008060,2,343.93,171.965
U008066,2,682.92,341.46
U004184,2,687.47,343.735
U004186,2,334.99,167.495
U003133,2,595.05,297.525
U003076,2,1662.64,831.32
U008523,2,20.09,10.045
U008525,2,789.9300000000001,394.96500000000003
U008529,2,665.14,332.57
U008530,2,149.14000000000001,74.57000000000001
U008535,2,2785.8599999999997,1392.9299999999998
U003042,2,1413.27,706.635
U004228,2,1769.37,884.685
U004231,2,425.79999999999995,212.89999999999998
U004202,2,790.77,395.385
U004214,2,5348.26,2674.13
U003092,2,2112.33,1056.165
U003094,2,783.48,391.74
U003095,2,50.08,25.04
U003061,2,2439.2599999999998,1219.6299999999999
U003064,2,2878.26,1439.13
U004251,2,864.05,432.025
U004252,2,679.07,339.535
U003044,2,3050.5299999999997,1525.2649999999999
U003052,2,2062.99,1031.495
U003053,2,2511.95,1255.975
U003056,2,932.1500000000001,466.07500000000005
U003057,2,1464.45,732.225
U003022,2,1454.75,727.375
U003024,2,1073.22,536.61
U003026,2,2542.7400000000002,1271.3700000000001
U008032,2,671.09,335.545
U008036,2,1563.79,781.895
U008046,2,1159.81,579.905
U008050,2,298.77,149.385
U004221,2,1300.85,650.425
U003075,2,1346.1399999999999,673.0699999999999
U004259,2,379.34000000000003,189.67000000000002
U004261,2,486.99,243.495
U004263,2,1189.1499999999999,594.5749999999999
U004264,2,292.08,146.04
U003004,2,551.4300000000001,275.71500000000003
U003006,2,185.17000000000002,92.58500000000001
U003007,2,677.0799999999999,338.53999999999996
U003008,2,326.48,163.24
U003012,2,400.26,200.13
U003013,2,1773.84,886.92
U004270,2,354.97,177.485
U004271,2,4982.5199999999995,2491.2599999999998
U004239,2,1212.24,606.12
U004240,2,1027.92,513.96
U004243,2,1175.75,587.875
U004244,2,1330.08,665.04
U002966,2,2776.0,1388.0
U002970,2,1341.76,670.88
U002974,2,641.39,320.695
U008538,2,226.34,113.17
U008539,2,768.75,384.375
U008541,2,1165.9299999999998,582.9649999999999
U008546,2,312.58,156.29
U008548,2,866.34,433.17
U008549,2,504.21999999999997,252.10999999999999
U002983,2,1596.02,798.01
U002986,2,427.79,213.895
U004285,2,817.22,408.61
U004287,2,777.4399999999999,388.71999999999997
U004288,2,1897.5,948.75
U004256,2,3049.6400000000003,1524.8200000000002
U004258,2,779.63,389.815
U008569,2,1335.8799999999999,667.9399999999999
U008570,2,790.53,395.265
U008571,2,2026.07,1013.035
U008572,2,594.0999999999999,297.04999999999995
U002948,2,851.2900000000001,425.64500000000004
U004277,2,6449.61,3224.805
U004279,2,1677.03,838.515
U004281,2,342.88,171.44
U004283,2,246.82999999999998,123.41499999999999
U004284,2,721.12,360.56
U002996,2,889.03,444.515
U002997,2,490.98,245.49
U002998,2,57.21,28.605
U002999,2,252.63,126.315
U002964,2,124.53,62.265
U002965,2,398.76,199.38
U004320,2,350.49,175.245
U002951,2,290.94,145.47
U002955,2,133.23000000000002,66.61500000000001
U002959,2,2903.7799999999997,1451.8899999999999
U002930,2,478.53999999999996,239.26999999999998
U002935,2,3498.07,1749.035
U004325,2,565.46,282.73
U008016,2,565.0799999999999,282.53999999999996
U008018,2,1817.06,908.53
U008019,2,665.8100000000001,332.90500000000003
U008023,2,664.1999999999999,332.09999999999997
U008027,2,339.86,169.93
U008030,2,1231.01,615.505
U008561,2,1461.72,730.86
U008564,2,1302.32,651.16
U008567,2,870.29,435.145
U004336,2,3974.38,1987.19
U004337,2,1821.3899999999999,910.6949999999999
U002942,2,925.72,462.86
U008580,2,1533.23,766.615
U008581,2,625.52,312.76
U008586,2,401.63,200.815
U002908,2,986.39,493.195
U004344,2,1233.1,616.55
U004346,2,2649.7099999999996,1324.8549999999998
U004347,2,275.34000000000003,137.67000000000002
U004348,2,1376.0900000000001,688.0450000000001
U004310,2,287.31,143.655
U004315,2,1400.9299999999998,700.4649999999999
U004316,2,469.2,234.6
U004317,2,3832.4,1916.2
U004319,2,964.66,482.33
U008012,2,1021.65,510.825
U004353,2,485.71,242.855
U002912,2,518.42,259.21
U002918,2,796.0,398.0
U002922,2,4172.9400000000005,2086.4700000000003
U002891,2,691.55,345.775
U002894,2,379.53,189.765
U004354,2,902.0,451.0
U004357,2,986.61,493.305
U004359,2,109.92,54.96
U004364,2,185.52,92.76
U004365,2,467.54999999999995,233.77499999999998
U004366,2,2503.67,1251.835
U004328,2,525.45,262.725
U004332,2,1745.8899999999999,872.9449999999999
U004334,2,2064.54,1032.27
U002902,2,825.13,412.565
U002904,2,2083.93,1041.965
U002906,2,1177.75,588.875
U002874,2,70.11,35.055
U002875,2,218.5,109.25
U002877,2,1657.96,828.98
U002880,2,622.3599999999999,311.17999999999995
U002881,2,269.28,134.64
U002883,2,731.97,365.985
U004381,2,3338.7200000000003,1669.3600000000001
U007994,2,1969.8700000000001,984.9350000000001
U007997,2,700.45,350.225
U007998,2,2445.48,1222.74
U008000,2,572.74,286.37
U008003,2,705.98,352.99
U008005,2,1700.22,850.11
U002858,2,1967.15,983.575
U002859,2,1067.31,533.655
U002861,2,3153.71,1576.855
U002865,2,175.03,87.515
U002867,2,854.76,427.38
U004392,2,982.26,491.13
U004394,2,324.07000000000005,162.03500000000003
U004395,2,709.4300000000001,354.71500000000003
U004400,2,1964.56,982.28
U004368,2,1071.07,535.535
U004373,2,185.20000000000002,92.60000000000001
U004374,2,819.78,409.89
U004376,2,949.43,474.715
U004379,2,2312.72,1156.36
U002898,2,235.89000000000001,117.94500000000001
U002899,2,2037.48,1018.74
U004411,2,888.47,444.235
U004415,2,1268.48,634.24
U004416,2,1082.19,541.095
U002837,2,2239.01,1119.505
U002838,2,128.27,64.135
U002848,2,4613.6900000000005,2306.8450000000003
U002851,2,5964.26,2982.13
U007979,2,2665.06,1332.53
U007986,2,2292.84,1146.42
U007987,2,2231.67,1115.835
U007991,2,626.35,313.175
U007992,2,1218.68,609.34
U004389,2,703.94,351.97
U004391,2,2042.52,1021.26
U002884,2,392.79,196.395
U002887,2,1057.35,528.675
U007974,2,1755.17,877.585
U008601,2,608.29,304.145
U008603,2,3099.46,1549.73
U008604,2,1171.56,585.78
U008605,2,1052.52,526.26
U008606,2,1795.62,897.81
U008609,2,543.05,271.525
U008610,2,2483.79,1241.895
U008611,2,1161.27,580.635
U002814,2,7229.33,3614.665
U002815,2,890.04,445.02
U004426,2,1003.08,501.54
U004428,2,5027.03,2513.515
U004436,2,3087.74,1543.87
U004404,2,2231.98,1115.99
U004407,2,1877.8600000000001,938.9300000000001
U002822,2,1539.47,769.735
U002823,2,274.05,137.025
U002824,2,219.02,109.51
U002795,2,440.25,220.125
U002798,2,708.8,354.4
U002802,2,343.12,171.56
U002803,2,795.6800000000001,397.84000000000003
U002805,2,285.40999999999997,142.70499999999998
U004454,2,366.63,183.315
U004456,2,845.41,422.705
U007958,2,566.35,283.175
U007962,2,918.54,459.27
U007963,2,205.87,102.935
U007964,2,444.83,222.415
U007969,2,490.57,245.285
U007972,2,1862.48,931.24
U008612,2,1920.35,960.175
U008616,2,447.03,223.515
U008617,2,542.19,271.095
U008618,2,968.84,484.42
U008621,2,261.86,130.93
U008622,2,453.3,226.65
U008627,2,749.49,374.745
U008631,2,787.98,393.99
U004466,2,593.87,296.935
U004469,2,77.83,38.915
U004473,2,210.09,105.045
U004474,2,6303.7,3151.85
U004444,2,184.91,92.455
U004449,2,466.62,233.31
U004452,2,511.48,255.74
U002817,2,1818.23,909.115
U007954,2,274.96000000000004,137.48000000000002
U002780,2,3287.37,1643.685
U002782,2,293.36,146.68
U002787,2,1195.3600000000001,597.6800000000001
U002767,2,318.90999999999997,159.45499999999998
U002770,2,509.95000000000005,254.97500000000002
U002771,2,415.20000000000005,207.60000000000002
U004480,2,1248.08,624.04
U004482,2,371.17999999999995,185.58999999999997
U004483,2,591.0600000000001,295.53000000000003
U004488,2,847.1800000000001,423.59000000000003
U004492,2,1007.75,503.875
U004457,2,2688.43,1344.215
U004458,2,508.22,254.11
U004459,2,4627.53,2313.765
U002806,2,157.39,78.695
U008634,2,1554.43,777.215
U008640,2,1203.83,601.915
U008642,2,1437.05,718.525
U008643,2,351.0,175.5
U008644,2,1706.3799999999999,853.1899999999999
U008645,2,2124.03,1062.015
U002748,2,1457.12,728.56
U002750,2,566.15,283.075
U007937,2,798.6800000000001,399.34000000000003
U007940,2,514.95,257.475
U007941,2,668.55,334.275
U007944,2,1231.58,615.79
U007945,2,418.41,209.205
U007950,2,5001.97,2500.985
U007952,2,494.18,247.09
U007953,2,504.44000000000005,252.22000000000003
U007936,2,267.05,133.525
U004517,2,892.3900000000001,446.19500000000005
U004518,2,1063.77,531.885
U004519,2,2026.49,1013.245
U002758,2,1086.02,543.01
U008650,2,1577.22,788.61
U008651,2,659.05,329.525
U008655,2,435.69000000000005,217.84500000000003
U008659,2,2683.5,1341.75
U008660,2,424.43,212.215
U004526,2,598.87,299.435
U004529,2,601.48,300.74
U004505,2,1087.37,543.685
U004507,2,1613.7,806.85
U002774,2,346.33000000000004,173.16500000000002
U002776,2,271.48,135.74
U002693,2,7482.55,3741.275
U002696,2,57.01,28.505
U002703,2,1399.98,699.99
U002705,2,2257.7,1128.85
U008666,2,1039.93,519.965
U002738,2,2601.34,1300.67
U002739,2,681.32,340.66
U002741,2,1659.4900000000002,829.7450000000001
U002742,2,1185.49,592.745
U002743,2,3378.86,1689.43
U002709,2,217.85999999999999,108.92999999999999
U002715,2,864.48,432.24
U002716,2,585.38,292.69
U004554,2,914.76,457.38
U007915,2,192.45000000000002,96.22500000000001
U007927,2,430.05,215.025
U008670,2,448.01,224.005
U008671,2,426.23,213.115
U008673,2,582.99,291.495
U008676,2,1350.48,675.24
U008686,2,2438.74,1219.37
U002678,2,1329.4499999999998,664.7249999999999
U004571,2,158.64,79.32
U004537,2,594.86,297.43
U004541,2,669.0500000000001,334.52500000000003
U004546,2,2328.26,1164.13
U004547,2,267.41,133.705
U004549,2,2248.42,1124.21
U004551,2,786.86,393.43
U002724,2,623.4399999999999,311.71999999999997
U002725,2,308.63,154.315
U002726,2,1751.32,875.66
U002691,2,484.13,242.065
U002661,2,359.81,179.905
U002662,2,4004.57,2002.285
U002663,2,657.77,328.885
U002665,2,1227.63,613.815
U002666,2,113.00999999999999,56.504999999999995
U007897,2,2805.12,1402.56
U007898,2,270.95,135.475
U007900,2,554.38,277.19
U007904,2,557.99,278.995
U007905,2,948.0699999999999,474.03499999999997
U007907,2,244.38,122.19
U007910,2,1352.38,676.19
U004555,2,2925.6800000000003,1462.8400000000001
U004557,2,659.69,329.845
U004562,2,1722.9899999999998,861.4949999999999
U002672,2,1998.72,999.36
U002673,2,840.9200000000001,420.46000000000004
U002643,2,396.94,198.47
U002648,2,201.16,100.58
U002651,2,5373.09,2686.545
U002655,2,812.47,406.235
U008690,2,1054.98,527.49
U004614,2,224.02,112.01
U004579,2,342.14,171.07
U004582,2,223.92000000000002,111.96000000000001
U004591,2,300.41999999999996,150.20999999999998
U004593,2,1621.1100000000001,810.5550000000001
U004596,2,326.78999999999996,163.39499999999998
U007892,2,1570.9499999999998,785.4749999999999
U002681,2,1842.8400000000001,921.4200000000001
U002687,2,876.75,438.375
U004623,2,2205.7200000000003,1102.8600000000001
U008692,2,64.53,32.265
U008693,2,1549.69,774.845
U008699,2,380.26,190.13
U008704,2,3296.9900000000002,1648.4950000000001
U008705,2,1435.51,717.755
U002631,2,663.75,331.875
U004625,2,401.34000000000003,200.67000000000002
U004628,2,729.3199999999999,364.65999999999997
U004630,2,292.83000000000004,146.41500000000002
U004597,2,4447.13,2223.565
U004599,2,2400.54,1200.27
U004602,2,382.62,191.31
U004603,2,583.83,291.915
U004606,2,265.12,132.56
U002668,2,710.0600000000001,355.03000000000003
U004647,2,850.65,425.325
U004648,2,424.87,212.435
U007876,2,2088.08,1044.04
U002633,2,3295.94,1647.97
U002638,2,550.47,275.235
U002607,2,1528.81,764.405
U002609,2,1636.98,818.49
U002612,2,1468.62,734.31
U002619,2,109.79,54.895
U002624,2,3541.77,1770.885
U008709,2,526.73,263.365
U007877,2,213.65,106.825
U007885,2,659.0899999999999,329.54499999999996
U007888,2,443.77,221.885
U007891,2,106.55,53.275
U004617,2,1069.71,534.855
U004664,2,949.36,474.68
U004670,2,6232.62,3116.31
U008711,2,692.2,346.1
U008712,2,491.78,245.89
U008713,2,755.12,377.56
U008716,2,347.82,173.91
U002587,2,785.29,392.645
U002589,2,3383.0,1691.5
U002598,2,481.85,240.925
U004633,2,171.35,85.675
U004634,2,194.95000000000002,97.47500000000001
U004635,2,3372.82,1686.41
U004636,2,519.94,259.97
U004640,2,325.29999999999995,162.64999999999998
U004643,2,2331.7799999999997,1165.8899999999999
U004646,2,6339.4,3169.7
U002543,2,433.11,216.555
U002544,2,2610.08,1305.04
U002546,2,1182.15,591.075
U002601,2,1571.1399999999999,785.5699999999999
U002603,2,217.06,108.53
U002605,2,1409.8200000000002,704.9100000000001
U002570,2,2577.38,1288.69
U002571,2,1491.99,745.995
U002574,2,7193.34,3596.67
U002578,2,1262.58,631.29
U002584,2,1722.9,861.45
U008725,2,1633.1,816.55
U004682,2,341.06,170.53
U004683,2,916.41,458.205
U004689,2,1134.41,567.205
U004660,2,618.45,309.225
U002563,2,357.64,178.82
U002526,2,636.0300000000001,318.01500000000004
U002527,2,340.44,170.22
U002528,2,1814.5099999999998,907.2549999999999
U002537,2,3013.34,1506.67
U004696,2,452.18,226.09
U004698,2,3000.8999999999996,1500.4499999999998
U004676,2,1375.44,687.72
U004678,2,2071.93,1035.965
U008731,2,300.27,150.135
U008732,2,1663.1399999999999,831.5699999999999
U008736,2,694.5699999999999,347.28499999999997
U008737,2,800.0699999999999,400.03499999999997
U008738,2,378.89,189.445
U008739,2,853.78,426.89
U008740,2,2516.4,1258.2
U004709,2,896.42,448.21
U004713,2,520.65,260.325
U002542,2,2267.78,1133.89
U008746,2,1176.33,588.165
U008747,2,64.63,32.315
U008753,2,492.09000000000003,246.04500000000002
U008754,2,675.13,337.565
U008757,2,575.6700000000001,287.83500000000004
U004714,2,384.83,192.415
U007863,2,466.53,233.265
U007864,2,958.27,479.135
U007865,2,130.75,65.375
U007870,2,1092.83,546.415
U002554,2,826.6600000000001,413.33000000000004
U002556,2,725.9000000000001,362.95000000000005
U002559,2,1370.93,685.465
U002484,2,346.53000000000003,173.26500000000001
U002485,2,845.4200000000001,422.71000000000004
U002487,2,1142.4,571.2
U002489,2,1460.76,730.38
U002508,2,4939.030000000001,2469.5150000000003
U002512,2,1999.85,999.925
U002520,2,2425.17,1212.585
U002523,2,724.78,362.39
U002498,2,2643.27,1321.635
U004741,2,412.76,206.38
U004744,2,518.13,259.065
U007837,2,1459.3799999999999,729.6899999999999
U007839,2,3056.83,1528.415
U007842,2,380.49,190.245
U007844,2,2911.1099999999997,1455.5549999999998
U007850,2,296.99,148.495
U004755,2,1914.01,957.005
U002439,2,722.5799999999999,361.28999999999996
U002440,2,4871.46,2435.73
U002446,2,2862.05,1431.025
U008759,2,99.03999999999999,49.519999999999996
U008767,2,103.82,51.91
U008770,2,3846.36,1923.18
U008773,2,2552.67,1276.335
U002454,2,2067.69,1033.845
U004757,2,41.03,20.515
U004733,2,739.9599999999999,369.97999999999996
U004738,2,2562.56,1281.28
U004740,2,589.73,294.865
U002500,2,1224.4099999999999,612.2049999999999
U002501,2,1011.59,505.795
U002479,2,380.3,190.15
U002411,2,1999.13,999.565
U002412,2,1654.5900000000001,827.2950000000001
U002415,2,158.07999999999998,79.03999999999999
U002448,2,915.27,457.635
U002450,2,1294.0,647.0
U008777,2,859.09,429.545
U008780,2,1892.56,946.28
U008785,2,4149.5,2074.75
U008786,2,396.98,198.49
U008789,2,1194.25,597.125
U002420,2,3086.8900000000003,1543.4450000000002
U002422,2,2769.29,1384.645
U004770,2,389.66,194.83
U004776,2,1012.14,506.07
U004782,2,3177.81,1588.905
U004752,2,799.93,399.965
U008797,2,58.52,29.26
U008800,2,919.4100000000001,459.70500000000004
U008801,2,689.0899999999999,344.54499999999996
U008803,2,677.19,338.595
U008805,2,528.91,264.455
U008809,2,1389.79,694.895
U008810,2,509.45000000000005,254.72500000000002
U002382,2,1484.99,742.495
U002386,2,343.22,171.61
U007818,2,1066.96,533.48
U007825,2,969.3000000000001,484.65000000000003
U004768,2,1309.15,654.575
U002423,2,1253.11,626.555
U002430,2,455.65,227.825
U002435,2,700.89,350.445
U002400,2,1840.9699999999998,920.4849999999999
U008816,2,379.45,189.725
U008819,2,237.43,118.715
U008823,2,1472.6599999999999,736.3299999999999
U008825,2,4059.64,2029.82
U008826,2,2956.96,1478.48
U008828,2,559.62,279.81
U004812,2,2204.95,1102.475
U004816,2,1497.8600000000001,748.9300000000001
U004784,2,1469.35,734.675
U004787,2,942.37,471.185
U004788,2,4853.27,2426.635
U004791,2,844.2,422.1
U004792,2,542.02,271.01
U004794,2,266.93,133.465
U004799,2,348.58,174.29
U008794,2,1095.4,547.7
U002368,2,307.11,153.555
U002371,2,797.5699999999999,398.78499999999997
U002374,2,909.3399999999999,454.66999999999996
U008832,2,1531.49,765.745
U008836,2,183.70000000000002,91.85000000000001
U004837,2,703.6500000000001,351.82500000000005
U004839,2,1267.4299999999998,633.7149999999999
U007804,2,836.3,418.15
U007806,2,953.8799999999999,476.93999999999994
U007807,2,524.39,262.195
U007811,2,841.8199999999999,420.90999999999997
U004805,2,1148.85,574.425
U002391,2,505.27,252.635
U002393,2,1918.97,959.485
U002398,2,3153.63,1576.815
U008815,2,1593.24,796.62
U007787,2,373.59000000000003,186.79500000000002
U007788,2,8016.849999999999,4008.4249999999997
U007791,2,2409.01,1204.505
U007792,2,113.07999999999998,56.53999999999999
U004846,2,1663.8200000000002,831.9100000000001
U004847,2,1192.81,596.405
U004849,2,956.05,478.025
U004852,2,934.78,467.39
U004854,2,190.5,95.25
U004858,2,569.71,284.855
U004822,2,1644.5700000000002,822.2850000000001
U004827,2,3189.8900000000003,1594.9450000000002
U004829,2,387.20000000000005,193.60000000000002
U004836,2,4002.75,2001.375
U008829,2,627.81,313.905
U002367,2,248.48,124.24
U004873,2,87.67999999999999,43.839999999999996
U004877,2,2205.96,1102.98
U007779,2,514.04,257.02
U002347,2,579.61,289.805
U002359,2,348.88,174.44
U002361,2,128.65,64.325
U002331,2,1277.92,638.96
U002333,2,162.18,81.09
U002336,2,1379.46,689.73
U002339,2,700.8399999999999,350.41999999999996
U002340,2,208.95,104.475
U007780,2,1459.77,729.885
U007781,2,126.21000000000001,63.105000000000004
U007782,2,197.12,98.56
U007784,2,397.95,198.975
U007786,2,921.05,460.525
U004885,2,1970.53,985.265
U004886,2,1737.52,868.76
U008851,2,1717.19,858.595
U008852,2,1488.41,744.205
U008853,2,182.84,91.42
U008854,2,2947.8500000000004,1473.9250000000002
U008855,2,2185.22,1092.61
U008858,2,1679.54,839.77
U008860,2,783.9100000000001,391.95500000000004
U008862,2,624.51,312.255
U008863,2,316.72,158.36
U004888,2,678.0,339.0
U004890,2,150.48000000000002,75.24000000000001
U004892,2,329.19000000000005,164.59500000000003
U004863,2,318.35,159.175
U004871,2,126.03,63.015
U008878,2,529.89,264.945
U008882,2,813.39,406.695
U002276,2,219.96,109.98
U002320,2,303.09,151.545
U002324,2,537.45,268.725
U002293,2,1047.02,523.51
U002294,2,518.4200000000001,259.21000000000004
U002295,2,1947.83,973.915
U002299,2,816.0899999999999,408.04499999999996
U002301,2,2750.3300000000004,1375.1650000000002
U002309,2,95.49,47.745
U004901,2,591.6700000000001,295.83500000000004
U004907,2,637.62,318.81
U004908,2,333.53000000000003,166.76500000000001
U004912,2,599.01,299.505
U004882,2,2757.48,1378.74
U007753,2,61.7,30.85
U007759,2,476.90999999999997,238.45499999999998
U004917,2,468.18999999999994,234.09499999999997
U002283,2,798.6800000000001,399.34000000000003
U002259,2,908.03,454.015
U002261,2,1061.93,530.965
U004921,2,814.34,407.17
U004925,2,618.43,309.215
U004927,2,279.95,139.975
U007771,2,72.21000000000001,36.105000000000004
U007775,2,270.16999999999996,135.08499999999998
U002311,2,2308.42,1154.21
U008869,2,470.96999999999997,235.48499999999999
U008873,2,719.15,359.575
U008874,2,596.37,298.185
U008876,2,1561.5500000000002,780.7750000000001
U004944,2,645.93,322.965
U004945,2,987.94,493.97
U004950,2,94.94,47.47
U002268,2,1407.6299999999999,703.8149999999999
U008885,2,1809.91,904.955
U008887,2,2825.91,1412.955
U008889,2,2032.3100000000002,1016.1550000000001
U008894,2,1042.05,521.025
U008895,2,357.46,178.73
U008898,2,1276.3000000000002,638.1500000000001
U008899,2,1626.3500000000001,813.1750000000001
U008902,2,4137.02,2068.51
U002239,2,1537.97,768.985
U007746,2,955.01,477.505
U007749,2,382.69000000000005,191.34500000000003
U007750,2,2034.8100000000002,1017.4050000000001
U008923,2,3900.5699999999997,1950.2849999999999
U008924,2,96.53999999999999,48.269999999999996
U002205,2,2181.67,1090.835
U002206,2,408.02,204.01
U002244,2,756.47,378.235
U002247,2,4024.9399999999996,2012.4699999999998
U002256,2,191.20999999999998,95.60499999999999
U002230,2,1294.9,647.45
U002231,2,656.56,328.28
U004968,2,1907.01,953.505
U004969,2,1922.8,961.4
U004971,2,358.90999999999997,179.45499999999998
U004973,2,2571.07,1285.535
U004936,2,347.54,173.77
U004938,2,1421.69,710.845
U004941,2,5256.85,2628.425
U002218,2,781.51,390.755
U002190,2,667.43,333.715
U002196,2,931.65,465.825
U002197,2,862.62,431.31
U002198,2,3639.3100000000004,1819.6550000000002
U004981,2,1708.94,854.47
U004982,2,7556.99,3778.495
U004984,2,909.36,454.68
U004987,2,758.43,379.215
U004954,2,1975.08,987.54
U004957,2,330.23,165.115
U004962,2,750.5899999999999,375.29499999999996
U004963,2,1895.82,947.91
U002235,2,1754.65,877.325
U002238,2,389.14,194.57
U008920,2,2546.2,1273.1
U008941,2,531.34,265.67
U002156,2,627.49,313.745
U002204,2,105.36,52.68
U002172,2,1586.6,793.3
U002179,2,1594.96,797.48
U002181,2,497.16,248.58
U002185,2,959.6299999999999,479.81499999999994
U005009,2,461.17,230.585
U007730,2,1423.69,711.845
U007739,2,898.8199999999999,449.40999999999997
U007742,2,963.38,481.69
U004979,2,985.34,492.67
U002207,2,1573.99,786.995
U002211,2,568.37,284.185
U002215,2,678.83,339.415
U002216,2,1310.1399999999999,655.0699999999999
U007716,2,876.1,438.05
U007720,2,473.84,236.92
U007721,2,2655.01,1327.505
U005011,2,1367.05,683.525
U005013,2,840.02,420.01
U005014,2,3076.23,1538.115
U005016,2,296.13,148.065
U005022,2,554.23,277.115
U005028,2,3169.2599999999998,1584.6299999999999
U005029,2,1282.3100000000002,641.1550000000001
U004994,2,536.7,268.35
U005003,2,139.93,69.965
U008926,2,736.89,368.445
U008928,2,1151.1299999999999,575.5649999999999
U008936,2,3242.29,1621.145
U008938,2,1364.5600000000002,682.2800000000001
U002159,2,680.8800000000001,340.44000000000005
U002165,2,4450.9400000000005,2225.4700000000003
U002166,2,425.67,212.835
U002168,2,683.49,341.745
U002169,2,647.9599999999999,323.97999999999996
U002136,2,157.54,78.77
U002138,2,429.28,214.64
U002141,2,529.03,264.515
U002143,2,793.77,396.885
U002144,2,294.57,147.285
U008944,2,2023.42,1011.71
U005044,2,1037.03,518.515
U005048,2,335.83,167.915
U005050,2,404.93999999999994,202.46999999999997
U007707,2,644.54,322.27
U007711,2,2456.46,1228.23
U008958,2,378.34999999999997,189.17499999999998
U008959,2,360.44,180.22
U008960,2,1388.4499999999998,694.2249999999999
U002118,2,2179.84,1089.92
U002123,2,832.86,416.43
U002124,2,1082.19,541.095
U005063,2,813.1,406.55
U005067,2,1789.28,894.64
U005073,2,1012.39,506.195
U007689,2,706.8,353.4
U007690,2,1214.58,607.29
U007696,2,220.23,110.115
U007702,2,1775.3600000000001,887.6800000000001
U005032,2,2256.55,1128.275
U005035,2,367.98,183.99
U005039,2,4283.21,2141.605
U002129,2,361.40999999999997,180.70499999999998
U002099,2,211.23,105.615
U002105,2,373.43,186.715
U002107,2,41.81,20.905
U002111,2,1187.29,593.645
U002116,2,1763.8500000000001,881.9250000000001
U008964,2,460.69,230.345
U005080,2,1638.39,819.195
U005085,2,918.4200000000001,459.21000000000004
U005094,2,2815.42,1407.71
U005054,2,293.12,146.56
U005062,2,1240.62,620.31
U008945,2,1742.63,871.315
U008951,2,1318.27,659.135
U008952,2,1368.5,684.25
U008956,2,1318.29,659.145
U002088,2,740.6800000000001,370.34000000000003
U002095,2,173.5,86.75
U002063,2,685.39,342.695
U002069,2,1915.8600000000001,957.9300000000001
U008965,2,2267.04,1133.52
U008967,2,562.49,281.245
U008973,2,962.1400000000001,481.07000000000005
U008976,2,550.95,275.475
U002079,2,540.31,270.155
U002082,2,196.0,98.0
U005111,2,1001.23,500.615
U005112,2,921.89,460.945
U007679,2,135.89000000000001,67.94500000000001
U007685,2,256.93,128.465
U005078,2,452.66999999999996,226.33499999999998
U002125,2,415.79,207.895
U007669,2,376.75,188.375
U005118,2,1390.3799999999999,695.1899999999999
U005123,2,233.27999999999997,116.63999999999999
U002073,2,1316.11,658.055
U008979,2,67.1,33.55
U008985,2,139.69,69.845
U008987,2,1367.43,683.715
U008994,2,2170.2200000000003,1085.1100000000001
U002048,2,2358.2099999999996,1179.1049999999998
U005125,2,2824.1099999999997,1412.0549999999998
U005127,2,4639.639999999999,2319.8199999999997
U005095,2,315.34,157.67
U005098,2,3855.7799999999997,1927.8899999999999
U005100,2,1076.8600000000001,538.4300000000001
U005106,2,1779.9,889.95
U002086,2,717.98,358.99
U009000,2,393.7,196.85
U009010,2,591.19,295.595
U009015,2,1197.04,598.52
U002003,2,3172.04,1586.02
U002050,2,1520.52,760.26
U002055,2,1203.19,601.595
U002056,2,433.45,216.725
U002022,2,3186.15,1593.075
U002024,2,457.79,228.895
U002026,2,1082.42,541.21
U007651,2,197.57999999999998,98.78999999999999
U007653,2,2043.91,1021.955
U007654,2,915.32,457.66
U007656,2,800.02,400.01
U007661,2,207.0,103.5
U007664,2,244.78,122.39
U009029,2,642.65,321.325
U009032,2,4071.5899999999997,2035.7949999999998
U001962,2,2376.6,1188.3
U001966,2,782.6899999999999,391.34499999999997
U002008,2,855.9599999999999,427.97999999999996
U002009,2,660.8399999999999,330.41999999999996
U002015,2,348.2,174.1
U001986,2,163.38,81.69
U001987,2,2037.3100000000002,1018.6550000000001
U001991,2,124.85,62.425
U001994,2,519.75,259.875
U001996,2,1614.61,807.305
U005163,2,3218.55,1609.275
U005165,2,664.62,332.31
U005138,2,426.46999999999997,213.23499999999999
U005152,2,875.7900000000001,437.89500000000004
U001974,2,1545.8400000000001,772.9200000000001
U001977,2,94.23,47.115
U001981,2,426.92999999999995,213.46499999999997
U009041,2,1080.63,540.315
U009042,2,918.96,459.48
U009047,2,877.76,438.88
U007642,2,360.76,180.38
U007645,2,435.47,217.735
U005157,2,434.97,217.485
U005158,2,565.89,282.945
U005160,2,627.38,313.69
U001998,2,3920.83,1960.415
U001999,2,577.52,288.76
U009020,2,1408.0800000000002,704.0400000000001
U009027,2,663.95,331.975
U009028,2,238.37,119.185
U001950,2,815.0,407.5
U001953,2,1678.08,839.04
U001955,2,2430.42,1215.21
U001960,2,780.35,390.175
U001928,2,86.4,43.2
U001931,2,1582.44,791.22
U005198,2,2523.05,1261.525
U005201,2,5779.92,2889.96
U005203,2,305.11,152.555
U005206,2,1334.51,667.255
U005207,2,1945.22,972.61
U005209,2,1484.7,742.35
U005177,2,1815.96,907.98
U005179,2,2036.38,1018.19
U005185,2,1853.71,926.855
U001972,2,4425.2699999999995,2212.6349999999998
U005241,2,688.3199999999999,344.15999999999997
U005242,2,212.39,106.195
U005243,2,2451.63,1225.815
U005244,2,941.5699999999999,470.78499999999997
U005215,2,296.62,148.31
U005220,2,1249.37,624.685
U005224,2,1914.85,957.425
U005225,2,773.9200000000001,386.96000000000004
U007615,2,689.62,344.81
U007618,2,943.53,471.765
U007619,2,2451.18,1225.59
U007620,2,1944.5500000000002,972.2750000000001
U007629,2,4050.8599999999997,2025.4299999999998
U005194,2,2592.85,1296.425
U005197,2,1021.75,510.875
U001945,2,291.46999999999997,145.73499999999999
U007607,2,230.64,115.32
U007610,2,489.93,244.965
U001939,2,1024.19,512.095
U009052,2,580.3900000000001,290.19500000000005
U009053,2,490.81,245.405
U009054,2,801.99,400.995
U009055,2,673.98,336.99
U009063,2,633.75,316.875
U009068,2,493.37,246.685
U001910,2,2323.37,1161.685
U001912,2,724.0699999999999,362.03499999999997
U001914,2,1088.44,544.22
U001916,2,6365.16,3182.58
U005230,2,1718.79,859.395
U005231,2,162.89,81.445
U005233,2,1252.5,626.25
U005249,2,2446.6200000000003,1223.3100000000002
U005250,2,1134.79,567.395
U005257,2,1182.6599999999999,591.3299999999999
U001922,2,605.11,302.555
U001924,2,1161.73,580.865
U001925,2,1069.6200000000001,534.8100000000001
U009074,2,130.76,65.38
U009079,2,1547.9899999999998,773.9949999999999
U009084,2,326.15999999999997,163.07999999999998
U009086,2,3039.01,1519.505
U005261,2,307.96000000000004,153.98000000000002
U007595,2,645.9,322.95
U007599,2,1142.6499999999999,571.3249999999999
U007601,2,1137.9499999999998,568.9749999999999
U007602,2,1794.98,897.49
U007603,2,1623.17,811.585
U007593,2,724.76,362.38
U005267,2,1377.83,688.915
U005268,2,402.39,201.195
U001891,2,1630.6599999999999,815.3299999999999
U001892,2,2447.83,1223.915
U001897,2,1783.71,891.855
U001900,2,3094.26,1547.13
U001901,2,4277.389999999999,2138.6949999999997
U001903,2,1768.1000000000001,884.0500000000001
U001877,2,1103.97,551.985
U001879,2,655.0799999999999,327.53999999999996
U005270,2,182.38,91.19
U005272,2,520.91,260.455
U005274,2,381.13,190.565
U005278,2,992.13,496.065
U005281,2,529.47,264.735
U005295,2,541.91,270.955
U001884,2,726.42,363.21
U009088,2,48.160000000000004,24.080000000000002
U009095,2,335.0,167.5
U009102,2,542.47,271.235
U009103,2,1553.9,776.95
U009105,2,355.17,177.585
U001853,2,168.32999999999998,84.16499999999999
U001855,2,2198.31,1099.155
U001856,2,824.5500000000001,412.27500000000003
U005301,2,97.0,48.5
U005302,2,1006.7,503.35
U007578,2,3831.14,1915.57
U007585,2,3466.3100000000004,1733.1550000000002
U007590,2,1122.03,561.015
U007592,2,874.8399999999999,437.41999999999996
U009108,2,1250.84,625.42
U009109,2,3884.79,1942.395
U009112,2,4979.07,2489.535
U009115,2,3096.7200000000003,1548.3600000000001
U009117,2,1833.99,916.995
U009119,2,579.04,289.52
U009124,2,608.45,304.225
U005318,2,1111.51,555.755
U005321,2,1561.0100000000002,780.5050000000001
U007564,2,996.49,498.245
U007565,2,825.2,412.6
U007567,2,5223.79,2611.895
U007569,2,4414.86,2207.43
U007570,2,505.0,252.5
U007574,2,384.17,192.085
U007576,2,2582.13,1291.065
U001837,2,1132.9,566.45
U001849,2,837.9399999999999,418.96999999999997
U001852,2,1214.5400000000002,607.2700000000001
U001818,2,4128.64,2064.32
U001820,2,1613.29,806.645
U001822,2,1638.79,819.395
U001826,2,202.57,101.285
U005329,2,312.06,156.03
U005335,2,951.02,475.51
U005307,2,177.49,88.745
U005309,2,1229.24,614.62
U005310,2,128.82,64.41
U005311,2,276.61,138.305
U001858,2,1504.8600000000001,752.4300000000001
U001859,2,125.0,62.5
U001866,2,2110.31,1055.155
U009142,2,1399.57,699.785
U001781,2,354.52,177.26
U001786,2,2836.75,1418.375
U001829,2,160.1,80.05
U001800,2,1722.5500000000002,861.2750000000001
U001801,2,752.88,376.44
U001804,2,409.14,204.57
U001814,2,534.62,267.31
U009128,2,79.5,39.75
U005357,2,1448.5,724.25
U007545,2,190.36,95.18
U007548,2,3346.86,1673.43
U007552,2,140.83,70.415
U007560,2,972.98,486.49
U005322,2,1329.34,664.67
U001836,2,185.84,92.92
U005361,2,877.26,438.63
U005362,2,733.03,366.515
U005364,2,148.87,74.435
U005366,2,1284.51,642.255
U005367,2,127.65,63.825
U005368,2,766.34,383.17
U005370,2,3403.34,1701.67
U005372,2,528.59,264.295
U005343,2,821.38,410.69
U005347,2,822.55,411.275
U005354,2,1027.3600000000001,513.6800000000001
U005355,2,778.34,389.17
U009130,2,588.99,294.495
U009134,2,166.82,83.41
U009136,2,1990.83,995.415
U009140,2,281.69,140.845
U009157,2,4396.47,2198.235
U001743,2,465.33,232.665
U001746,2,812.04,406.02
U001789,2,135.64000000000001,67.82000000000001
U001790,2,1030.1299999999999,515.0649999999999
U001760,2,1202.0500000000002,601.0250000000001
U001763,2,3729.27,1864.635
U001764,2,413.38,206.69
U001769,2,3312.67,1656.335
U001771,2,2192.81,1096.405
U001774,2,487.03999999999996,243.51999999999998
U001776,2,1014.98,507.49
U001777,2,507.07,253.535
U005381,2,1654.83,827.415
U005387,2,515.78,257.89
U005392,2,108.75999999999999,54.379999999999995
U001754,2,154.26,77.13
U001723,2,716.1999999999999,358.09999999999997
U001731,2,223.64999999999998,111.82499999999999
U001735,2,242.14,121.07
U001737,2,1017.01,508.505
U001741,2,1870.76,935.38
U005408,2,963.8499999999999,481.92499999999995
U007531,2,849.9399999999999,424.96999999999997
U007534,2,454.58,227.29
U007535,2,813.32,406.66
U007542,2,501.34000000000003,250.67000000000002
U007543,2,397.33000000000004,198.66500000000002
U009146,2,151.63,75.815
U009153,2,344.37,172.185
U009154,2,1196.6100000000001,598.3050000000001
U009156,2,2947.29,1473.645
U009170,2,460.21000000000004,230.10500000000002
U009172,2,4569.74,2284.87
U009174,2,138.82,69.41
U001705,2,227.7,113.85
U001707,2,982.64,491.32
U001709,2,264.84,132.42
U005422,2,1532.22,766.11
U005425,2,753.1999999999999,376.59999999999997
U005429,2,834.53,417.265
U005397,2,549.99,274.995
U005398,2,352.4,176.2
U005399,2,268.49,134.245
U005402,2,342.22,171.11
U005403,2,1917.1799999999998,958.5899999999999
U005407,2,611.1,305.55
U001751,2,221.46,110.73
U009188,2,638.0300000000001,319.01500000000004
U009197,2,1227.25,613.625
U001711,2,379.36,189.68
U001717,2,397.70000000000005,198.85000000000002
U001719,2,502.38,251.19
U001722,2,453.13,226.565
U001688,2,3623.75,1811.875
U001690,2,110.17,55.085
U001691,2,2119.67,1059.835
U001694,2,485.34,242.67
U001695,2,193.9,96.95
U005439,2,368.1,184.05
U005445,2,2393.1000000000004,1196.5500000000002
U005417,2,1426.6,713.3
U005421,2,597.91,298.955
U009169,2,942.3100000000001,471.15500000000003
U001671,2,199.98000000000002,99.99000000000001
U001672,2,415.90999999999997,207.95499999999998
U001673,2,1567.35,783.675
U001677,2,735.84,367.92
U001681,2,1208.75,604.375
U001648,2,3791.29,1895.645
U001662,2,776.16,388.08
U001664,2,1392.5700000000002,696.2850000000001
U005461,2,3911.9700000000003,1955.9850000000001
U007507,2,358.58000000000004,179.29000000000002
U007514,2,1809.79,904.895
U007517,2,850.0,425.0
U007526,2,658.48,329.24
U005433,2,812.4300000000001,406.21500000000003
U001697,2,174.86,87.43
U001702,2,307.99,153.995
U009207,2,566.72,283.36
U009216,2,742.85,371.425
U009218,2,3559.96,1779.98
U001632,2,1607.31,803.655
U001633,2,1957.26,978.63
U005476,2,152.44,76.22
U005478,2,345.48,172.74
U005482,2,1182.33,591.165
U005484,2,1149.79,574.895
U005485,2,637.63,318.815
U005486,2,4910.99,2455.495
U005448,2,168.26999999999998,84.13499999999999
U005450,2,4099.01,2049.505
U005452,2,1211.27,605.635
U005458,2,151.2,75.6
U005460,2,372.44000000000005,186.22000000000003
U001635,2,441.15,220.575
U001642,2,375.24,187.62
U001644,2,229.32,114.66
U001645,2,192.01999999999998,96.00999999999999
U009232,2,333.48,166.74
U009235,2,1359.29,679.645
U001610,2,554.22,277.11
U007489,2,848.42,424.21
U007490,2,3319.05,1659.525
U007494,2,2567.71,1283.855
U007497,2,1554.3899999999999,777.1949999999999
U007504,2,1042.46,521.23
U005468,2,589.97,294.985
U005471,2,1193.5900000000001,596.7950000000001
U009202,2,1913.77,956.885
U009204,2,1067.23,533.615
U009245,2,521.17,260.585
U009248,2,2283.59,1141.795
U009249,2,871.8199999999999,435.90999999999997
U009254,2,258.59,129.295
U001614,2,540.36,270.18
U001618,2,1274.5900000000001,637.2950000000001
U001621,2,3754.32,1877.16
U001623,2,309.48,154.74
U001592,2,854.29,427.145
U001593,2,415.75,207.875
U001605,2,464.35,232.175
U005511,2,117.98,58.99
U005513,2,1405.99,702.995
U005515,2,1248.0,624.0
U005518,2,902.28,451.14
U005494,2,1159.84,579.92
U001539,2,112.25,56.125
U001543,2,1832.07,916.035
U001551,2,1353.33,676.665
U001552,2,632.66,316.33
U001553,2,1135.15,567.575
U007468,2,1089.72,544.86
U007472,2,566.34,283.17
U007481,2,241.78,120.89
U001576,2,308.2,154.1
U001582,2,692.75,346.375
U001586,2,897.11,448.555
U001557,2,1697.4399999999998,848.7199999999999
U001561,2,668.4200000000001,334.21000000000004
U001562,2,573.17,286.585
U001606,2,516.85,258.425
U001609,2,1784.25,892.125
U005542,2,1862.08,931.04
U001555,2,641.02,320.51
U009265,2,1617.4199999999998,808.7099999999999
U009269,2,1387.48,693.74
U009272,2,626.78,313.39
U009279,2,208.32,104.16
U001515,2,1299.85,649.925
U001518,2,534.22,267.11
U001520,2,250.94,125.47
U005545,2,268.6,134.3
U005550,2,292.95,146.475
U005551,2,871.77,435.885
U005552,2,1826.6100000000001,913.3050000000001
U005531,2,2019.2099999999998,1009.6049999999999
U001566,2,855.5,427.75
U001567,2,785.15,392.575
U001521,2,965.6100000000001,482.80500000000006
U001522,2,260.01,130.005
U001533,2,3625.49,1812.745
U001493,2,694.51,347.255
U001498,2,72.72999999999999,36.364999999999995
U001501,2,1729.01,864.505
U001505,2,2940.5299999999997,1470.2649999999999
U005567,2,3327.01,1663.505
U005568,2,5833.02,2916.51
U005569,2,1030.72,515.36
U005570,2,438.23,219.115
U007458,2,3892.3199999999997,1946.1599999999999
U007467,2,823.3100000000001,411.65500000000003
U005539,2,70.6,35.3
U005540,2,52.84,26.42
U005541,2,3505.86,1752.93
U009306,2,503.94,251.97
U009314,2,211.55,105.775
U009315,2,590.68,295.34
U009283,2,670.12,335.06
U009285,2,377.72,188.86
U009287,2,1447.72,723.86
U009289,2,2050.98,1025.49
U009290,2,2031.02,1015.51
U001476,2,2458.1400000000003,1229.0700000000002
U005581,2,935.27,467.635
U005586,2,799.8399999999999,399.91999999999996
U005587,2,1176.0700000000002,588.0350000000001
U005555,2,2091.85,1045.925
U005562,2,1984.33,992.165
U005563,2,1045.8899999999999,522.9449999999999
U005564,2,2705.67,1352.835
U001472,2,1970.5700000000002,985.2850000000001
U001434,2,1117.11,558.555
U001440,2,370.14,185.07
U001446,2,301.49,150.745
U001451,2,505.64,252.82
U007435,2,1110.0700000000002,555.0350000000001
U007436,2,566.1,283.05
U007438,2,542.77,271.385
U007439,2,2266.36,1133.18
U007441,2,716.26,358.13
U007444,2,242.78000000000003,121.39000000000001
U007446,2,1159.52,579.76
U005571,2,4304.2,2152.1
U005575,2,2579.2400000000002,1289.6200000000001
U001484,2,1727.95,863.975
U001489,2,1438.65,719.325
U007431,2,483.58000000000004,241.79000000000002
U009321,2,1065.52,532.76
U009322,2,599.56,299.78
U009330,2,2690.21,1345.105
U009331,2,1803.48,901.74
U009332,2,840.46,420.23
U009333,2,2392.13,1196.065
U009336,2,649.63,324.815
U001416,2,25.759999999999998,12.879999999999999
U005617,2,262.87,131.435
U005592,2,2177.9,1088.95
U005599,2,933.85,466.925
U005601,2,645.11,322.555
U005603,2,3247.8500000000004,1623.9250000000002
U001458,2,698.32,349.16
U001471,2,1146.69,573.345
U005637,2,851.9599999999999,425.97999999999996
U005640,2,818.43,409.215
U001419,2,1718.04,859.02
U001420,2,3511.6600000000003,1755.8300000000002
U001398,2,506.39000000000004,253.19500000000002
U001408,2,1384.55,692.275
U001409,2,684.77,342.385
U001411,2,873.27,436.635
U005641,2,870.13,435.065
U005646,2,2394.1699999999996,1197.0849999999998
U007417,2,2160.71,1080.355
U007418,2,388.43,194.215
U007419,2,243.73000000000002,121.86500000000001
U007424,2,760.68,380.34
U007425,2,306.41,153.205
U007426,2,433.21000000000004,216.60500000000002
U005647,2,555.1899999999999,277.59499999999997
U005652,2,2139.4,1069.7
U009338,2,165.07999999999998,82.53999999999999
U009340,2,330.58000000000004,165.29000000000002
U009350,2,597.84,298.92
U009353,2,906.94,453.47
U009356,2,3918.25,1959.125
U001378,2,1401.63,700.815
U001384,2,1204.8899999999999,602.4449999999999
U005657,2,516.86,258.43
U005658,2,510.97,255.485
U005659,2,1324.13,662.065
U005662,2,1339.6,669.8
U005628,2,271.32,135.66
U005633,2,795.02,397.51
U005636,2,125.6,62.8
U005672,2,1078.8,539.4
U001385,2,424.38,212.19
U001388,2,484.58000000000004,242.29000000000002
U001389,2,1508.77,754.385
U001392,2,352.08000000000004,176.04000000000002
U009361,2,2534.13,1267.065
U009364,2,172.34,86.17
U009369,2,3270.45,1635.225
U009371,2,2632.64,1316.32
U009372,2,2021.0,1010.5
U005683,2,1735.0600000000002,867.5300000000001
U007402,2,544.3,272.15
U007411,2,1173.49,586.745
U007412,2,2343.13,1171.565
U007413,2,244.59999999999997,122.29999999999998
U007415,2,482.13,241.065
U001368,2,251.10000000000002,125.55000000000001
U001372,2,4729.17,2364.585
U001373,2,1583.6,791.8
U001376,2,1177.02,588.51
U001342,2,1522.8500000000001,761.4250000000001
U001343,2,681.21,340.605
U001344,2,2956.0499999999997,1478.0249999999999
U001345,2,1257.76,628.88
U001346,2,673.05,336.525
U001350,2,1243.21,621.605
U001351,2,1569.2099999999998,784.6049999999999
U005691,2,515.86,257.93
U005695,2,312.59,156.295
U005696,2,3293.29,1646.645
U005700,2,939.82,469.91
U005669,2,315.18,157.59
U001357,2,519.76,259.88
U009377,2,1776.88,888.44
U009379,2,349.9,174.95
U009383,2,336.93,168.465
U009385,2,263.29999999999995,131.64999999999998
U009389,2,1765.82,882.91
U001325,2,1254.21,627.105
U005718,2,1297.23,648.615
U007393,2,2247.25,1123.625
U007397,2,158.16,79.08
U007399,2,4143.07,2071.535
U001360,2,567.69,283.845
U001361,2,262.24,131.12
U001364,2,578.0500000000001,289.02500000000003
U001366,2,1130.75,565.375
U001367,2,270.04,135.02
U007376,2,794.21,397.105
U007379,2,137.55,68.775
U007382,2,642.58,321.29
U005723,2,2196.29,1098.145
U005725,2,316.17,158.085
U005727,2,162.23000000000002,81.11500000000001
U005728,2,520.89,260.445
U005729,2,1584.89,792.445
U005732,2,109.36000000000001,54.68000000000001
U005704,2,656.72,328.36
U005705,2,2300.66,1150.33
U005706,2,3302.33,1651.165
U005708,2,780.12,390.06
U005711,2,533.75,266.875
U005713,2,1104.65,552.325
U001355,2,2360.05,1180.025
U005743,2,1435.13,717.565
U005752,2,2252.0,1126.0
U005754,2,1557.79,778.895
U001329,2,1012.82,506.41
U001330,2,391.86,195.93
U001331,2,2155.5,1077.75
U001334,2,502.12,251.06
U001336,2,242.47,121.235
U001304,2,840.59,420.295
U001305,2,905.5,452.75
U001314,2,451.73,225.865
U007370,2,458.81,229.405
U007372,2,1128.9,564.45
U007373,2,113.49000000000001,56.745000000000005
U007374,2,406.44,203.22
U007375,2,472.39,236.195
U007361,2,1336.32,668.16
U007362,2,1116.39,558.195
U005764,2,819.5600000000001,409.78000000000003
U001317,2,982.54,491.27
U001318,2,486.28,243.14
U001320,2,819.66,409.83
U001288,2,1890.28,945.14
U001292,2,1314.99,657.495
U001296,2,252.89000000000001,126.44500000000001
U001297,2,376.92,188.46
U001298,2,624.3,312.15
U005767,2,1061.29,530.645
U005768,2,1646.85,823.425
U005770,2,322.76,161.38
U005772,2,680.0899999999999,340.04499999999996
U005774,2,584.35,292.175
U001271,2,2814.38,1407.19
U001275,2,466.94,233.47
U001277,2,713.64,356.82
U001281,2,507.66,253.83
U001284,2,2450.7799999999997,1225.3899999999999
U009396,2,840.62,420.31
U009398,2,83.73,41.865
U009399,2,1419.38,709.69
U005788,2,2244.89,1122.445
U005793,2,381.87,190.935
U007345,2,511.5,255.75
U007346,2,1027.04,513.52
U007350,2,1886.5100000000002,943.2550000000001
U007351,2,1551.67,775.835
U007356,2,192.72,96.36
U007359,2,265.97,132.985
U009410,2,823.23,411.615
U009411,2,1542.9,771.45
U001248,2,103.2,51.6
U001250,2,856.4399999999999,428.21999999999997
U001252,2,1023.41,511.705
U005811,2,974.74,487.37
U005813,2,882.3399999999999,441.16999999999996
U005814,2,707.6400000000001,353.82000000000005
U005779,2,363.14,181.57
U005780,2,477.40999999999997,238.70499999999998
U005781,2,1113.0700000000002,556.5350000000001
U005786,2,233.21999999999997,116.60999999999999
U005787,2,785.82,392.91
U001299,2,2106.2,1053.1
U001300,2,1492.43,746.215
U001301,2,1821.81,910.905
U009418,2,857.0999999999999,428.54999999999995
U009419,2,250.77,125.385
U009422,2,671.1800000000001,335.59000000000003
U009424,2,538.72,269.36
U009425,2,201.42000000000002,100.71000000000001
U005821,2,1832.1200000000001,916.0600000000001
U005824,2,924.97,462.485
U005832,2,1301.1,650.55
U007325,2,2364.42,1182.21
U007334,2,242.37,121.185
U007340,2,1748.58,874.29
U009400,2,2188.01,1094.005
U009402,2,1551.02,775.51
U009405,2,314.21000000000004,157.10500000000002
U009408,2,2445.76,1222.88
U009409,2,741.49,370.745
U001241,2,3370.05,1685.025
U001244,2,273.63,136.815
U001245,2,556.55,278.275
U001247,2,1253.27,626.635
U009442,2,431.06,215.53
U009447,2,82.14,41.07
U009449,2,83.46,41.73
U005856,2,769.6600000000001,384.83000000000004
U007306,2,406.26,203.13
U007310,2,764.05,382.025
U007312,2,1564.34,782.17
U007318,2,1105.22,552.61
U007321,2,875.6600000000001,437.83000000000004
U005817,2,1048.99,524.495
U005820,2,2383.76,1191.88
U001262,2,393.1,196.55
U001206,2,708.14,354.07
U001208,2,1936.49,968.245
U001209,2,367.37,183.685
U009461,2,212.87,106.435
U009462,2,125.47,62.735
U009466,2,1041.48,520.74
U009469,2,1637.75,818.875
U005865,2,276.91,138.455
U005871,2,591.37,295.685
U005844,2,487.03999999999996,243.51999999999998
U005848,2,587.4399999999999,293.71999999999997
U001212,2,1131.3899999999999,565.6949999999999
U001201,2,2769.4300000000003,1384.7150000000001
U001203,2,2610.6,1305.3
U001229,2,1809.2,904.6
U001238,2,1486.8999999999999,743.4499999999999
U009483,2,1443.57,721.785
U009484,2,305.8,152.9
U009486,2,525.0,262.5
U009487,2,170.74,85.37
U009490,2,1147.26,573.63
U001138,2,2095.59,1047.795
U007288,2,2098.18,1049.09
U007300,2,712.5799999999999,356.28999999999996
U007301,2,513.89,256.945
U007303,2,3808.15,1904.075
U007304,2,1056.05,528.025
U005858,2,1870.8600000000001,935.4300000000001
U005859,2,274.56,137.28
U005861,2,641.49,320.745
U001163,2,2522.62,1261.31
U001165,2,208.11,104.055
U001112,2,837.8399999999999,418.91999999999996
U001150,2,452.47999999999996,226.23999999999998
U001120,2,1587.0,793.5
U001125,2,4392.1900000000005,2196.0950000000003
U001128,2,249.2,124.6
U005910,2,229.31,114.655
U005876,2,2694.49,1347.245
U005879,2,919.0,459.5
U005880,2,3273.31,1636.655
U005881,2,613.53,306.765
U005885,2,2155.78,1077.89
U005889,2,629.99,314.995
U005890,2,1076.52,538.26
U005892,2,425.71000000000004,212.85500000000002
U009476,2,777.12,388.56
U009478,2,236.59,118.295
U009491,2,291.63,145.815
U009492,2,731.8,365.9
U009494,2,418.66999999999996,209.33499999999998
U009502,2,2006.73,1003.365
U009507,2,1253.28,626.64
U009510,2,3914.0600000000004,1957.0300000000002
U001087,2,593.6,296.8
U005922,2,2291.5499999999997,1145.7749999999999
U005925,2,2215.4300000000003,1107.7150000000001
U005928,2,1679.58,839.79
U005896,2,911.3299999999999,455.66499999999996
U001129,2,516.02,258.01
U001103,2,1494.9499999999998,747.4749999999999
U001107,2,294.13,147.065
U001108,2,1036.55,518.275
U001111,2,570.4,285.2
U001063,2,3117.37,1558.685
U001089,2,1610.53,805.265
U001092,2,2024.39,1012.195
U001068,2,2002.15,1001.075
U001069,2,2837.15,1418.575
U001072,2,607.56,303.78
U001074,2,569.1899999999999,284.59499999999997
U005940,2,374.04,187.02
U005942,2,271.29,135.645
U005945,2,733.41,366.705
U005948,2,813.44,406.72
U007270,2,1603.1599999999999,801.5799999999999
U007279,2,1979.1399999999999,989.5699999999999
U007286,2,3166.39,1583.195
U005915,2,414.31,207.155
U001116,2,1665.64,832.82
U005984,2,1292.79,646.395
U005951,2,486.48,243.24
U005954,2,701.25,350.625
U005957,2,99.13,49.565
U005961,2,1236.85,618.425
U005962,2,647.64,323.82
U005963,2,363.44000000000005,181.72000000000003
U007257,2,1927.6499999999999,963.8249999999999
U007260,2,75.46000000000001,37.730000000000004
U007263,2,813.7,406.85
U005935,2,1954.13,977.065
U001078,2,539.5,269.75
U001056,2,2222.5600000000004,1111.2800000000002
U001058,2,232.85,116.425
U001059,2,935.8299999999999,467.91499999999996
U001061,2,1558.69,779.345
U001047,2,367.57,183.785
U001014,2,993.53,496.765
U001017,2,2818.01,1409.005
U001023,2,460.63,230.315
U009515,2,1518.92,759.46
U009516,2,274.94,137.47
U009517,2,253.31,126.655
U009523,2,434.39,217.195
U009524,2,452.68999999999994,226.34499999999997
U001031,2,616.55,308.275
U001032,2,1680.8700000000001,840.4350000000001
U001035,2,142.9,71.45
U005973,2,279.18,139.59
U005977,2,2448.7700000000004,1224.3850000000002
U005978,2,2041.3,1020.65
U005982,2,316.08,158.04
U009527,2,523.65,261.825
U009533,2,1040.19,520.095
U009540,2,395.5,197.75
U009541,2,384.38,192.19
U009542,2,782.5999999999999,391.29999999999995
U006002,2,425.28999999999996,212.64499999999998
U007237,2,755.89,377.945
U007238,2,1097.91,548.955
U007242,2,474.3,237.15
U007244,2,1205.5800000000002,602.7900000000001
U007246,2,697.56,348.78
U007247,2,952.0400000000001,476.02000000000004
U005965,2,2425.65,1212.825
U001042,2,622.9599999999999,311.47999999999996
U001044,2,2056.8900000000003,1028.4450000000002
U001045,2,176.51,88.255
U007220,2,1599.87,799.935
U007221,2,642.12,321.06
U007227,2,1505.56,752.78
U007230,2,4362.62,2181.31
U007231,2,532.6,266.3
U007233,2,223.64,111.82
U006004,2,473.11,236.555
U006006,2,602.8699999999999,301.43499999999995
U006007,2,104.09,52.045
U006009,2,462.06999999999994,231.03499999999997
U005986,2,1109.32,554.66
U005988,2,499.07,249.535
U005989,2,600.4599999999999,300.22999999999996
U005996,2,508.58,254.29
U001024,2,482.41,241.205
U001026,2,1651.44,825.72
U006020,2,80.28,40.14
U006027,2,882.87,441.435
U006030,2,550.64,275.32
U001002,2,595.81,297.905
U001003,2,2809.77,1404.885
U001010,2,85.14,42.57
U001011,2,3136.41,1568.205
U000982,2,2484.4399999999996,1242.2199999999998
U000987,2,2061.14,1030.57
U000991,2,1329.7599999999998,664.8799999999999
U000992,2,2730.62,1365.31
U000993,2,3440.96,1720.48
U000994,2,1176.25,588.125
U006033,2,3784.29,1892.145
U006035,2,1300.71,650.355
U006036,2,860.8100000000001,430.40500000000003
U000940,2,1526.92,763.46
U000943,2,1566.8500000000001,783.4250000000001
U000949,2,541.8,270.9
U009549,2,1231.18,615.59
U009550,2,363.39,181.695
U009558,2,1344.58,672.29
U000962,2,1005.98,502.99
U000964,2,3843.68,1921.84
U000966,2,849.25,424.625
U000967,2,21.09,10.545
U006043,2,750.19,375.095
U006047,2,1294.35,647.175
U006049,2,3862.54,1931.27
U006051,2,2148.42,1074.21
U006055,2,694.8399999999999,347.41999999999996
U006057,2,48.739999999999995,24.369999999999997
U006092,2,4153.71,2076.855
U006093,2,3945.52,1972.76
U006062,2,972.5799999999999,486.28999999999996
U006065,2,629.1999999999999,314.59999999999997
U006066,2,61.05,30.525
U006068,2,1452.77,726.385
U006071,2,71.44,35.72
U006073,2,3266.11,1633.055
U006076,2,2767.37,1383.685
U006077,2,682.25,341.125
U007196,2,298.68,149.34
U007201,2,217.2,108.6
U007204,2,8728.77,4364.385
U000973,2,1014.79,507.395
U000974,2,230.38,115.19
U000977,2,73.48,36.74
U009590,2,281.47,140.735
U009592,2,961.28,480.64
U009593,2,986.9499999999999,493.47499999999997
U000907,2,811.96,405.98
U009564,2,1171.76,585.88
U009566,2,3183.14,1591.57
U009567,2,105.25,52.625
U009568,2,258.04,129.02
U009570,2,973.05,486.525
U009571,2,1660.5600000000002,830.2800000000001
U009573,2,2125.36,1062.68
U009577,2,673.5799999999999,336.78999999999996
U000924,2,4453.5,2226.75
U000925,2,644.6800000000001,322.34000000000003
U006089,2,113.13,56.565
U006091,2,278.59000000000003,139.29500000000002
U007195,2,63.32,31.66
U000908,2,224.75,112.375
U000911,2,1260.81,630.405
U000914,2,32.68,16.34
U000919,2,1627.6599999999999,813.8299999999999
U000921,2,97.87,48.935
U000884,2,947.0999999999999,473.54999999999995
U006101,2,885.9000000000001,442.95000000000005
U006106,2,1606.75,803.375
U006108,2,1693.1599999999999,846.5799999999999
U006110,2,177.31,88.655
U006079,2,179.7,89.85
U006080,2,1425.26,712.63
U006081,2,214.07,107.035
U000936,2,274.93,137.465
U009583,2,1207.94,603.97
U000863,2,317.77,158.885
U000865,2,509.44,254.72
U000868,2,260.15,130.075
U000869,2,1041.12,520.56
U000870,2,339.07,169.535
U000871,2,1578.1899999999998,789.0949999999999
U000875,2,144.51999999999998,72.25999999999999
U000876,2,738.16,369.08
U000877,2,2184.62,1092.31
U006129,2,634.87,317.435
U006130,2,1723.2400000000002,861.6200000000001
U006132,2,220.27999999999997,110.13999999999999
U007174,2,858.38,429.19
U007175,2,557.74,278.87
U007177,2,314.05,157.025
U007185,2,2067.44,1033.72
U000836,2,782.01,391.005
U009596,2,1179.1999999999998,589.5999999999999
U009600,2,199.14999999999998,99.57499999999999
U009602,2,1104.6399999999999,552.3199999999999
U009610,2,1721.3999999999999,860.6999999999999
U009614,2,1635.73,817.865
U009615,2,172.57999999999998,86.28999999999999
U006137,2,635.05,317.525
U006142,2,733.78,366.89
U006143,2,166.24,83.12
U006144,2,80.0,40.0
U006145,2,2510.44,1255.22
U006119,2,652.18,326.09
U006122,2,714.0799999999999,357.03999999999996
U000896,2,817.4300000000001,408.71500000000003
U000899,2,346.78999999999996,173.39499999999998
U006153,2,481.44,240.72
U000840,2,2281.9700000000003,1140.9850000000001
U009620,2,735.8100000000001,367.90500000000003
U009626,2,7059.31,3529.655
U009634,2,3716.65,1858.325
U000810,2,2215.09,1107.545
U006157,2,2194.61,1097.305
U007153,2,3738.47,1869.235
U000848,2,151.68,75.84
U000853,2,710.5,355.25
U000857,2,396.69,198.345
U000860,2,5903.9800000000005,2951.9900000000002
U000861,2,588.98,294.49
U000826,2,748.44,374.22
U000830,2,193.22,96.61
U000834,2,948.21,474.105
U000814,2,498.86,249.43
U000818,2,92.41,46.205
U000819,2,235.2,117.6
U000821,2,642.54,321.27
U000824,2,1073.85,536.925
U000794,2,2667.7,1333.85
U000797,2,777.73,388.865
U006183,2,3818.63,1909.315
U006185,2,373.28999999999996,186.64499999999998
U007137,2,1157.52,578.76
U007140,2,2222.1,1111.05
U007145,2,503.24,251.62
U007146,2,260.83000000000004,130.41500000000002
U007148,2,1785.02,892.51
U007150,2,2953.24,1476.62
U006152,2,2221.3399999999997,1110.6699999999998
U000804,2,1284.38,642.19
U000770,2,1067.56,533.78
U000773,2,2005.09,1002.545
U000774,2,891.31,445.655
U000781,2,912.09,456.045
U006193,2,319.15999999999997,159.57999999999998
U006195,2,876.4200000000001,438.21000000000004
U006199,2,192.85,96.425
U006201,2,532.26,266.13
U006169,2,967.7800000000001,483.89000000000004
U006170,2,1486.19,743.095
U006171,2,304.98,152.49
U006174,2,1179.33,589.665
U006175,2,631.88,315.94
U006176,2,817.28,408.64
U006179,2,740.6700000000001,370.33500000000004
U000787,2,362.95,181.475
U009637,2,2159.74,1079.87
U009639,2,223.51,111.755
U009641,2,432.75,216.375
U009645,2,3881.71,1940.855
U009649,2,1405.63,702.815
U006214,2,1288.25,644.125
U006215,2,3142.2299999999996,1571.1149999999998
U006220,2,514.34,257.17
U006221,2,3460.9900000000002,1730.4950000000001
U007124,2,204.79000000000002,102.39500000000001
U007128,2,931.39,465.695
U006189,2,2447.2,1223.6
U000800,2,501.26,250.63
U000802,2,421.37,210.685
U000803,2,2893.35,1446.675
U000718,2,116.50999999999999,58.254999999999995
U000721,2,1608.61,804.305
U000750,2,825.02,412.51
U000751,2,515.7,257.85
U000752,2,220.36,110.18
U000755,2,72.09,36.045
U000763,2,1790.38,895.19
U000768,2,1072.2,536.1
U000731,2,4812.07,2406.035
U000736,2,1326.0500000000002,663.0250000000001
U000737,2,5328.28,2664.14
U007098,2,2970.69,1485.345
U007118,2,2861.93,1430.965
U006208,2,4421.2300000000005,2210.6150000000002
U006209,2,777.0,388.5
U006211,2,660.57,330.285
U000694,2,410.75,205.375
U000700,2,29.049999999999997,14.524999999999999
U000701,2,953.86,476.93
U000702,2,3003.13,1501.565
U000703,2,727.34,363.67
U000705,2,402.94000000000005,201.47000000000003
U006258,2,105.3,52.65
U006261,2,307.18,153.59
U006228,2,1515.48,757.74
U006231,2,9486.289999999999,4743.1449999999995
U006236,2,983.5799999999999,491.78999999999996
U006238,2,672.25,336.125
U000738,2,2503.28,1251.64
U000742,2,3033.63,1516.815
U000746,2,1334.13,667.065
U000749,2,1790.4299999999998,895.2149999999999
U006269,2,3054.0099999999998,1527.0049999999999
U006273,2,2701.44,1350.72
U000706,2,840.84,420.42
U009655,2,432.16,216.08
U009656,2,1550.68,775.34
U009660,2,1006.7,503.35
U009665,2,1600.3500000000001,800.1750000000001
U000673,2,633.5,316.75
U006276,2,383.59999999999997,191.79999999999998
U006278,2,528.95,264.475
U006243,2,1593.04,796.52
U006252,2,2831.86,1415.93
U006253,2,211.72,105.86
U000722,2,1885.6200000000001,942.8100000000001
U000728,2,222.98999999999998,111.49499999999999
U000692,2,1050.65,525.325
U000668,2,443.40000000000003,221.70000000000002
U009685,2,191.61,95.805
U009686,2,2461.3,1230.65
U000678,2,1417.25,708.625
U000682,2,1326.52,663.26
U000683,2,1207.35,603.675
U000688,2,472.7,236.35
U000656,2,490.46999999999997,245.23499999999999
U000658,2,725.48,362.74
U000665,2,407.65999999999997,203.82999999999998
U006285,2,886.6700000000001,443.33500000000004
U006287,2,1334.1799999999998,667.0899999999999
U006290,2,1735.43,867.715
U006291,2,1364.71,682.355
U006298,2,484.76,242.38
U006263,2,336.42999999999995,168.21499999999997
U009690,2,774.4499999999999,387.22499999999997
U009692,2,879.89,439.945
U009702,2,2487.9,1243.95
U009705,2,174.06,87.03
U000643,2,319.24,159.62
U000619,2,269.09999999999997,134.54999999999998
U000622,2,630.0799999999999,315.03999999999996
U000624,2,81.65,40.825
U000630,2,961.04,480.52
U000632,2,226.63,113.315
U006312,2,304.25,152.125
U007085,2,895.05,447.525
U007088,2,305.26,152.63
U007093,2,401.94,200.97
U007094,2,476.93,238.465
U000666,2,1357.76,678.88
U000616,2,2498.48,1249.24
U000582,2,959.3000000000001,479.65000000000003
U000586,2,1356.5100000000002,678.2550000000001
U000588,2,635.4300000000001,317.71500000000003
U000589,2,545.98,272.99
U000591,2,1191.73,595.865
U006339,2,3686.9,1843.45
U007061,2,330.02,165.01
U007064,2,265.28,132.64
U007068,2,738.6200000000001,369.31000000000006
U007072,2,604.5,302.25
U007073,2,510.85,255.425
U007077,2,169.53,84.765
U007079,2,945.88,472.94
U000633,2,1799.56,899.78
U009688,2,305.86,152.93
U009713,2,557.54,278.77
U009716,2,1190.44,595.22
U009717,2,88.28,44.14
U009718,2,4913.41,2456.705
U009719,2,877.74,438.87
U009722,2,2508.9300000000003,1254.4650000000001
U009723,2,1028.19,514.095
U000563,2,612.93,306.465
U006348,2,1506.07,753.035
U006349,2,347.53,173.765
U006354,2,1628.94,814.47
U006362,2,2259.8199999999997,1129.9099999999999
U006324,2,663.1,331.55
U006337,2,1041.22,520.61
U000607,2,2662.66,1331.33
U000614,2,1075.1100000000001,537.5550000000001
U009731,2,5232.51,2616.255
U009732,2,184.11,92.055
U009740,2,1195.61,597.805
U009741,2,585.61,292.805
U009743,2,491.15000000000003,245.57500000000002
U000539,2,1147.75,573.875
U007042,2,1562.12,781.06
U007044,2,2140.53,1070.265
U007052,2,1867.44,933.72
U007053,2,3454.21,1727.105
U007057,2,401.03000000000003,200.51500000000001
U006343,2,385.32,192.66
U006345,2,256.34000000000003,128.17000000000002
U006346,2,527.9499999999999,263.97499999999997
U000599,2,2666.33,1333.165
U009712,2,89.72,44.86
U009763,2,589.52,294.76
U000507,2,950.77,475.385
U000542,2,913.1899999999999,456.59499999999997
U000548,2,1525.54,762.77
U000560,2,2564.86,1282.43
U000525,2,368.68,184.34
U000527,2,1261.04,630.52
U006393,2,393.24,196.62
U006363,2,1053.85,526.925
U006364,2,683.93,341.965
U006366,2,1455.42,727.71
U006373,2,1244.09,622.045
U006377,2,1405.14,702.57
U000571,2,2339.2,1169.6
U009727,2,499.71,249.855
U009729,2,1726.11,863.055
U007033,2,137.24,68.62
U007034,2,1137.21,568.605
U007041,2,3475.75,1737.875
U000512,2,3456.06,1728.03
U000516,2,202.91,101.455
U000488,2,265.07,132.535
U000494,2,2503.3399999999997,1251.6699999999998
U006405,2,1219.1599999999999,609.5799999999999
U006411,2,50.37,25.185
U006384,2,255.97,127.985
U006386,2,414.49,207.245
U006387,2,1507.53,753.765
U009744,2,896.47,448.235
U009752,2,1555.26,777.63
U009753,2,1568.8899999999999,784.4449999999999
U009760,2,35.79,17.895
U006421,2,1327.48,663.74
U006422,2,132.47,66.235
U006423,2,2531.8599999999997,1265.9299999999998
U000499,2,683.9399999999999,341.96999999999997
U009764,2,2213.1,1106.55
U009771,2,1199.4,599.7
U009772,2,644.84,322.42
U009774,2,1499.79,749.895
U000468,2,585.12,292.56
U000471,2,343.57,171.785
U000472,2,210.64000000000001,105.32000000000001
U000473,2,2154.47,1077.235
U006426,2,201.49,100.745
U007023,2,768.74,384.37
U007024,2,1833.75,916.875
U007026,2,300.53999999999996,150.26999999999998
U007016,2,1098.2,549.1
U006438,2,889.16,444.58
U000479,2,951.74,475.87
U000480,2,100.95,50.475
U009785,2,2005.49,1002.745
U009787,2,285.69,142.845
U009790,2,1571.27,785.635
U009794,2,87.41,43.705
U009800,2,1402.09,701.045
U006440,2,608.8599999999999,304.42999999999995
U006443,2,388.51,194.255
U006444,2,896.3399999999999,448.16999999999996
U006447,2,1890.3700000000001,945.1850000000001
U006449,2,2900.33,1450.165
U006450,2,2784.03,1392.015
U006451,2,27.880000000000003,13.940000000000001
U006995,2,1079.56,539.78
U006998,2,3131.11,1565.555
U007004,2,1232.94,616.47
U006454,2,414.39,207.195
U000455,2,2153.58,1076.79
U000457,2,1716.25,858.125
U000466,2,1894.39,947.195
U000431,2,621.12,310.56
U000432,2,1167.3600000000001,583.6800000000001
U000437,2,225.03,112.515
U000439,2,354.67,177.335
U006460,2,279.01,139.505
U006462,2,181.60999999999999,90.80499999999999
U006470,2,1343.23,671.615
U007013,2,383.7,191.85
U007014,2,288.17,144.085
U000399,2,4314.48,2157.24
U000400,2,3076.12,1538.06
U000403,2,125.49000000000001,62.745000000000005
U000404,2,208.61,104.305
U000442,2,754.03,377.015
U000445,2,1533.04,766.52
U000446,2,1822.1,911.05
U009803,2,852.2,426.1
U009804,2,3277.67,1638.835
U009811,2,172.85000000000002,86.42500000000001
U009816,2,145.91,72.955
U006488,2,403.20000000000005,201.60000000000002
U006492,2,282.48,141.24
U006987,2,150.72,75.36
U006989,2,559.19,279.595
U006993,2,227.45999999999998,113.72999999999999
U006499,2,308.0,154.0
U000406,2,73.92,36.96
U000409,2,971.72,485.86
U009819,2,2001.04,1000.52
U009820,2,372.87,186.435
U009829,2,1567.26,783.63
U006500,2,731.73,365.865
U006501,2,516.58,258.29
U006508,2,1823.9099999999999,911.9549999999999
U006474,2,235.31,117.655
U006482,2,86.33,43.165
U006485,2,706.41,353.205
U000414,2,2022.6599999999999,1011.3299999999999
U000420,2,348.67,174.335
U000397,2,117.71000000000001,58.855000000000004
U000398,2,1711.66,855.83
U000392,2,1143.91,571.955
U000395,2,2403.17,1201.585
U000396,2,1710.17,855.085
U000363,2,1172.79,586.395
U000364,2,231.29000000000002,115.64500000000001
U000366,2,436.02000000000004,218.01000000000002
U000367,2,1111.1,555.55
U006971,2,373.79999999999995,186.89999999999998
U006974,2,896.47,448.235
U006976,2,945.68,472.84
U006977,2,814.89,407.445
U006978,2,2128.38,1064.19
U006979,2,799.32,399.66
U006981,2,1601.8999999999999,800.9499999999999
U006494,2,895.31,447.655
U006497,2,965.8199999999999,482.90999999999997
U000327,2,256.51,128.255
U000329,2,663.35,331.675
U000330,2,928.01,464.005
U000333,2,1228.06,614.03
U000338,2,2885.23,1442.615
U000339,2,348.63,174.315
U006512,2,1608.56,804.28
U006514,2,493.96,246.98
U006517,2,856.15,428.075
U006518,2,941.72,470.86
U006522,2,1759.77,879.885
U000372,2,754.0400000000001,377.02000000000004
U000373,2,1345.1,672.55
U000375,2,263.06,131.53
U000377,2,60.489999999999995,30.244999999999997
U000343,2,348.86,174.43
U009843,2,322.9,161.45
U009844,2,517.8299999999999,258.91499999999996
U009848,2,1389.7800000000002,694.8900000000001
U009850,2,1063.5,531.75
U000310,2,374.98,187.49
U000317,2,505.62,252.81
U006560,2,1778.74,889.37
U006561,2,1076.3,538.15
U006562,2,511.75,255.875
U006535,2,987.4399999999999,493.71999999999997
U006546,2,229.59,114.795
U000354,2,129.7,64.85
U000356,2,886.74,443.37
U000357,2,2238.85,1119.425
U000358,2,187.79,93.895
U000360,2,375.46000000000004,187.73000000000002
U000326,2,1016.73,508.365
U000301,2,492.39,246.195
U000302,2,3096.84,1548.42
U000306,2,54.480000000000004,27.240000000000002
U000307,2,752.08,376.04
U006951,2,475.77000000000004,237.88500000000002
U006952,2,2827.02,1413.51
U006954,2,134.79,67.395
U006958,2,155.9,77.95
U006959,2,274.3,137.15
U006964,2,925.73,462.865
U006553,2,1196.8700000000001,598.4350000000001
U000342,2,65.69,32.845
U009834,2,885.3,442.65
U009836,2,608.04,304.02
U009837,2,2151.67,1075.835
U009851,2,2211.39,1105.695
U009855,2,404.05,202.025
U009859,2,672.36,336.18
U009861,2,717.88,358.94
U009863,2,112.8,56.4
U009864,2,1382.94,691.47
U009867,2,1533.52,766.76
U000270,2,935.6800000000001,467.84000000000003
U006567,2,646.8900000000001,323.44500000000005
U006568,2,465.19,232.595
U006576,2,275.69,137.845
U006578,2,544.86,272.43
U006579,2,314.23,157.115
U000318,2,2985.68,1492.84
U000323,2,3018.06,1509.03
U000325,2,1708.47,854.235
U006947,2,395.44,197.72
U006602,2,324.82,162.41
U006605,2,1729.5,864.75
U000279,2,835.86,417.93
U000257,2,1583.77,791.885
U000259,2,1059.73,529.865
U006608,2,586.04,293.02
U006609,2,2106.91,1053.455
U006611,2,3363.25,1681.625
U006613,2,1321.47,660.735
U006614,2,393.8,196.9
U006620,2,3034.53,1517.265
U006585,2,1588.19,794.095
U006589,2,2620.62,1310.31
U006591,2,1209.98,604.99
U006598,2,1071.21,535.605
U000207,2,2231.8700000000003,1115.9350000000002
U000208,2,1223.85,611.925
U000210,2,2548.26,1274.13
U000213,2,958.26,479.13
U000267,2,204.9,102.45
U000269,2,1156.17,578.085
U009872,2,557.47,278.735
U009875,2,1439.9,719.95
U009880,2,2123.45,1061.725
U009881,2,621.21,310.605
U009883,2,1199.24,599.62
U009884,2,3745.9900000000002,1872.9950000000001
U006638,2,479.20000000000005,239.60000000000002
U006940,2,326.01,163.005
U006943,2,1150.0,575.0
U006946,2,4627.429999999999,2313.7149999999997
U000189,2,143.82,71.91
U000190,2,534.27,267.135
U000193,2,768.83,384.415
U000197,2,1039.92,519.96
U000199,2,638.78,319.39
U006646,2,1158.5,579.25
U006647,2,2105.74,1052.87
U006651,2,798.1500000000001,399.07500000000005
U006629,2,3589.29,1794.645
U006631,2,1467.71,733.855
U006632,2,5943.7,2971.85
U000227,2,409.29,204.645
U000228,2,2491.59,1245.795
U000233,2,2807.88,1403.94
U000235,2,132.83,66.415
U000242,2,1820.0700000000002,910.0350000000001
U006928,2,1177.31,588.655
U009889,2,3488.96,1744.48
U009891,2,496.85,248.425
U009899,2,889.3499999999999,444.67499999999995
U009901,2,1451.3899999999999,725.6949999999999
U000171,2,1688.8,844.4
U006656,2,411.62,205.81
U006663,2,4927.4,2463.7
U006664,2,2398.35,1199.175
U006665,2,3768.09,1884.045
U006667,2,878.13,439.065
U006668,2,1914.74,957.37
U006669,2,1408.92,704.46
U006639,2,725.89,362.945
U000214,2,46.25,23.125
U000215,2,1799.9,899.95
U006676,2,777.58,388.79
U006678,2,157.48,78.74
U006679,2,857.77,428.885
U000174,2,996.11,498.055
U000178,2,1702.03,851.015
U000181,2,772.4300000000001,386.21500000000003
U000182,2,877.62,438.81
U000185,2,2060.9,1030.45
U000158,2,1680.7,840.35
U000163,2,1383.88,691.94
U006684,2,703.13,351.565
U006685,2,1364.36,682.18
U006689,2,842.55,421.275
U006913,2,1030.38,515.19
U006924,2,1177.02,588.51
U006927,2,1563.34,781.67
U006907,2,4146.51,2073.255
U006909,2,2489.17,1244.585
U000165,2,189.24,94.62
U000169,2,1475.35,737.675
U000137,2,1622.9,811.45
U000141,2,239.78,119.89
U000142,2,1569.4099999999999,784.7049999999999
U000145,2,1779.46,889.73
U000147,2,798.85,399.425
U000149,2,344.46000000000004,172.23000000000002
U000151,2,461.2,230.6
U006697,2,1097.73,548.865
U006702,2,662.88,331.44
U006703,2,351.65,175.825
U006706,2,939.4200000000001,469.71000000000004
U006674,2,438.72,219.36
U006712,2,880.1800000000001,440.09000000000003
U006714,2,1467.23,733.615
U006720,2,625.25,312.625
U000154,2,1289.05,644.525
U009908,2,187.11,93.555
U009909,2,197.20999999999998,98.60499999999999
U009918,2,2316.03,1158.015
U009920,2,689.79,344.895
U009924,2,159.92000000000002,79.96000000000001
U000116,2,1445.6000000000001,722.8000000000001
U000118,2,3541.54,1770.77
U006723,2,2401.69,1200.845
U006895,2,616.78,308.39
U006898,2,482.43,241.215
U006900,2,222.15,111.075
U006905,2,348.72,174.36
U006731,2,684.1700000000001,342.08500000000004
U000125,2,1023.19,511.595
U000126,2,464.61,232.305
U000130,2,266.45,133.225
U000134,2,1234.26,617.13
U000095,2,76.41,38.205
U000098,2,739.95,369.975
U000102,2,336.63,168.315
U000103,2,475.43,237.715
U000104,2,1388.8100000000002,694.4050000000001
U006734,2,127.56,63.78
U006739,2,151.83,75.915
U006740,2,336.52,168.26
U006741,2,1242.47,621.235
U006742,2,1034.3,517.15
U006710,2,70.37,35.185
U000115,2,266.44,133.22
U009926,2,768.35,384.175
U009929,2,329.73,164.865
U009932,2,253.94,126.97
U009938,2,889.55,444.775
U000081,2,766.73,383.365
U006762,2,4718.13,2359.065
U006764,2,173.73,86.865
U006766,2,897.23,448.615
U006879,2,172.93,86.465
U006880,2,1149.63,574.815
U006884,2,2198.18,1099.09
U006887,2,240.28,120.14
U006888,2,3190.85,1595.425
U006889,2,370.55,185.275
U006729,2,899.87,449.935
U000089,2,304.79,152.395
U000090,2,368.3,184.15
U000092,2,543.08,271.54
U000093,2,269.51,134.755
U000066,2,144.57,72.285
U000067,2,470.63,235.315
U000068,2,423.17999999999995,211.58999999999997
U000071,2,346.90999999999997,173.45499999999998
U000077,2,304.5,152.25
U006768,2,2054.52,1027.26
U006778,2,1680.89,840.445
U006782,2,1311.57,655.785
U006748,2,1256.1100000000001,628.0550000000001
U006760,2,627.3699999999999,313.68499999999995
U000106,2,594.75,297.375
U000114,2,1278.09,639.045
U006819,2,632.08,316.04
U006787,2,2354.22,1177.11
U006791,2,406.05,203.025
U006793,2,1611.37,805.685
U006794,2,799.74,399.87
U006795,2,878.03,439.015
U006798,2,506.78999999999996,253.39499999999998
U006802,2,5106.43,2553.215
U006805,2,468.86,234.43
U006860,2,682.8,341.4
U006863,2,4298.92,2149.46
U006865,2,389.39,194.695
U006869,2,50.02,25.01
U006872,2,415.78999999999996,207.89499999999998
U006873,2,457.70000000000005,228.85000000000002
U000087,2,578.89,289.445
U006825,2,1840.3700000000001,920.1850000000001
U009998,2,816.62,408.31
U000011,2,1050.88,525.44
U000012,2,635.59,317.795
U000019,2,341.53000000000003,170.76500000000001
U006838,2,717.21,358.605
U006841,2,536.4300000000001,268.21500000000003
U006843,2,371.39,185.695
U006846,2,1779.86,889.93
U006854,2,391.34000000000003,195.67000000000002
U006859,2,1121.35,560.675
U000051,2,774.78,387.39
U000055,2,3151.65,1575.825
U000059,2,1608.03,804.015
U000060,2,1192.3700000000001,596.1850000000001
U000025,2,858.9200000000001,429.46000000000004
U008254,2,1404.69,702.345
U008260,2,1646.49,823.245
U008263,2,551.47,275.735
U008265,2,1497.34,748.67
U003723,2,4104.6,2052.3
U003728,2,927.3900000000001,463.69500000000005
U003729,2,1224.75,612.375
U003738,2,430.96000000000004,215.48000000000002
U003707,2,399.78,199.89
U003710,2,3258.37,1629.185
U003717,2,247.62,123.81
U003721,2,455.71000000000004,227.85500000000002
U008274,2,900.03,450.015
U008278,2,568.39,284.195
U008280,2,316.25,158.125
U008284,2,1391.04,695.52
U010000,1,2172.41,2172.41
U000009,1,1297.61,1297.61
U000013,1,193.29,193.29
U000014,1,223.9,223.9
U000016,1,954.86,954.86
U000061,1,378.6,378.6
U000057,1,369.87,369.87
U000052,1,566.53,566.53
U000050,1,1953.62,1953.62
U000049,1,1821.99,1821.99
U009953,1,1395.27,1395.27
U009952,1,1413.17,1413.17
U009951,1,697.76,697.76
U009949,1,705.88,705.88
U009947,1,253.54,253.54
U000076,1,82.64,82.64
U000074,1,2571.53,2571.53
U000073,1,323.24,323.24
U000072,1,247.88,247.88
U000069,1,688.64,688.64
U000065,1,37.9,37.9
U006800,1,737.64,737.64
U006797,1,647.96,647.96
U006789,1,1368.99,1368.99
U006786,1,484.55,484.55
U006818,1,34.96,34.96
U006816,1,5183.18,5183.18
U006815,1,210.68,210.68
U006812,1,278.12,278.12
U006808,1,355.35,355.35
U006856,1,345.31,345.31
U006849,1,472.45,472.45
U006847,1,533.78,533.78
U006844,1,4513.75,4513.75
U006842,1,17.73,17.73
U006837,1,83.34,83.34
U006832,1,199.79,199.79
U006757,1,900.12,900.12
U006753,1,61.86,61.86
U006784,1,6.95,6.95
U006781,1,313.56,313.56
U006780,1,18.98,18.98
U006779,1,551.96,551.96
U006776,1,2604.54,2604.54
U006773,1,990.89,990.89
U006772,1,52.93,52.93
U006769,1,342.07,342.07
U006877,1,44.59,44.59
U006876,1,954.9,954.9
U006870,1,104.54,104.54
U006866,1,1390.58,1390.58
U006861,1,31.35,31.35
U006803,1,1598.44,1598.44
U006711,1,168.63,168.63
U006709,1,398.55,398.55
U006747,1,134.39,134.39
U006746,1,252.09,252.09
U006738,1,766.91,766.91
U006736,1,44.38,44.38
U006733,1,460.74,460.74
U006730,1,939.7,939.7
U006894,1,61.9,61.9
U006893,1,235.84,235.84
U006890,1,342.96,342.96
U006883,1,1911.0,1911.0
U006882,1,211.63,211.63
U006881,1,5.35,5.35
U006878,1,283.17,283.17
U006758,1,577.93,577.93
U006681,1,45.96,45.96
U006675,1,10.61,10.61
U006671,1,1148.7,1148.7
U006707,1,118.5,118.5
U006695,1,721.64,721.64
U006692,1,957.88,957.88
U006691,1,1448.06,1448.06
U006910,1,1395.52,1395.52
U006906,1,336.36,336.36
U006897,1,196.96,196.96
U006896,1,1036.32,1036.32
U006728,1,422.15,422.15
U006725,1,27.23,27.23
U006724,1,250.41,250.41
U006719,1,1262.82,1262.82
U006713,1,115.21,115.21
U006653,1,157.22,157.22
U006652,1,1832.31,1832.31
U006650,1,1673.47,1673.47
U006640,1,1199.77,1199.77
U006670,1,83.13,83.13
U006666,1,3500.02,3500.02
U006662,1,71.51,71.51
U006661,1,1728.4,1728.4
U006658,1,45.72,45.72
U006655,1,222.12,222.12
U006925,1,116.8,116.8
U006923,1,84.78,84.78
U006922,1,57.52,57.52
U006919,1,428.86,428.86
U006914,1,918.87,918.87
U006687,1,314.64,314.64
U006588,1,991.35,991.35
U006587,1,14.81,14.81
U006586,1,1737.05,1737.05
U006616,1,51.65,51.65
U006615,1,138.74,138.74
U006607,1,70.34,70.34
U006950,1,316.12,316.12
U006945,1,490.93,490.93
U006942,1,956.33,956.33
U006941,1,65.95,65.95
U006938,1,29.1,29.1
U006931,1,469.25,469.25
U006634,1,73.95,73.95
U006626,1,346.42,346.42
U006625,1,5.55,5.55
U006654,1,395.69,395.69
U006534,1,764.69,764.69
U006533,1,22.11,22.11
U006530,1,63.08,63.08
U006566,1,1218.64,1218.64
U006558,1,947.24,947.24
U006549,1,131.83,131.83
U006969,1,1572.57,1572.57
U006965,1,49.77,49.77
U006955,1,2505.69,2505.69
U006953,1,2801.8,2801.8
U006572,1,313.89,313.89
U006570,1,1707.41,1707.41
U006597,1,5.2,5.2
U006594,1,47.54,47.54
U006593,1,745.53,745.53
U006592,1,2040.11,2040.11
U006471,1,498.14,498.14
U006507,1,2053.48,2053.48
U006502,1,173.37,173.37
U006496,1,32.25,32.25
U006495,1,111.25,111.25
U006984,1,160.19,160.19
U006983,1,44.42,44.42
U006982,1,925.17,925.17
U006980,1,491.06,491.06
U006975,1,48.2,48.2
U006973,1,2822.06,2822.06
U006545,1,19.99,19.99
U006544,1,468.3,468.3
U006543,1,44.55,44.55
U006540,1,698.17,698.17
U006536,1,98.79,98.79
U007007,1,232.89,232.89
U007006,1,106.99,106.99
U006466,1,51.45,51.45
U006461,1,733.93,733.93
U006458,1,1093.62,1093.62
U006455,1,2014.06,2014.06
U006453,1,233.13,233.13
U007003,1,249.82,249.82
U007002,1,111.52,111.52
U007001,1,60.55,60.55
U006997,1,928.24,928.24
U006992,1,3199.14,3199.14
U006990,1,417.12,417.12
U006489,1,490.62,490.62
U006476,1,343.53,343.53
U006472,1,150.4,150.4
U006427,1,718.89,718.89
U006424,1,223.96,223.96
U006420,1,74.41,74.41
U006419,1,47.16,47.16
U006448,1,1460.75,1460.75
U006441,1,502.87,502.87
U006437,1,37.14,37.14
U006436,1,39.02,39.02
U007022,1,383.26,383.26
U007021,1,49.62,49.62
U007020,1,763.27,763.27
U007017,1,92.24,92.24
U007015,1,1326.43,1326.43
U007010,1,649.28,649.28
U007009,1,134.22,134.22
U007008,1,547.15,547.15
U006394,1,34.12,34.12
U006392,1,127.42,127.42
U006390,1,97.57,97.57
U006412,1,530.14,530.14
U006407,1,513.91,513.91
U006404,1,985.35,985.35
U006400,1,167.52,167.52
U006399,1,814.55,814.55
U007039,1,318.6,318.6
U007036,1,93.18,93.18
U007032,1,107.6,107.6
U007029,1,1387.63,1387.63
U007028,1,54.55,54.55
U006433,1,289.15,289.15
U006430,1,188.36,188.36
U006429,1,179.12,179.12
U006316,1,90.37,90.37
U006361,1,372.14,372.14
U006355,1,603.12,603.12
U006353,1,90.02,90.02
U006342,1,477.08,477.08
U007059,1,565.28,565.28
U007056,1,320.9,320.9
U007054,1,328.56,328.56
U007051,1,569.72,569.72
U007050,1,47.08,47.08
U007048,1,226.49,226.49
U007045,1,73.01,73.01
U006375,1,154.57,154.57
U006370,1,590.92,590.92
U006396,1,420.43,420.43
U006395,1,1989.66,1989.66
U006314,1,2212.5,2212.5
U006307,1,359.66,359.66
U006305,1,82.98,82.98
U006301,1,297.78,297.78
U006300,1,1174.48,1174.48
U007078,1,161.53,161.53
U007076,1,351.08,351.08
U007070,1,598.63,598.63
U007066,1,725.63,725.63
U007063,1,210.7,210.7
U007062,1,630.52,630.52
U006338,1,1436.36,1436.36
U006336,1,549.76,549.76
U006326,1,451.45,451.45
U006325,1,593.58,593.58
U006322,1,1675.37,1675.37
U006271,1,204.76,204.76
U006270,1,1247.67,1247.67
U006262,1,58.1,58.1
U006297,1,290.73,290.73
U006295,1,4106.99,4106.99
U006293,1,55.25,55.25
U006286,1,343.78,343.78
U006283,1,110.42,110.42
U006282,1,875.51,875.51
U007092,1,223.08,223.08
U007091,1,83.6,83.6
U007087,1,30.09,30.09
U007086,1,848.69,848.69
U007084,1,879.57,879.57
U007081,1,137.88,137.88
U006315,1,315.58,315.58
U006219,1,5.84,5.84
U006217,1,475.53,475.53
U006212,1,271.71,271.71
U006207,1,84.13,84.13
U006205,1,104.12,104.12
U007109,1,51.9,51.9
U007107,1,524.78,524.78
U007106,1,404.2,404.2
U007105,1,130.12,130.12
U007099,1,468.57,468.57
U006234,1,591.68,591.68
U006232,1,170.22,170.22
U006226,1,2477.86,2477.86
U006259,1,52.54,52.54
U006279,1,224.44,224.44
U006275,1,49.59,49.59
U006202,1,644.73,644.73
U006200,1,70.8,70.8
U006197,1,742.01,742.01
U006194,1,142.13,142.13
U006192,1,97.47,97.47
U006188,1,472.13,472.13
U007134,1,986.58,986.58
U007133,1,564.15,564.15
U007132,1,698.45,698.45
U007131,1,399.58,399.58
U007130,1,305.42,305.42
U007129,1,290.28,290.28
U007126,1,182.11,182.11
U007122,1,85.14,85.14
U007120,1,108.27,108.27
U007119,1,1094.53,1094.53
U007158,1,55.44,55.44
U006164,1,119.48,119.48
U006162,1,38.84,38.84
U006161,1,394.21,394.21
U006158,1,347.36,347.36
U006156,1,65.0,65.0
U006155,1,581.58,581.58
U006154,1,955.71,955.71
U007152,1,51.75,51.75
U007147,1,1239.31,1239.31
U007143,1,227.23,227.23
U007141,1,47.91,47.91
U007139,1,373.83,373.83
U007135,1,20.06,20.06
U006184,1,705.88,705.88
U006178,1,488.59,488.59
U006134,1,66.45,66.45
U006121,1,1685.35,1685.35
U006116,1,63.35,63.35
U006151,1,27.84,27.84
U006146,1,40.03,40.03
U006141,1,1561.41,1561.41
U006139,1,677.07,677.07
U006138,1,313.84,313.84
U006136,1,225.5,225.5
U006135,1,1536.32,1536.32
U007172,1,363.03,363.03
U007170,1,346.25,346.25
U007168,1,297.97,297.97
U007165,1,261.88,261.88
U007163,1,541.84,541.84
U007161,1,180.49,180.49
U006088,1,2013.19,2013.19
U006083,1,231.26,231.26
U006082,1,264.33,264.33
U006115,1,334.11,334.11
U006113,1,1395.25,1395.25
U006111,1,112.71,112.71
U006107,1,155.25,155.25
U007193,1,420.5,420.5
U007192,1,152.36,152.36
U007191,1,35.56,35.56
U007184,1,1551.04,1551.04
U007182,1,197.6,197.6
U007180,1,395.19,395.19
U007178,1,384.93,384.93
U007176,1,146.18,146.18
U007173,1,1515.25,1515.25
U006025,1,128.53,128.53
U006024,1,801.6,801.6
U006023,1,375.37,375.37
U006054,1,26.21,26.21
U006053,1,265.37,265.37
U006052,1,99.54,99.54
U006044,1,615.9,615.9
U007212,1,140.69,140.69
U007209,1,210.01,210.01
U007200,1,460.36,460.36
U007199,1,293.74,293.74
U007198,1,2459.69,2459.69
U006074,1,888.9,888.9
U006069,1,69.5,69.5
U006064,1,311.35,311.35
U006094,1,801.37,801.37
U005993,1,231.84,231.84
U005990,1,357.41,357.41
U005985,1,368.11,368.11
U006019,1,344.62,344.62
U006016,1,404.72,404.72
U006013,1,202.62,202.62
U006012,1,393.93,393.93
U006010,1,83.41,83.41
U006008,1,70.32,70.32
U007234,1,840.48,840.48
U007232,1,61.15,61.15
U007228,1,30.09,30.09
U007224,1,125.28,125.28
U007217,1,210.15,210.15
U006034,1,255.21,255.21
U006029,1,513.39,513.39
U005950,1,183.35,183.35
U005949,1,983.44,983.44
U005983,1,475.8,475.8
U005980,1,126.93,126.93
U005972,1,529.06,529.06
U005971,1,284.87,284.87
U005970,1,214.61,214.61
U007250,1,228.64,228.64
U007249,1,395.96,395.96
U007248,1,371.48,371.48
U007245,1,742.25,742.25
U007240,1,46.64,46.64
U007236,1,372.7,372.7
U007235,1,661.75,661.75
U006001,1,1552.0,1552.0
U005994,1,394.37,394.37
U005943,1,95.66,95.66
U005941,1,1290.86,1290.86
U005938,1,375.91,375.91
U005937,1,332.78,332.78
U005934,1,364.15,364.15
U005932,1,16.62,16.62
U007267,1,201.83,201.83
U007266,1,1586.27,1586.27
U007265,1,44.4,44.4
U007262,1,711.94,711.94
U007256,1,57.18,57.18
U007255,1,1593.82,1593.82
U005959,1,3226.11,3226.11
U005958,1,34.11,34.11
U005956,1,744.59,744.59
U005953,1,1136.07,1136.07
U005908,1,570.37,570.37
U005906,1,645.5,645.5
U005903,1,923.52,923.52
U005930,1,69.88,69.88
U005927,1,484.84,484.84
U005926,1,89.93,89.93
U005924,1,108.57,108.57
U005919,1,718.65,718.65
U005918,1,4354.04,4354.04
U007287,1,9.81,9.81
U007284,1,8.24,8.24
U007283,1,11.83,11.83
U007281,1,291.24,291.24
U007272,1,392.28,392.28
U005946,1,1604.92,1604.92
U005944,1,63.98,63.98
U005875,1,403.18,403.18
U005874,1,22.25,22.25
U005873,1,1700.35,1700.35
U005870,1,16.86,16.86
U005866,1,152.4,152.4
U005862,1,264.09,264.09
U005860,1,71.29,71.29
U007295,1,237.68,237.68
U007294,1,11.44,11.44
U007289,1,71.52,71.52
U005893,1,1287.49,1287.49
U005888,1,22.01,22.01
U005887,1,252.13,252.13
U005886,1,402.43,402.43
U005912,1,26.26,26.26
U005909,1,727.82,727.82
U007323,1,361.55,361.55
U007322,1,714.6,714.6
U005837,1,95.33,95.33
U005835,1,84.48,84.48
U005829,1,1052.6,1052.6
U005823,1,149.63,149.63
U005822,1,995.65,995.65
U007320,1,214.23,214.23
U007315,1,41.3,41.3
U007313,1,69.34,69.34
U007309,1,18.79,18.79
U005857,1,1979.71,1979.71
U005851,1,301.02,301.02
U005843,1,393.96,393.96
U005840,1,37.4,37.4
U005839,1,846.61,846.61
U005789,1,299.14,299.14
U005783,1,373.09,373.09
U005782,1,1132.53,1132.53
U005816,1,128.21,128.21
U005807,1,1098.23,1098.23
U005799,1,824.81,824.81
U005798,1,143.04,143.04
U007339,1,1550.62,1550.62
U007338,1,95.02,95.02
U007337,1,352.54,352.54
U007332,1,878.73,878.73
U007331,1,684.35,684.35
U007330,1,1817.68,1817.68
U007329,1,1152.69,1152.69
U007328,1,87.46,87.46
U007326,1,462.48,462.48
U005748,1,291.05,291.05
U005739,1,462.35,462.35
U005777,1,1478.43,1478.43
U005769,1,148.66,148.66
U005766,1,3416.4,3416.4
U005763,1,2358.77,2358.77
U005762,1,134.71,134.71
U005761,1,72.04,72.04
U007363,1,450.35,450.35
U007360,1,521.0,521.0
U007354,1,236.34,236.34
U007343,1,199.85,199.85
U007341,1,7.92,7.92
U005796,1,1156.18,1156.18
U005791,1,463.92,463.92
U005790,1,728.78,728.78
U005738,1,3801.45,3801.45
U005731,1,109.0,109.0
U005730,1,580.29,580.29
U005726,1,58.41,58.41
U005722,1,161.07,161.07
U005720,1,133.48,133.48
U007380,1,145.87,145.87
U007378,1,393.45,393.45
U007371,1,177.88,177.88
U007366,1,237.68,237.68
U007365,1,149.22,149.22
U005757,1,389.01,389.01
U005756,1,300.8,300.8
U005755,1,255.39,255.39
U005750,1,49.15,49.15
U005749,1,847.83,847.83
U005671,1,236.83,236.83
U005668,1,362.85,362.85
U005664,1,1413.41,1413.41
U005701,1,1076.53,1076.53
U005693,1,97.36,97.36
U005690,1,2205.7,2205.7
U005689,1,1416.19,1416.19
U005688,1,73.78,73.78
U007398,1,120.82,120.82
U007390,1,442.31,442.31
U007388,1,437.3,437.3
U007385,1,55.28,55.28
U005717,1,83.14,83.14
U005716,1,113.58,113.58
U005714,1,450.54,450.54
U005712,1,660.72,660.72
U005663,1,26.39,26.39
U005661,1,115.8,115.8
U005656,1,29.68,29.68
U005655,1,2679.61,2679.61
U005654,1,15.66,15.66
U005650,1,75.7,75.7
U005648,1,785.81,785.81
U007408,1,150.08,150.08
U007407,1,1513.74,1513.74
U007404,1,19.35,19.35
U007401,1,55.25,55.25
U005685,1,289.85,289.85
U005679,1,85.64,85.64
U005678,1,297.31,297.31
U005677,1,44.29,44.29
U005675,1,714.75,714.75
U005591,1,143.9,143.9
U005626,1,1055.14,1055.14
U005623,1,41.19,41.19
U005622,1,434.41,434.41
U005621,1,912.6,912.6
U005614,1,455.43,455.43
U005613,1,1055.43,1055.43
U005612,1,483.04,483.04
U005607,1,148.55,148.55
U007429,1,54.65,54.65
U007428,1,1266.58,1266.58
U007423,1,174.51,174.51
U007421,1,152.24,152.24
U007420,1,977.37,977.37
U005645,1,728.97,728.97
U005638,1,160.07,160.07
U005558,1,646.8,646.8
U005589,1,1148.52,1148.52
U005588,1,1078.4,1078.4
U005583,1,159.72,159.72
U005579,1,56.18,56.18
U005578,1,139.37,139.37
U005572,1,1152.19,1152.19
U007448,1,338.25,338.25
U007447,1,33.0,33.0
U007440,1,75.1,75.1
U007433,1,521.5,521.5
U005605,1,369.7,369.7
U005596,1,1845.14,1845.14
U005595,1,190.22,190.22
U005594,1,2643.46,2643.46
U005593,1,734.83,734.83
U005527,1,292.26,292.26
U005525,1,679.29,679.29
U005549,1,1900.11,1900.11
U005548,1,236.97,236.97
U005547,1,572.11,572.11
U005543,1,215.65,215.65
U007466,1,100.7,100.7
U007464,1,434.67,434.67
U007463,1,74.06,74.06
U007460,1,215.27,215.27
U007454,1,1136.5,1136.5
U007451,1,1752.52,1752.52
U007450,1,699.66,699.66
U007449,1,317.71,317.71
U005561,1,97.91,97.91
U005559,1,172.94,172.94
U005487,1,134.5,134.5
U005522,1,104.04,104.04
U005521,1,167.52,167.52
U005520,1,621.82,621.82
U005512,1,37.9,37.9
U005510,1,110.55,110.55
U005509,1,324.6,324.6
U005506,1,71.91,71.91
U007485,1,122.69,122.69
U007478,1,133.96,133.96
U007476,1,377.51,377.51
U007475,1,519.21,519.21
U007471,1,738.47,738.47
U005534,1,846.61,846.61
U005533,1,67.41,67.41
U005532,1,957.42,957.42
U005449,1,40.03,40.03
U005447,1,669.28,669.28
U005477,1,600.89,600.89
U005470,1,362.98,362.98
U005469,1,204.78,204.78
U007506,1,1063.49,1063.49
U007503,1,1126.46,1126.46
U007501,1,62.4,62.4
U007496,1,36.2,36.2
U007495,1,194.1,194.1
U005503,1,295.59,295.59
U005498,1,662.39,662.39
U005497,1,1685.12,1685.12
U005493,1,582.9,582.9
U005491,1,194.32,194.32
U005490,1,45.55,45.55
U005395,1,1075.03,1075.03
U005424,1,533.52,533.52
U005419,1,8.24,8.24
U005414,1,51.94,51.94
U005442,1,28.52,28.52
U005434,1,265.37,265.37
U005432,1,444.99,444.99
U005430,1,99.54,99.54
U007515,1,1510.66,1510.66
U007513,1,535.17,535.17
U007509,1,207.25,207.25
U007508,1,598.96,598.96
U005465,1,159.73,159.73
U005464,1,20.84,20.84
U005462,1,894.8,894.8
U005453,1,470.38,470.38
U005371,1,9.74,9.74
U005365,1,3060.97,3060.97
U005359,1,112.03,112.03
U005389,1,1849.04,1849.04
U005384,1,1177.5,1177.5
U005382,1,177.94,177.94
U005380,1,2312.07,2312.07
U005379,1,1645.55,1645.55
U007537,1,753.47,753.47
U007533,1,847.34,847.34
U007527,1,119.32,119.32
U005411,1,1500.87,1500.87
U005410,1,19.14,19.14
U005409,1,799.91,799.91
U005404,1,409.49,409.49
U005400,1,181.14,181.14
U005312,1,570.57,570.57
U005305,1,3.45,3.45
U005337,1,626.98,626.98
U005336,1,56.1,56.1
U005333,1,75.5,75.5
U005331,1,61.62,61.62
U005327,1,22.53,22.53
U007559,1,207.01,207.01
U007557,1,64.74,64.74
U007556,1,71.01,71.01
U007549,1,2599.42,2599.42
U005352,1,370.35,370.35
U005349,1,2199.33,2199.33
U005340,1,40.72,40.72
U005339,1,1133.6,1133.6
U005374,1,251.12,251.12
U005294,1,581.64,581.64
U005292,1,50.47,50.47
U005291,1,2224.26,2224.26
U005289,1,236.97,236.97
U005287,1,3245.4,3245.4
U005285,1,63.48,63.48
U005282,1,427.08,427.08
U007577,1,1298.89,1298.89
U007575,1,98.52,98.52
U007573,1,39.87,39.87
U007572,1,894.33,894.33
U007571,1,814.91,814.91
U007568,1,546.73,546.73
U007563,1,38.31,38.31
U007562,1,315.02,315.02
U005319,1,160.03,160.03
U005254,1,46.59,46.59
U005253,1,28.77,28.77
U005252,1,36.53,36.53
U005248,1,503.48,503.48
U005275,1,492.64,492.64
U005273,1,3938.88,3938.88
U005266,1,53.8,53.8
U007589,1,2136.3,2136.3
U007588,1,144.9,144.9
U007582,1,1471.05,1471.05
U007581,1,529.31,529.31
U007580,1,192.29,192.29
U007579,1,381.83,381.83
U005303,1,3073.26,3073.26
U005297,1,209.17,209.17
U005296,1,159.29,159.29
U005212,1,147.17,147.17
U005211,1,43.4,43.4
U005210,1,1373.18,1373.18
U005247,1,1170.57,1170.57
U005246,1,406.79,406.79
U005240,1,4103.49,4103.49
U005238,1,1029.54,1029.54
U005234,1,767.1,767.1
U005232,1,263.31,263.31
U005228,1,224.74,224.74
U007609,1,395.06,395.06
U007608,1,293.92,293.92
U007604,1,261.22,261.22
U005262,1,1457.42,1457.42
U005260,1,81.44,81.44
U005258,1,198.59,198.59
U005208,1,94.71,94.71
U005205,1,559.7,559.7
U005204,1,135.76,135.76
U005202,1,103.54,103.54
U005200,1,237.83,237.83
U005199,1,565.02,565.02
U005196,1,138.5,138.5
U007623,1,1894.36,1894.36
U007622,1,26.74,26.74
U007621,1,141.4,141.4
U007616,1,129.49,129.49
U007614,1,124.34,124.34
U005222,1,443.67,443.67
U005219,1,256.56,256.56
U005214,1,1647.99,1647.99
U005213,1,63.33,63.33
U005135,1,1001.17,1001.17
U005169,1,5156.63,5156.63
U005168,1,68.39,68.39
U005167,1,521.85,521.85
U005162,1,312.58,312.58
U007650,1,322.08,322.08
U007649,1,1049.28,1049.28
U007647,1,120.78,120.78
U007644,1,390.56,390.56
U007643,1,370.92,370.92
U007640,1,261.37,261.37
U007635,1,130.87,130.87
U007631,1,2702.6,2702.6
U005181,1,264.32,264.32
U005175,1,237.02,237.02
U005174,1,1413.59,1413.59
U005126,1,1656.18,1656.18
U005122,1,207.45,207.45
U005121,1,32.02,32.02
U005119,1,165.4,165.4
U005115,1,200.59,200.59
U005114,1,30.59,30.59
U005113,1,1885.2,1885.2
U007668,1,70.13,70.13
U007662,1,1315.38,1315.38
U007655,1,278.74,278.74
U007652,1,1034.57,1034.57
U005149,1,210.15,210.15
U005143,1,136.05,136.05
U005142,1,308.97,308.97
U005141,1,22.36,22.36
U005139,1,271.14,271.14
U005065,1,1316.47,1316.47
U005057,1,701.36,701.36
U005053,1,1039.16,1039.16
U005091,1,52.14,52.14
U005089,1,18.89,18.89
U005088,1,280.51,280.51
U005086,1,195.93,195.93
U007686,1,107.38,107.38
U007684,1,396.98,396.98
U007677,1,44.02,44.02
U007674,1,531.46,531.46
U007671,1,1653.07,1653.07
U005108,1,348.96,348.96
U005104,1,128.9,128.9
U005097,1,721.75,721.75
U005130,1,129.2,129.2
U005046,1,196.49,196.49
U005041,1,297.56,297.56
U005040,1,562.84,562.84
U005038,1,363.71,363.71
U005036,1,427.63,427.63
U005034,1,156.85,156.85
U007705,1,182.11,182.11
U007703,1,415.91,415.91
U007700,1,28.77,28.77
U007698,1,1345.07,1345.07
U007697,1,18.84,18.84
U007695,1,1246.53,1246.53
U007693,1,57.52,57.52
U007691,1,442.14,442.14
U007687,1,1778.14,1778.14
U005066,1,46.36,46.36
U005000,1,465.73,465.73
U004998,1,217.35,217.35
U004997,1,188.02,188.02
U005030,1,406.31,406.31
U005020,1,2727.16,2727.16
U005019,1,938.93,938.93
U005018,1,466.25,466.25
U005015,1,1008.82,1008.82
U007724,1,132.7,132.7
U007715,1,25.73,25.73
U007714,1,131.75,131.75
U007713,1,318.51,318.51
U007710,1,70.13,70.13
U007709,1,77.21,77.21
U007708,1,838.3,838.3
U007706,1,23.28,23.28
U004965,1,185.46,185.46
U004959,1,37.4,37.4
U004958,1,204.0,204.0
U004955,1,78.21,78.21
U004976,1,218.14,218.14
U007737,1,2838.38,2838.38
U007736,1,975.13,975.13
U007734,1,852.64,852.64
U007732,1,265.37,265.37
U007729,1,361.91,361.91
U007728,1,46.56,46.56
U007726,1,243.82,243.82
U005010,1,144.55,144.55
U005005,1,352.75,352.75
U005002,1,1895.9,1895.9
U005001,1,182.38,182.38
U004933,1,43.13,43.13
U004931,1,1588.62,1588.62
U004929,1,174.23,174.23
U004924,1,854.47,854.47
U004922,1,1896.22,1896.22
U004920,1,124.22,124.22
U004916,1,66.1,66.1
U007758,1,273.09,273.09
U007752,1,95.08,95.08
U007751,1,225.54,225.54
U004952,1,612.23,612.23
U004951,1,4.51,4.51
U004949,1,628.17,628.17
U004946,1,247.47,247.47
U004934,1,56.77,56.77
U004972,1,520.75,520.75
U004895,1,463.15,463.15
U004883,1,84.97,84.97
U004879,1,1551.97,1551.97
U004878,1,580.18,580.18
U004913,1,197.76,197.76
U004911,1,282.64,282.64
U004905,1,1476.04,1476.04
U004902,1,243.96,243.96
U004896,1,655.22,655.22
U007772,1,413.14,413.14
U007770,1,202.84,202.84
U007769,1,794.37,794.37
U007768,1,134.22,134.22
U007767,1,1915.91,1915.91
U007764,1,69.34,69.34
U007763,1,50.3,50.3
U004824,1,278.14,278.14
U004859,1,66.52,66.52
U004857,1,17.5,17.5
U004845,1,217.83,217.83
U004844,1,561.58,561.58
U007793,1,4378.03,4378.03
U007790,1,448.63,448.63
U007789,1,372.96,372.96
U007778,1,339.49,339.49
U004875,1,435.87,435.87
U004874,1,580.23,580.23
U004870,1,1124.87,1124.87
U004868,1,87.48,87.48
U004865,1,1129.44,1129.44
U004864,1,1067.76,1067.76
U004862,1,208.52,208.52
U004813,1,242.7,242.7
U004811,1,221.99,221.99
U004809,1,10.35,10.35
U004808,1,131.33,131.33
U004807,1,2958.01,2958.01
U004803,1,52.93,52.93
U007812,1,127.52,127.52
U007802,1,42.76,42.76
U007801,1,52.06,52.06
U007800,1,25.97,25.97
U007799,1,15.22,15.22
U007797,1,50.83,50.83
U007796,1,100.06,100.06
U004841,1,472.84,472.84
U004838,1,275.3,275.3
U004826,1,825.47,825.47
U004765,1,142.38,142.38
U004764,1,1687.16,1687.16
U004748,1,50.01,50.01
U004781,1,509.86,509.86
U004780,1,265.99,265.99
U004775,1,227.96,227.96
U004774,1,1409.44,1409.44
U004766,1,5.79,5.79
U007821,1,633.5,633.5
U007820,1,443.71,443.71
U007817,1,504.15,504.15
U004801,1,1505.83,1505.83
U004800,1,252.09,252.09
U004795,1,768.61,768.61
U004793,1,704.58,704.58
U004819,1,49.62,49.62
U004725,1,981.4,981.4
U004724,1,378.07,378.07
U004721,1,127.81,127.81
U004720,1,330.05,330.05
U004718,1,176.49,176.49
U004715,1,181.71,181.71
U004710,1,172.42,172.42
U007852,1,176.16,176.16
U007851,1,149.44,149.44
U007849,1,341.49,341.49
U007846,1,11.83,11.83
U007843,1,115.37,115.37
U007840,1,68.81,68.81
U004743,1,1202.93,1202.93
U004728,1,332.73,332.73
U004727,1,166.5,166.5
U004686,1,645.83,645.83
U004685,1,543.92,543.92
U004673,1,708.01,708.01
U004705,1,656.95,656.95
U004704,1,79.42,79.42
U004703,1,267.81,267.81
U004701,1,453.86,453.86
U004700,1,688.55,688.55
U004699,1,49.7,49.7
U004697,1,10.35,10.35
U004693,1,75.38,75.38
U007873,1,188.48,188.48
U007868,1,388.11,388.11
U007862,1,87.3,87.3
U007858,1,778.39,778.39
U004726,1,1947.85,1947.85
U004600,1,626.03,626.03
U004631,1,312.52,312.52
U004624,1,681.52,681.52
U004622,1,1127.47,1127.47
U004621,1,1040.02,1040.02
U004620,1,3.96,3.96
U007886,1,532.83,532.83
U007879,1,34.78,34.78
U004650,1,570.67,570.67
U004649,1,40.02,40.02
U004645,1,2631.23,2631.23
U004658,1,31.39,31.39
U004655,1,171.53,171.53
U004653,1,1.78,1.78
U004652,1,20.93,20.93
U004688,1,411.75,411.75
U004538,1,2429.71,2429.71
U004574,1,641.22,641.22
U004570,1,40.77,40.77
U004568,1,406.76,406.76
U004565,1,188.49,188.49
U004563,1,191.36,191.36
U007903,1,23.38,23.38
U007896,1,19.24,19.24
U007894,1,1882.12,1882.12
U004590,1,90.57,90.57
U004586,1,569.65,569.65
U004578,1,65.95,65.95
U004577,1,69.07,69.07
U004616,1,377.51,377.51
U004608,1,46.97,46.97
U004604,1,443.03,443.03
U004499,1,95.48,95.48
U004497,1,431.07,431.07
U004536,1,234.18,234.18
U004535,1,61.35,61.35
U004534,1,482.6,482.6
U004533,1,121.62,121.62
U004532,1,612.23,612.23
U007931,1,602.81,602.81
U007925,1,293.07,293.07
U007920,1,365.66,365.66
U007919,1,1156.34,1156.34
U007918,1,763.59,763.59
U004548,1,37.58,37.58
U004545,1,832.79,832.79
U004543,1,685.98,685.98
U004542,1,894.69,894.69
U004472,1,159.47,159.47
U004468,1,44.54,44.54
U004465,1,195.56,195.56
U004462,1,446.48,446.48
U004494,1,136.75,136.75
U004489,1,242.83,242.83
U004481,1,1060.41,1060.41
U007948,1,917.02,917.02
U007946,1,18.77,18.77
U007943,1,13.6,13.6
U007938,1,424.57,424.57
U004515,1,168.03,168.03
U004512,1,401.13,401.13
U004509,1,315.22,315.22
U004506,1,266.6,266.6
U004504,1,1085.17,1085.17
U004406,1,51.9,51.9
U004403,1,608.47,608.47
U004402,1,152.1,152.1
U004435,1,2575.9,2575.9
U004434,1,521.0,521.0
U004433,1,424.93,424.93
U004432,1,423.02,423.02
U004427,1,120.12,120.12
U004422,1,244.97,244.97
U007973,1,847.42,847.42
U007970,1,44.57,44.57
U007968,1,2208.7,2208.7
U007959,1,133.71,133.71
U004455,1,1555.34,1555.34
U004451,1,2852.3,2852.3
U004442,1,429.93,429.93
U004369,1,82.77,82.77
U004399,1,99.54,99.54
U004396,1,1088.94,1088.94
U004387,1,902.48,902.48
U004386,1,42.57,42.57
U004385,1,767.67,767.67
U007993,1,181.15,181.15
U007989,1,299.66,299.66
U007988,1,479.08,479.08
U007985,1,442.26,442.26
U007983,1,156.69,156.69
U007980,1,40.72,40.72
U004417,1,434.12,434.12
U004414,1,276.55,276.55
U004412,1,140.8,140.8
U004410,1,115.73,115.73
U004343,1,184.85,184.85
U004331,1,850.26,850.26
U004329,1,37.2,37.2
U004363,1,203.7,203.7
U004361,1,57.36,57.36
U004356,1,110.71,110.71
U004350,1,1218.91,1218.91
U004349,1,710.93,710.93
U008010,1,65.13,65.13
U008001,1,210.96,210.96
U007999,1,107.76,107.76
U007995,1,361.4,361.4
U004382,1,1257.52,1257.52
U004380,1,738.91,738.91
U004377,1,311.11,311.11
U004372,1,279.09,279.09
U004280,1,726.33,726.33
U004276,1,815.21,815.21
U004309,1,871.03,871.03
U004307,1,335.1,335.1
U004304,1,377.93,377.93
U004303,1,739.74,739.74
U004302,1,47.18,47.18
U004300,1,920.33,920.33
U004299,1,301.89,301.89
U004293,1,89.14,89.14
U008031,1,150.31,150.31
U008021,1,215.62,215.62
U004323,1,309.95,309.95
U004322,1,32.33,32.33
U004313,1,981.33,981.33
U004311,1,999.91,999.91
U004205,1,500.82,500.82
U004237,1,302.04,302.04
U004235,1,252.09,252.09
U004229,1,386.33,386.33
U004224,1,591.55,591.55
U004223,1,1411.57,1411.57
U004222,1,685.46,685.46
U008045,1,15.62,15.62
U008043,1,123.36,123.36
U008039,1,165.89,165.89
U004250,1,620.9,620.9
U004249,1,74.41,74.41
U004246,1,95.13,95.13
U004272,1,2207.65,2207.65
U004257,1,1112.95,1112.95
U004290,1,396.95,396.95
U004166,1,1481.9,1481.9
U004165,1,1924.14,1924.14
U004200,1,523.61,523.61
U004198,1,33.76,33.76
U004197,1,211.73,211.73
U004196,1,228.8,228.8
U004192,1,492.07,492.07
U004188,1,120.33,120.33
U008067,1,538.48,538.48
U008065,1,396.35,396.35
U008064,1,2624.1,2624.1
U008062,1,402.72,402.72
U008056,1,87.88,87.88
U004220,1,2218.33,2218.33
U004212,1,20.4,20.4
U004207,1,110.33,110.33
U004143,1,84.2,84.2
U004140,1,1493.92,1493.92
U004135,1,3863.85,3863.85
U004133,1,67.22,67.22
U004155,1,670.92,670.92
U004154,1,2314.93,2314.93
U004153,1,919.57,919.57
U004149,1,15.11,15.11
U008081,1,294.72,294.72
U008078,1,119.52,119.52
U008076,1,801.98,801.98
U008069,1,164.07,164.07
U004178,1,12.4,12.4
U004176,1,212.46,212.46
U004169,1,44.53,44.53
U004167,1,1826.66,1826.66
U008105,1,29.76,29.76
U004109,1,27.65,27.65
U004106,1,168.03,168.03
U004103,1,1937.99,1937.99
U004101,1,384.34,384.34
U004096,1,200.74,200.74
U004094,1,95.77,95.77
U004093,1,104.38,104.38
U008103,1,1286.75,1286.75
U008100,1,77.34,77.34
U008094,1,377.23,377.23
U004128,1,1217.05,1217.05
U004123,1,312.4,312.4
U004120,1,519.44,519.44
U004116,1,16.59,16.59
U004114,1,4441.39,4441.39
U004071,1,144.93,144.93
U004070,1,144.6,144.6
U004067,1,15.79,15.79
U004092,1,144.75,144.75
U004088,1,172.51,172.51
U004080,1,3298.7,3298.7
U004079,1,24.61,24.61
U004077,1,209.06,209.06
U004075,1,134.2,134.2
U004074,1,808.27,808.27
U008121,1,2373.89,2373.89
U008118,1,118.62,118.62
U008117,1,421.3,421.3
U008116,1,219.58,219.58
U008108,1,1203.98,1203.98
U008106,1,57.46,57.46
U004000,1,104.38,104.38
U004027,1,72.49,72.49
U004026,1,265.54,265.54
U004024,1,11.44,11.44
U004022,1,24.6,24.6
U004019,1,795.7,795.7
U008135,1,18.0,18.0
U008132,1,1182.86,1182.86
U008128,1,210.96,210.96
U008125,1,302.31,302.31
U004048,1,139.75,139.75
U004040,1,119.52,119.52
U004039,1,1599.25,1599.25
U004038,1,118.62,118.62
U004036,1,365.13,365.13
U004035,1,669.92,669.92
U008161,1,237.26,237.26
U008160,1,598.78,598.78
U008158,1,272.05,272.05
U003990,1,763.44,763.44
U003989,1,13.34,13.34
U003984,1,326.16,326.16
U003982,1,1257.52,1257.52
U003979,1,1341.8,1341.8
U008153,1,79.47,79.47
U008150,1,559.2,559.2
U004016,1,190.38,190.38
U004012,1,112.22,112.22
U004007,1,200.6,200.6
U004005,1,2048.97,2048.97
U004003,1,74.5,74.5
U004002,1,3980.02,3980.02
U003958,1,180.4,180.4
U003954,1,1165.54,1165.54
U003952,1,1410.05,1410.05
U003947,1,612.23,612.23
U003978,1,985.1,985.1
U003974,1,424.27,424.27
U003969,1,58.76,58.76
U003964,1,568.31,568.31
U003963,1,106.11,106.11
U003960,1,324.27,324.27
U003959,1,337.8,337.8
U008173,1,797.97,797.97
U008172,1,140.37,140.37
U008169,1,133.83,133.83
U008167,1,371.6,371.6
U008165,1,126.29,126.29
U003865,1,706.79,706.79
U003864,1,77.46,77.46
U003897,1,85.85,85.85
U003895,1,51.94,51.94
U003915,1,922.55,922.55
U003913,1,415.34,415.34
U003903,1,179.7,179.7
U008195,1,958.8,958.8
U008193,1,2615.76,2615.76
U008183,1,361.46,361.46
U003935,1,357.87,357.87
U003930,1,1206.27,1206.27
U003927,1,274.5,274.5
U003922,1,855.42,855.42
U003921,1,1295.59,1295.59
U003919,1,1443.31,1443.31
U003859,1,6.95,6.95
U003857,1,556.56,556.56
U003855,1,323.01,323.01
U003851,1,341.8,341.8
U003849,1,438.15,438.15
U003848,1,2862.02,2862.02
U003847,1,69.42,69.42
U008212,1,3803.31,3803.31
U008211,1,51.94,51.94
U008210,1,1125.37,1125.37
U008208,1,86.47,86.47
U008205,1,1704.42,1704.42
U008196,1,1233.14,1233.14
U003878,1,66.33,66.33
U003876,1,999.72,999.72
U003866,1,20.4,20.4
U003803,1,1257.26,1257.26
U003800,1,140.32,140.32
U003799,1,3771.26,3771.26
U003798,1,41.57,41.57
U003797,1,58.2,58.2
U008217,1,667.59,667.59
U003824,1,232.32,232.32
U003822,1,1047.18,1047.18
U003818,1,579.65,579.65
U003814,1,3954.5,3954.5
U003812,1,1102.97,1102.97
U003841,1,3130.18,3130.18
U003835,1,363.88,363.88
U003833,1,193.12,193.12
U003829,1,999.2,999.2
U003863,1,543.31,543.31
U003774,1,13.12,13.12
U003772,1,1974.06,1974.06
U003771,1,85.29,85.29
U003767,1,47.88,47.88
U003793,1,319.11,319.11
U003791,1,604.12,604.12
U003788,1,1181.94,1181.94
U008240,1,78.3,78.3
U008238,1,438.1,438.1
U008237,1,265.85,265.85
U008235,1,652.71,652.71
U008234,1,336.06,336.06
U008233,1,51.46,51.46
U003808,1,1964.28,1964.28
U003805,1,697.5,697.5
U003804,1,134.24,134.24
U003712,1,160.23,160.23
U003709,1,421.28,421.28
U003706,1,1811.62,1811.62
U003740,1,1251.01,1251.01
U003733,1,117.48,117.48
U003727,1,551.33,551.33
U003725,1,492.2,492.2
U008266,1,376.31,376.31
U008259,1,1468.38,1468.38
U008255,1,26.74,26.74
U003758,1,235.58,235.58
U003754,1,951.69,951.69
U003752,1,15.79,15.79
U003748,1,664.92,664.92
U003742,1,56.8,56.8
U003776,1,1137.33,1137.33
U003683,1,91.48,91.48
U003680,1,141.72,141.72
U003677,1,1524.68,1524.68
U003674,1,332.02,332.02
U003705,1,22.11,22.11
U003697,1,2292.67,2292.67
U003695,1,1670.08,1670.08
U008279,1,213.0,213.0
U008277,1,935.89,935.89
U008273,1,73.9,73.9
U008272,1,1841.22,1841.22
U008270,1,36.34,36.34
U003722,1,494.58,494.58
U003720,1,346.07,346.07
U003719,1,1860.95,1860.95
U003715,1,267.33,267.33
U003608,1,636.16,636.16
U003605,1,307.27,307.27
U003601,1,408.71,408.71
U003629,1,33.0,33.0
U003623,1,70.46,70.46
U008300,1,541.69,541.69
U008296,1,2395.23,2395.23
U008293,1,4110.41,4110.41
U008285,1,201.36,201.36
U003653,1,809.06,809.06
U003651,1,955.84,955.84
U003666,1,57.65,57.65
U003662,1,1065.42,1065.42
U003660,1,1837.06,1837.06
U003657,1,1162.39,1162.39
U003687,1,799.92,799.92
U003598,1,3464.19,3464.19
U003597,1,48.18,48.18
U003595,1,54.55,54.55
U003593,1,56.58,56.58
U003589,1,635.72,635.72
U003585,1,219.55,219.55
U003584,1,2048.14,2048.14
U003581,1,1567.63,1567.63
U008316,1,856.9,856.9
U008310,1,467.22,467.22
U008308,1,242.79,242.79
U008307,1,276.47,276.47
U008305,1,108.57,108.57
U008301,1,369.92,369.92
U003614,1,32.06,32.06
U003611,1,1041.93,1041.93
U003526,1,1834.76,1834.76
U003559,1,1010.24,1010.24
U003545,1,381.9,381.9
U003579,1,74.41,74.41
U003575,1,534.6,534.6
U003567,1,84.48,84.48
U003566,1,17.03,17.03
U003560,1,826.74,826.74
U008332,1,472.32,472.32
U008330,1,1584.58,1584.58
U008329,1,9.74,9.74
U008327,1,134.17,134.17
U008325,1,1146.85,1146.85
U008323,1,163.19,163.19
U008322,1,27.24,27.24
U008321,1,2.83,2.83
U003492,1,97.42,97.42
U003490,1,138.66,138.66
U003489,1,413.72,413.72
U003524,1,208.02,208.02
U003513,1,26.13,26.13
U003510,1,1441.65,1441.65
U008351,1,401.29,401.29
U008350,1,2872.53,2872.53
U008346,1,168.83,168.83
U008341,1,65.06,65.06
U008337,1,321.48,321.48
U008336,1,72.21,72.21
U003541,1,81.28,81.28
U003540,1,252.1,252.1
U003536,1,2354.43,2354.43
U003532,1,64.95,64.95
U003466,1,226.24,226.24
U003463,1,241.48,241.48
U003452,1,148.33,148.33
U003488,1,266.16,266.16
U003482,1,770.82,770.82
U003478,1,1772.84,1772.84
U003475,1,777.12,777.12
U003473,1,397.02,397.02
U008369,1,956.61,956.61
U008368,1,605.05,605.05
U008362,1,275.36,275.36
U008361,1,481.16,481.16
U008358,1,769.56,769.56
U008353,1,662.92,662.92
U003503,1,387.3,387.3
U003493,1,190.54,190.54
U003424,1,27.69,27.69
U003423,1,223.83,223.83
U003422,1,756.79,756.79
U003419,1,242.47,242.47
U003417,1,1020.56,1020.56
U008381,1,563.27,563.27
U008377,1,2193.24,2193.24
U008374,1,87.54,87.54
U008371,1,249.82,249.82
U003448,1,167.02,167.02
U003447,1,52.14,52.14
U003446,1,116.79,116.79
U003442,1,327.72,327.72
U003440,1,255.36,255.36
U003438,1,463.22,463.22
U003434,1,88.58,88.58
U003366,1,124.32,124.32
U003362,1,556.74,556.74
U003389,1,90.15,90.15
U003385,1,957.87,957.87
U003381,1,829.62,829.62
U003380,1,1702.83,1702.83
U003379,1,756.87,756.87
U003376,1,985.62,985.62
U008396,1,90.04,90.04
U008393,1,1298.36,1298.36
U008392,1,328.76,328.76
U008391,1,260.17,260.17
U008389,1,521.5,521.5
U008388,1,318.23,318.23
U003412,1,168.25,168.25
U003401,1,97.42,97.42
U003333,1,484.38,484.38
U003332,1,115.92,115.92
U003328,1,1417.6,1417.6
U003325,1,469.42,469.42
U003323,1,242.11,242.11
U008419,1,2374.82,2374.82
U008417,1,149.02,149.02
U008415,1,1572.18,1572.18
U008411,1,459.33,459.33
U008410,1,122.3,122.3
U003358,1,266.4,266.4
U003357,1,41.23,41.23
U003345,1,803.47,803.47
U003340,1,326.49,326.49
U003373,1,2578.01,2578.01
U003371,1,32.08,32.08
U003246,1,69.57,69.57
U003245,1,993.13,993.13
U003278,1,659.67,659.67
U003267,1,715.27,715.27
U003295,1,686.89,686.89
U003293,1,465.11,465.11
U003285,1,63.31,63.31
U003281,1,40.36,40.36
U008445,1,903.31,903.31
U008438,1,1648.14,1648.14
U008433,1,1191.98,1191.98
U003318,1,439.51,439.51
U003310,1,67.52,67.52
U003301,1,739.24,739.24
U003297,1,64.76,64.76
U003337,1,64.11,64.11
U003226,1,807.9,807.9
U003224,1,104.68,104.68
U003222,1,267.66,267.66
U003218,1,157.71,157.71
U003241,1,1707.59,1707.59
U003238,1,28.77,28.77
U003233,1,1448.85,1448.85
U003231,1,548.83,548.83
U008457,1,228.98,228.98
U008450,1,543.7,543.7
U008447,1,199.56,199.56
U003259,1,693.46,693.46
U003258,1,331.52,331.52
U003257,1,126.37,126.37
U003252,1,3090.16,3090.16
U003250,1,15.88,15.88
U003158,1,158.3,158.3
U003191,1,370.36,370.36
U003186,1,435.57,435.57
U003180,1,1871.26,1871.26
U003176,1,77.34,77.34
U008483,1,450.44,450.44
U008479,1,244.67,244.67
U008474,1,177.35,177.35
U008473,1,696.75,696.75
U008468,1,1323.58,1323.58
U003208,1,185.17,185.17
U003206,1,3753.9,3753.9
U003205,1,631.41,631.41
U003202,1,37.95,37.95
U003201,1,510.62,510.62
U003200,1,250.34,250.34
U003128,1,50.15,50.15
U003123,1,88.17,88.17
U003121,1,252.15,252.15
U003157,1,97.24,97.24
U003150,1,30.81,30.81
U003146,1,1504.31,1504.31
U003143,1,189.9,189.9
U003139,1,505.68,505.68
U008490,1,3584.82,3584.82
U008487,1,573.26,573.26
U008485,1,487.22,487.22
U003169,1,984.2,984.2
U003168,1,24.98,24.98
U003167,1,1439.84,1439.84
U003163,1,141.36,141.36
U003160,1,18.65,18.65
U003062,1,118.08,118.08
U003090,1,2960.66,2960.66
U003085,1,739.65,739.65
U003084,1,84.37,84.37
U003115,1,231.74,231.74
U003110,1,53.75,53.75
U003107,1,135.85,135.85
U003104,1,424.2,424.2
U003102,1,131.55,131.55
U003099,1,456.76,456.76
U008517,1,461.08,461.08
U008515,1,117.1,117.1
U008510,1,217.37,217.37
U008508,1,238.36,238.36
U008505,1,797.86,797.86
U003134,1,476.16,476.16
U003027,1,1331.47,1331.47
U003023,1,465.75,465.75
U003021,1,1151.47,1151.47
U003059,1,296.17,296.17
U003050,1,45.1,45.1
U003046,1,17.75,17.75
U003045,1,69.43,69.43
U003043,1,236.34,236.34
U003041,1,21.46,21.46
U008537,1,860.5,860.5
U008526,1,80.33,80.33
U008521,1,108.39,108.39
U003077,1,2838.11,2838.11
U003071,1,137.93,137.93
U003065,1,291.26,291.26
U003063,1,927.75,927.75
U002992,1,175.12,175.12
U002991,1,370.69,370.69
U002990,1,758.21,758.21
U002988,1,907.52,907.52
U002985,1,318.23,318.23
U008555,1,66.22,66.22
U008554,1,82.88,82.88
U008551,1,292.09,292.09
U008545,1,914.34,914.34
U008542,1,57.65,57.65
U003011,1,3116.49,3116.49
U003010,1,50.42,50.42
U003002,1,453.07,453.07
U003038,1,346.46,346.46
U003037,1,788.58,788.58
U003031,1,1510.92,1510.92
U002936,1,40.54,40.54
U002927,1,1158.88,1158.88
U002926,1,801.76,801.76
U002952,1,565.47,565.47
U002946,1,281.03,281.03
U002945,1,287.16,287.16
U002944,1,311.05,311.05
U008560,1,1473.46,1473.46
U008558,1,8.05,8.05
U008557,1,535.19,535.19
U008556,1,197.62,197.62
U002979,1,1887.1,1887.1
U002978,1,112.33,112.33
U002976,1,134.57,134.57
U002968,1,59.91,59.91
U002963,1,243.35,243.35
U002907,1,590.96,590.96
U002900,1,301.84,301.84
U002897,1,30.1,30.1
U002889,1,1090.07,1090.07
U002920,1,1062.28,1062.28
U002916,1,294.78,294.78
U002914,1,226.36,226.36
U008591,1,119.52,119.52
U008590,1,335.33,335.33
U008589,1,1364.43,1364.43
U008587,1,341.05,341.05
U008585,1,1555.28,1555.28
U008583,1,263.8,263.8
U002940,1,612.66,612.66
U002939,1,61.52,61.52
U002938,1,607.55,607.55
U002807,1,447.76,447.76
U002800,1,1216.95,1216.95
U002799,1,507.36,507.36
U002832,1,346.41,346.41
U002831,1,83.6,83.6
U002829,1,99.78,99.78
U002821,1,47.96,47.96
U008597,1,462.3,462.3
U002844,1,1280.15,1280.15
U002840,1,555.49,555.49
U002835,1,134.5,134.5
U002857,1,96.63,96.63
U002854,1,169.58,169.58
U002876,1,211.39,211.39
U002872,1,55.11,55.11
U002869,1,329.39,329.39
U002765,1,1610.83,1610.83
U002764,1,115.81,115.81
U002762,1,885.92,885.92
U002794,1,21.91,21.91
U002793,1,211.4,211.4
U002792,1,23.28,23.28
U002790,1,958.29,958.29
U002786,1,1722.89,1722.89
U002785,1,33.76,33.76
U002781,1,1312.97,1312.97
U002778,1,12.81,12.81
U008626,1,386.09,386.09
U008615,1,636.34,636.34
U002812,1,103.56,103.56
U002811,1,1105.14,1105.14
U002810,1,1609.31,1609.31
U002759,1,121.54,121.54
U002755,1,95.02,95.02
U002752,1,332.94,332.94
U002749,1,118.35,118.35
U002746,1,245.96,245.96
U002745,1,355.04,355.04
U002744,1,148.82,148.82
U008649,1,38.54,38.54
U008648,1,79.36,79.36
U008647,1,1394.51,1394.51
U008641,1,952.63,952.63
U008639,1,29.52,29.52
U008636,1,840.42,840.42
U002777,1,5.55,5.55
U002772,1,508.49,508.49
U002766,1,112.6,112.6
U002694,1,166.02,166.02
U002717,1,493.87,493.87
U002713,1,254.83,254.83
U002712,1,191.07,191.07
U002737,1,23.28,23.28
U002736,1,845.79,845.79
U002735,1,491.31,491.31
U002733,1,1225.23,1225.23
U002729,1,63.38,63.38
U002728,1,455.4,455.4
U002727,1,905.25,905.25
U008668,1,21.52,21.52
U008667,1,427.49,427.49
U008665,1,614.34,614.34
U008664,1,2557.84,2557.84
U008663,1,480.05,480.05
U002670,1,121.13,121.13
U002667,1,548.43,548.43
U002664,1,940.37,940.37
U002690,1,65.56,65.56
U002689,1,526.72,526.72
U002683,1,498.28,498.28
U002680,1,137.83,137.83
U002677,1,16.71,16.71
U002676,1,33.02,33.02
U008683,1,361.37,361.37
U008682,1,1217.06,1217.06
U008681,1,650.56,650.56
U008679,1,262.38,262.38
U002700,1,5334.36,5334.36
U002698,1,208.75,208.75
U002697,1,31.17,31.17
U002642,1,191.91,191.91
U002640,1,228.65,228.65
U002637,1,396.25,396.25
U002629,1,2130.49,2130.49
U002626,1,18.51,18.51
U008701,1,154.58,154.58
U008696,1,327.86,327.86
U008695,1,196.56,196.56
U008687,1,168.74,168.74
U002658,1,142.42,142.42
U002656,1,250.07,250.07
U002654,1,118.91,118.91
U002653,1,1130.08,1130.08
U002652,1,75.86,75.86
U002647,1,527.55,527.55
U002674,1,1133.06,1133.06
U002596,1,1173.98,1173.98
U002595,1,961.95,961.95
U002594,1,808.3,808.3
U002591,1,832.49,832.49
U002590,1,491.85,491.85
U002588,1,817.35,817.35
U008723,1,2370.71,2370.71
U008719,1,69.23,69.23
U008708,1,529.79,529.79
U002623,1,22.62,22.62
U002622,1,295.71,295.71
U002621,1,80.56,80.56
U002617,1,48.64,48.64
U002611,1,991.52,991.52
U002610,1,546.48,546.48
U002608,1,654.76,654.76
U002567,1,210.62,210.62
U002566,1,280.76,280.76
U002555,1,2128.79,2128.79
U002552,1,376.14,376.14
U002551,1,18.37,18.37
U008735,1,44.59,44.59
U008734,1,189.79,189.79
U008726,1,269.19,269.19
U002585,1,122.03,122.03
U002582,1,115.51,115.51
U002581,1,423.57,423.57
U002580,1,1200.52,1200.52
U002576,1,411.03,411.03
U002573,1,442.77,442.77
U002572,1,954.24,954.24
U002568,1,307.54,307.54
U002504,1,165.21,165.21
U002493,1,182.85,182.85
U002492,1,697.59,697.59
U002524,1,258.59,258.59
U002521,1,129.99,129.99
U002519,1,2226.06,2226.06
U002517,1,619.33,619.33
U002513,1,240.64,240.64
U002510,1,183.58,183.58
U002509,1,149.44,149.44
U008748,1,807.23,807.23
U002541,1,63.71,63.71
U002539,1,21.06,21.06
U002538,1,189.71,189.71
U002536,1,214.76,214.76
U002532,1,900.47,900.47
U002443,1,264.04,264.04
U002470,1,522.18,522.18
U002468,1,97.46,97.46
U002462,1,919.54,919.54
U002459,1,368.75,368.75
U002458,1,492.82,492.82
U008772,1,354.31,354.31
U008762,1,222.84,222.84
U008761,1,722.89,722.89
U002488,1,559.13,559.13
U002486,1,390.1,390.1
U002483,1,180.9,180.9
U002482,1,316.15,316.15
U002480,1,117.21,117.21
U002472,1,238.66,238.66
U002506,1,728.97,728.97
U002403,1,21.38,21.38
U002402,1,835.5,835.5
U002434,1,310.09,310.09
U002433,1,855.63,855.63
U002427,1,1045.7,1045.7
U002424,1,4555.1,4555.1
U008790,1,97.63,97.63
U008787,1,493.86,493.86
U008782,1,570.57,570.57
U008779,1,156.38,156.38
U008778,1,197.61,197.61
U008776,1,6.52,6.52
U002452,1,201.62,201.62
U002451,1,437.22,437.22
U002449,1,33.17,33.17
U002447,1,121.59,121.59
U002395,1,42.35,42.35
U002394,1,432.92,432.92
U002390,1,1781.38,1781.38
U002389,1,1623.86,1623.86
U002388,1,5.11,5.11
U008808,1,168.03,168.03
U008804,1,283.47,283.47
U008799,1,651.7,651.7
U008796,1,100.63,100.63
U008792,1,71.72,71.72
U002418,1,71.65,71.65
U002413,1,437.81,437.81
U002409,1,220.47,220.47
U002408,1,484.18,484.18
U002407,1,23.33,23.33
U002406,1,140.16,140.16
U008837,1,363.51,363.51
U008834,1,29.76,29.76
U008831,1,27.4,27.4
U008830,1,3522.0,3522.0
U002379,1,754.84,754.84
U002378,1,122.1,122.1
U002373,1,61.82,61.82
U002370,1,392.25,392.25
U002366,1,516.98,516.98
U002365,1,2980.46,2980.46
U002364,1,24.1,24.1
U008822,1,180.25,180.25
U008820,1,176.98,176.98
U008818,1,602.52,602.52
U008814,1,1251.09,1251.09
U002397,1,20.7,20.7
U002335,1,1429.08,1429.08
U002332,1,197.07,197.07
U002363,1,2619.06,2619.06
U002358,1,4359.57,4359.57
U002357,1,1584.36,1584.36
U002355,1,1418.14,1418.14
U002354,1,78.38,78.38
U002353,1,21.73,21.73
U002351,1,1346.05,1346.05
U002350,1,89.07,89.07
U002348,1,26.54,26.54
U008846,1,197.87,197.87
U008842,1,651.37,651.37
U008841,1,446.39,446.39
U008840,1,2139.13,2139.13
U008838,1,1608.26,1608.26
U002296,1,177.51,177.51
U002328,1,458.59,458.59
U002327,1,669.69,669.69
U002326,1,961.44,961.44
U002325,1,212.46,212.46
U002319,1,2038.87,2038.87
U002317,1,6.79,6.79
U002316,1,2789.19,2789.19
U002313,1,872.48,872.48
U002312,1,41.55,41.55
U008867,1,484.18,484.18
U008865,1,1283.45,1283.45
U008864,1,474.82,474.82
U008861,1,134.24,134.24
U002343,1,486.87,486.87
U002337,1,64.46,64.46
U002266,1,151.81,151.81
U002263,1,367.8,367.8
U002262,1,1211.68,1211.68
U002292,1,150.4,150.4
U002285,1,2284.29,2284.29
U002281,1,177.92,177.92
U002280,1,1267.31,1267.31
U002277,1,1511.3,1511.3
U002275,1,53.16,53.16
U008881,1,299.8,299.8
U008875,1,175.44,175.44
U002310,1,598.42,598.42
U002307,1,296.42,296.42
U002305,1,205.36,205.36
U002303,1,346.58,346.58
U002297,1,102.79,102.79
U002228,1,180.71,180.71
U002226,1,127.41,127.41
U002224,1,1272.5,1272.5
U002250,1,286.85,286.85
U002246,1,240.84,240.84
U002245,1,40.54,40.54
U002243,1,880.38,880.38
U002242,1,169.85,169.85
U002241,1,957.21,957.21
U008904,1,1023.75,1023.75
U008900,1,299.58,299.58
U008897,1,563.69,563.69
U008896,1,276.56,276.56
U002273,1,1474.87,1474.87
U002272,1,40.24,40.24
U002269,1,311.12,311.12
U002195,1,2828.55,2828.55
U002192,1,824.25,824.25
U002219,1,244.91,244.91
U002217,1,8.99,8.99
U002214,1,74.37,74.37
U002213,1,507.58,507.58
U002212,1,758.63,758.63
U002208,1,508.65,508.65
U008922,1,472.09,472.09
U008921,1,152.86,152.86
U008914,1,1735.88,1735.88
U008909,1,208.9,208.9
U008908,1,102.66,102.66
U002236,1,1708.25,1708.25
U002234,1,2.83,2.83
U002233,1,3553.06,3553.06
U002163,1,203.4,203.4
U002162,1,2.92,2.92
U002160,1,187.75,187.75
U002155,1,193.89,193.89
U002154,1,57.18,57.18
U008942,1,410.91,410.91
U008934,1,984.08,984.08
U008932,1,172.42,172.42
U008929,1,700.04,700.04
U002186,1,1574.43,1574.43
U002182,1,368.98,368.98
U002176,1,108.18,108.18
U002174,1,837.04,837.04
U002173,1,178.96,178.96
U002170,1,54.17,54.17
U002201,1,223.58,223.58
U002132,1,2409.8,2409.8
U002131,1,313.17,313.17
U002127,1,60.37,60.37
U002126,1,527.09,527.09
U002121,1,516.91,516.91
U008962,1,48.72,48.72
U008961,1,93.24,93.24
U008955,1,42.45,42.45
U008947,1,114.03,114.03
U002148,1,805.22,805.22
U002146,1,153.71,153.71
U002145,1,84.37,84.37
U002140,1,174.24,174.24
U002137,1,167.4,167.4
U002135,1,69.29,69.29
U002167,1,521.8,521.8
U002057,1,68.6,68.6
U002094,1,1094.9,1094.9
U002091,1,957.95,957.95
U002084,1,298.53,298.53
U002078,1,86.67,86.67
U008974,1,835.25,835.25
U008972,1,520.39,520.39
U008970,1,4734.87,4734.87
U008963,1,200.32,200.32
U002109,1,12.66,12.66
U002106,1,215.71,215.71
U002103,1,41.44,41.44
U002100,1,1472.24,1472.24
U002098,1,682.02,682.02
U002096,1,176.95,176.95
U002134,1,1269.84,1269.84
U002051,1,580.69,580.69
U002045,1,402.94,402.94
U002043,1,126.49,126.49
U002042,1,68.12,68.12
U002041,1,196.49,196.49
U008996,1,160.97,160.97
U008995,1,3169.33,3169.33
U008991,1,335.58,335.58
U008989,1,380.93,380.93
U008983,1,1855.06,1855.06
U008982,1,67.28,67.28
U002074,1,161.15,161.15
U002071,1,815.77,815.77
U002064,1,894.8,894.8
U002061,1,517.16,517.16
U002059,1,5.98,5.98
U001985,1,448.72,448.72
U002017,1,60.68,60.68
U002014,1,94.95,94.95
U002010,1,1385.18,1385.18
U002006,1,219.24,219.24
U002005,1,344.44,344.44
U002001,1,1271.03,1271.03
U009012,1,810.55,810.55
U009011,1,9.27,9.27
U009009,1,21.71,21.71
U009008,1,202.11,202.11
U009002,1,399.8,399.8
U002033,1,20.93,20.93
U002030,1,137.65,137.65
U002019,1,60.11,60.11
U002054,1,143.52,143.52
U009033,1,1364.8,1364.8
U001979,1,1113.21,1113.21
U001976,1,654.76,654.76
U001975,1,8.47,8.47
U001965,1,942.91,942.91
U001963,1,4748.95,4748.95
U009031,1,531.53,531.53
U009025,1,58.35,58.35
U009024,1,22.11,22.11
U009023,1,81.32,81.32
U009021,1,434.12,434.12
U009017,1,724.16,724.16
U001995,1,173.68,173.68
U001993,1,204.83,204.83
U001992,1,2036.33,2036.33
U001989,1,1429.89,1429.89
U001937,1,170.65,170.65
U001934,1,45.18,45.18
U001933,1,295.15,295.15
U001926,1,2011.89,2011.89
U001961,1,431.12,431.12
U001958,1,527.6,527.6
U001954,1,56.57,56.57
U001949,1,16.1,16.1
U001946,1,22.47,22.47
U001944,1,104.12,104.12
U009051,1,33.02,33.02
U009040,1,89.56,89.56
U009038,1,92.24,92.24
U009037,1,620.12,620.12
U009036,1,780.81,780.81
U009035,1,190.22,190.22
U001921,1,171.17,171.17
U001920,1,902.45,902.45
U001915,1,468.21,468.21
U001913,1,22.38,22.38
U001911,1,1034.76,1034.76
U001909,1,114.32,114.32
U009067,1,182.38,182.38
U009065,1,42.47,42.47
U009064,1,115.92,115.92
U009062,1,1603.64,1603.64
U009058,1,1090.31,1090.31
U009057,1,19.09,19.09
U009056,1,371.83,371.83
U001943,1,24.2,24.2
U001942,1,755.62,755.62
U001941,1,968.67,968.67
U001873,1,11.1,11.1
U001870,1,300.82,300.82
U001908,1,896.9,896.9
U001906,1,48.09,48.09
U001905,1,2343.21,2343.21
U001898,1,1073.61,1073.61
U001896,1,12.46,12.46
U001895,1,137.9,137.9
U009087,1,79.55,79.55
U009085,1,37.59,37.59
U009083,1,27.0,27.0
U009081,1,278.82,278.82
U009078,1,7.92,7.92
U009077,1,367.54,367.54
U009076,1,7013.55,7013.55
U009075,1,190.22,190.22
U001867,1,126.29,126.29
U001864,1,204.76,204.76
U001863,1,861.69,861.69
U001862,1,50.14,50.14
U001860,1,825.34,825.34
U001857,1,819.76,819.76
U009104,1,883.85,883.85
U009101,1,422.22,422.22
U009099,1,1905.02,1905.02
U009093,1,92.94,92.94
U009092,1,24.22,24.22
U009091,1,244.71,244.71
U009090,1,1172.24,1172.24
U001883,1,43.42,43.42
U001878,1,56.21,56.21
U001874,1,719.51,719.51
U001825,1,81.28,81.28
U001823,1,790.95,790.95
U001821,1,22.47,22.47
U001817,1,1378.17,1378.17
U001848,1,159.87,159.87
U001847,1,312.76,312.76
U001846,1,45.56,45.56
U001845,1,139.02,139.02
U001841,1,33.99,33.99
U001839,1,14.33,14.33
U009125,1,763.08,763.08
U009123,1,372.81,372.81
U009122,1,538.87,538.87
U009121,1,8.47,8.47
U009120,1,449.78,449.78
U009110,1,65.6,65.6
U001797,1,413.36,413.36
U001796,1,499.03,499.03
U001791,1,346.05,346.05
U001787,1,46.77,46.77
U001783,1,760.34,760.34
U009145,1,1486.73,1486.73
U009144,1,351.45,351.45
U009129,1,460.9,460.9
U001816,1,455.87,455.87
U001812,1,74.61,74.61
U001811,1,1413.34,1413.34
U001809,1,87.46,87.46
U001805,1,420.78,420.78
U001834,1,38.11,38.11
U001831,1,671.24,671.24
U001830,1,122.79,122.79
U001724,1,68.67,68.67
U001756,1,853.82,853.82
U001755,1,515.42,515.42
U001748,1,474.22,474.22
U001747,1,479.14,479.14
U001745,1,21.1,21.1
U009164,1,197.97,197.97
U009161,1,1943.29,1943.29
U009160,1,36.9,36.9
U009155,1,254.26,254.26
U009152,1,61.21,61.21
U001772,1,366.84,366.84
U001766,1,489.1,489.1
U001765,1,63.14,63.14
U001761,1,1250.89,1250.89
U001798,1,316.0,316.0
U001696,1,501.37,501.37
U001693,1,679.87,679.87
U001715,1,122.71,122.71
U001708,1,2121.05,2121.05
U001706,1,181.88,181.88
U001704,1,206.43,206.43
U009181,1,128.22,128.22
U009178,1,9.74,9.74
U009175,1,56.08,56.08
U009166,1,234.48,234.48
U001742,1,47.73,47.73
U001739,1,2963.85,2963.85
U001730,1,718.96,718.96
U001728,1,341.45,341.45
U001727,1,267.2,267.2
U001726,1,182.33,182.33
U001651,1,1788.65,1788.65
U001650,1,3404.65,3404.65
U001647,1,188.49,188.49
U001685,1,62.47,62.47
U001684,1,252.47,252.47
U001675,1,148.86,148.86
U001674,1,1472.48,1472.48
U001669,1,244.7,244.7
U009199,1,347.0,347.0
U009198,1,291.64,291.64
U009196,1,390.34,390.34
U009194,1,35.82,35.82
U009185,1,750.8,750.8
U001701,1,171.28,171.28
U001699,1,609.14,609.14
U001698,1,376.31,376.31
U001641,1,871.03,871.03
U001639,1,229.25,229.25
U001637,1,2289.11,2289.11
U001636,1,1736.4,1736.4
U001630,1,14.44,14.44
U001627,1,241.88,241.88
U009215,1,82.98,82.98
U009214,1,100.99,100.99
U009213,1,29.94,29.94
U009211,1,624.52,624.52
U009208,1,56.04,56.04
U001659,1,646.95,646.95
U001657,1,164.93,164.93
U001655,1,822.63,822.63
U001653,1,347.29,347.29
U001652,1,39.15,39.15
U001597,1,2545.55,2545.55
U001591,1,1025.31,1025.31
U001625,1,658.61,658.61
U001624,1,164.18,164.18
U001622,1,2464.0,2464.0
U001619,1,198.15,198.15
U001617,1,16.65,16.65
U001615,1,83.34,83.34
U001612,1,389.54,389.54
U009239,1,383.43,383.43
U009230,1,1763.77,1763.77
U009227,1,103.54,103.54
U009225,1,246.7,246.7
U009224,1,100.76,100.76
U009222,1,22.55,22.55
U001643,1,168.32,168.32
U001569,1,215.1,215.1
U001564,1,80.66,80.66
U001558,1,242.73,242.73
U001556,1,1402.65,1402.65
U001585,1,1444.97,1444.97
U001584,1,513.58,513.58
U001583,1,697.8,697.8
U001580,1,38.54,38.54
U001579,1,331.98,331.98
U001575,1,647.96,647.96
U009251,1,1297.98,1297.98
U009250,1,400.96,400.96
U009241,1,850.18,850.18
U001602,1,716.39,716.39
U001601,1,79.6,79.6
U001600,1,298.25,298.25
U001494,1,154.67,154.67
U001531,1,511.88,511.88
U001527,1,295.05,295.05
U001526,1,60.85,60.85
U001524,1,519.44,519.44
U001519,1,157.95,157.95
U009278,1,97.44,97.44
U009277,1,758.1,758.1
U009274,1,881.79,881.79
U009268,1,1804.96,1804.96
U009260,1,580.0,580.0
U001554,1,354.88,354.88
U001546,1,831.01,831.01
U001545,1,55.21,55.21
U001535,1,647.53,647.53
U001570,1,244.44,244.44
U009303,1,266.56,266.56
U009302,1,252.94,252.94
U009300,1,729.78,729.78
U001488,1,486.86,486.86
U001485,1,238.3,238.3
U001482,1,119.1,119.1
U001475,1,8.24,8.24
U001474,1,2215.32,2215.32
U009295,1,1253.29,1253.29
U009288,1,533.79,533.79
U009281,1,195.79,195.79
U001510,1,977.82,977.82
U001507,1,393.42,393.42
U001504,1,176.65,176.65
U001503,1,265.37,265.37
U001497,1,994.96,994.96
U001431,1,1072.77,1072.77
U001473,1,61.39,61.39
U001468,1,460.66,460.66
U001466,1,197.28,197.28
U001464,1,596.56,596.56
U001462,1,89.08,89.08
U001460,1,85.2,85.2
U001459,1,652.2,652.2
U001457,1,799.49,799.49
U001456,1,1692.75,1692.75
U001455,1,77.84,77.84
U009317,1,203.14,203.14
U009312,1,103.51,103.51
U009311,1,20.84,20.84
U009308,1,2488.16,2488.16
U009304,1,1832.76,1832.76
U001397,1,447.6,447.6
U001394,1,620.82,620.82
U001430,1,132.51,132.51
U001428,1,727.69,727.69
U001426,1,122.27,122.27
U001423,1,405.41,405.41
U001421,1,68.6,68.6
U001413,1,5.74,5.74
U009328,1,1217.83,1217.83
U009327,1,68.72,68.72
U009325,1,1293.59,1293.59
U009319,1,448.32,448.32
U001445,1,83.52,83.52
U001443,1,334.25,334.25
U001439,1,186.05,186.05
U001433,1,461.08,461.08
U001387,1,85.61,85.61
U001386,1,105.06,105.06
U001382,1,708.22,708.22
U001380,1,10.83,10.83
U001377,1,1907.59,1907.59
U009351,1,374.75,374.75
U009348,1,220.9,220.9
U009344,1,2308.62,2308.62
U009341,1,1120.76,1120.76
U009339,1,221.13,221.13
U001412,1,1266.26,1266.26
U001410,1,303.15,303.15
U001407,1,177.64,177.64
U001405,1,63.48,63.48
U001403,1,1175.49,1175.49
U001399,1,1437.35,1437.35
U001349,1,238.35,238.35
U001348,1,515.86,515.86
U001347,1,757.5,757.5
U001374,1,2610.31,2610.31
U001371,1,131.2,131.2
U001365,1,301.11,301.11
U001363,1,311.96,311.96
U001362,1,1565.59,1565.59
U001358,1,546.48,546.48
U009374,1,286.99,286.99
U009373,1,110.8,110.8
U009370,1,1213.07,1213.07
U009366,1,135.56,135.56
U009365,1,608.02,608.02
U009362,1,1124.67,1124.67
U009358,1,730.3,730.3
U001315,1,633.59,633.59
U001313,1,153.82,153.82
U001312,1,58.73,58.73
U001308,1,425.58,425.58
U001339,1,287.88,287.88
U001333,1,438.68,438.68
U001328,1,225.61,225.61
U001327,1,334.34,334.34
U001326,1,221.26,221.26
U009394,1,119.07,119.07
U009392,1,384.69,384.69
U009390,1,22.55,22.55
U009388,1,64.11,64.11
U009384,1,1097.33,1097.33
U009382,1,59.9,59.9
U001352,1,348.64,348.64
U001266,1,40.84,40.84
U001263,1,40.8,40.8
U001261,1,156.02,156.02
U001258,1,1001.67,1001.67
U001253,1,791.6,791.6
U009413,1,1588.3,1588.3
U009395,1,4918.02,4918.02
U001280,1,1839.84,1839.84
U001276,1,19.08,19.08
U001273,1,1497.3,1497.3
U001272,1,668.21,668.21
U001269,1,78.11,78.11
U001267,1,134.65,134.65
U001291,1,295.84,295.84
U001289,1,1407.61,1407.61
U001316,1,492.48,492.48
U009436,1,743.13,743.13
U001246,1,295.31,295.31
U001243,1,1412.67,1412.67
U001242,1,325.91,325.91
U001240,1,74.93,74.93
U001239,1,336.84,336.84
U001236,1,313.99,313.99
U001234,1,83.52,83.52
U001230,1,490.82,490.82
U001228,1,326.9,326.9
U009433,1,134.99,134.99
U009430,1,1800.63,1800.63
U009428,1,567.75,567.75
U009426,1,162.11,162.11
U009423,1,223.82,223.82
U009421,1,259.9,259.9
U001197,1,1463.26,1463.26
U001194,1,1804.51,1804.51
U001227,1,1047.18,1047.18
U001226,1,148.45,148.45
U001220,1,661.52,661.52
U001219,1,3227.9,3227.9
U001215,1,399.06,399.06
U001213,1,188.82,188.82
U001210,1,219.95,219.95
U009454,1,140.56,140.56
U009452,1,960.84,960.84
U009445,1,94.58,94.58
U009444,1,659.19,659.19
U009443,1,610.48,610.48
U009441,1,2045.41,2045.41
U009438,1,1093.18,1093.18
U001158,1,233.91,233.91
U001192,1,1212.47,1212.47
U001188,1,1694.78,1694.78
U001185,1,218.84,218.84
U001184,1,23.32,23.32
U001183,1,1436.46,1436.46
U001175,1,907.64,907.64
U009473,1,769.71,769.71
U009471,1,624.08,624.08
U009468,1,148.16,148.16
U009467,1,53.41,53.41
U009463,1,982.95,982.95
U009460,1,985.35,985.35
U009457,1,600.89,600.89
U009456,1,1277.73,1277.73
U001199,1,974.51,974.51
U001124,1,769.71,769.71
U001118,1,1742.92,1742.92
U001149,1,195.36,195.36
U001148,1,202.84,202.84
U001146,1,465.01,465.01
U001141,1,415.34,415.34
U001140,1,152.24,152.24
U009488,1,463.3,463.3
U009481,1,22.44,22.44
U001174,1,26.74,26.74
U001172,1,72.73,72.73
U001171,1,1090.84,1090.84
U001168,1,3618.88,3618.88
U001167,1,808.25,808.25
U001166,1,105.48,105.48
U001162,1,521.7,521.7
U001076,1,281.73,281.73
U001070,1,142.58,142.58
U001096,1,147.44,147.44
U001095,1,21.74,21.74
U001090,1,510.01,510.01
U001088,1,2142.16,2142.16
U001084,1,90.64,90.64
U009509,1,140.04,140.04
U009508,1,9.8,9.8
U009503,1,252.06,252.06
U009501,1,1398.44,1398.44
U001115,1,274.97,274.97
U001114,1,84.79,84.79
U001106,1,202.61,202.61
U001105,1,62.4,62.4
U001100,1,199.89,199.89
U001022,1,324.65,324.65
U001020,1,3039.41,3039.41
U001019,1,234.11,234.11
U001015,1,138.24,138.24
U001039,1,905.69,905.69
U001038,1,21.18,21.18
U001033,1,953.19,953.19
U009522,1,140.62,140.62
U009520,1,99.61,99.61
U009519,1,488.59,488.59
U009518,1,349.01,349.01
U001065,1,545.45,545.45
U001051,1,99.88,99.88
U001049,1,612.23,612.23
U001082,1,3144.71,3144.71
U001079,1,222.67,222.67
U001009,1,254.74,254.74
U001007,1,359.28,359.28
U001005,1,37.23,37.23
U001004,1,1965.44,1965.44
U001001,1,358.99,358.99
U001000,1,1610.3,1610.3
U000997,1,494.94,494.94
U000995,1,134.99,134.99
U009538,1,4.47,4.47
U009537,1,77.64,77.64
U009535,1,888.47,888.47
U009534,1,20.77,20.77
U009532,1,120.46,120.46
U009530,1,132.06,132.06
U001030,1,251.36,251.36
U001025,1,3660.22,3660.22
U000941,1,2520.03,2520.03
U000976,1,71.15,71.15
U000972,1,89.98,89.98
U000969,1,1539.42,1539.42
U000963,1,4.68,4.68
U009561,1,29.9,29.9
U009551,1,91.89,91.89
U009548,1,12.47,12.47
U009547,1,526.97,526.97
U009546,1,953.03,953.03
U000990,1,165.61,165.61
U000988,1,1032.53,1032.53
U000986,1,2035.42,2035.42
U000984,1,92.24,92.24
U000980,1,419.12,419.12
U000979,1,229.47,229.47
U000938,1,361.8,361.8
U000937,1,628.86,628.86
U000935,1,22.55,22.55
U000934,1,1278.82,1278.82
U000933,1,165.59,165.59
U000930,1,1680.95,1680.95
U009575,1,1773.54,1773.54
U009572,1,435.56,435.56
U009569,1,1815.06,1815.06
U009565,1,295.78,295.78
U000958,1,84.66,84.66
U000954,1,71.52,71.52
U000950,1,41.51,41.51
U000948,1,145.92,145.92
U000946,1,968.31,968.31
U000944,1,1463.86,1463.86
U000894,1,110.88,110.88
U000889,1,21.1,21.1
U000887,1,9.0,9.0
U000883,1,126.4,126.4
U000920,1,1583.67,1583.67
U000917,1,48.09,48.09
U000916,1,418.78,418.78
U000904,1,726.43,726.43
U009594,1,34.28,34.28
U009588,1,902.48,902.48
U009586,1,234.18,234.18
U009585,1,505.22,505.22
U009581,1,73.71,73.71
U009580,1,146.81,146.81
U009579,1,1315.5,1315.5
U000939,1,111.79,111.79
U000831,1,734.45,734.45
U000828,1,131.46,131.46
U000850,1,235.87,235.87
U000849,1,625.02,625.02
U000847,1,388.4,388.4
U009607,1,83.13,83.13
U009604,1,232.03,232.03
U009603,1,1056.79,1056.79
U009601,1,577.72,577.72
U009599,1,232.39,232.39
U009595,1,625.02,625.02
U000880,1,1662.21,1662.21
U000866,1,939.05,939.05
U000862,1,2368.55,2368.55
U000901,1,517.26,517.26
U000895,1,247.43,247.43
U000806,1,503.48,503.48
U000805,1,157.67,157.67
U000799,1,473.62,473.62
U000791,1,265.16,265.16
U000822,1,837.26,837.26
U000813,1,1366.44,1366.44
U000809,1,273.5,273.5
U000807,1,375.69,375.69
U009635,1,637.27,637.27
U009631,1,1375.55,1375.55
U009628,1,1006.47,1006.47
U009625,1,147.47,147.47
U009623,1,527.87,527.87
U000839,1,1224.53,1224.53
U000838,1,563.23,563.23
U000835,1,543.8,543.8
U000711,1,798.25,798.25
U000744,1,332.69,332.69
U000743,1,1251.31,1251.31
U000740,1,254.58,254.58
U000767,1,20.94,20.94
U000766,1,22.15,22.15
U000765,1,268.79,268.79
U000759,1,1273.88,1273.88
U000757,1,61.14,61.14
U000756,1,577.95,577.95
U000753,1,98.81,98.81
U009647,1,462.62,462.62
U009644,1,1767.66,1767.66
U009636,1,768.8,768.8
U000786,1,48.22,48.22
U000769,1,21.2,21.2
U000663,1,59.15,59.15
U000661,1,1186.09,1186.09
U000657,1,130.95,130.95
U000655,1,454.19,454.19
U000689,1,38.42,38.42
U000681,1,752.88,752.88
U000674,1,345.2,345.2
U000672,1,36.95,36.95
U009663,1,118.17,118.17
U009659,1,323.73,323.73
U009654,1,159.34,159.34
U000699,1,293.34,293.34
U000696,1,96.75,96.75
U000690,1,182.42,182.42
U000724,1,27.24,27.24
U000719,1,788.84,788.84
U000652,1,394.14,394.14
U000651,1,27.81,27.81
U000648,1,1197.44,1197.44
U000647,1,646.37,646.37
U000644,1,61.59,61.59
U000641,1,58.5,58.5
U000639,1,197.0,197.0
U000637,1,474.14,474.14
U009684,1,455.43,455.43
U009683,1,404.6,404.6
U009677,1,21.3,21.3
U009675,1,570.53,570.53
U009672,1,1304.09,1304.09
U000670,1,775.52,775.52
U000667,1,1057.09,1057.09
U000664,1,746.45,746.45
U000578,1,1894.08,1894.08
U000577,1,300.24,300.24
U000615,1,348.1,348.1
U000613,1,37.59,37.59
U000609,1,97.72,97.72
U000604,1,69.1,69.1
U000602,1,20.41,20.41
U000600,1,3941.36,3941.36
U009707,1,1393.78,1393.78
U009699,1,411.46,411.46
U009696,1,1358.77,1358.77
U009694,1,306.95,306.95
U009693,1,105.48,105.48
U000629,1,186.51,186.51
U000628,1,996.18,996.18
U000625,1,101.9,101.9
U000576,1,339.93,339.93
U000575,1,354.81,354.81
U000574,1,18.79,18.79
U000569,1,1199.62,1199.62
U000566,1,407.14,407.14
U000562,1,168.05,168.05
U000561,1,438.93,438.93
U009721,1,423.18,423.18
U009720,1,456.94,456.94
U009715,1,71.41,71.41
U009710,1,672.06,672.06
U009709,1,158.84,158.84
U000598,1,31.74,31.74
U000596,1,236.77,236.77
U000585,1,1283.78,1283.78
U000581,1,449.08,449.08
U000521,1,2235.22,2235.22
U000559,1,493.96,493.96
U000557,1,94.59,94.59
U000555,1,52.53,52.53
U000550,1,89.47,89.47
U000549,1,490.18,490.18
U000547,1,1092.14,1092.14
U000541,1,915.67,915.67
U000540,1,205.33,205.33
U009739,1,2247.18,2247.18
U009738,1,318.51,318.51
U009735,1,649.19,649.19
U009730,1,103.47,103.47
U009728,1,841.74,841.74
U009726,1,23.86,23.86
U009724,1,183.65,183.65
U000485,1,214.12,214.12
U000520,1,134.71,134.71
U000519,1,2326.46,2326.46
U000506,1,24.66,24.66
U000505,1,1628.6,1628.6
U000504,1,473.37,473.37
U009762,1,250.79,250.79
U009757,1,57.18,57.18
U009755,1,172.42,172.42
U009748,1,198.46,198.46
U009747,1,408.63,408.63
U000538,1,680.86,680.86
U000537,1,110.56,110.56
U000534,1,951.9,951.9
U000530,1,395.47,395.47
U000522,1,143.16,143.16
U000476,1,142.27,142.27
U000475,1,439.64,439.64
U000474,1,233.7,233.7
U000470,1,2654.98,2654.98
U000469,1,389.67,389.67
U000467,1,187.75,187.75
U009779,1,2934.17,2934.17
U009776,1,81.54,81.54
U009775,1,137.49,137.49
U009770,1,104.27,104.27
U009768,1,1603.75,1603.75
U009765,1,351.53,351.53
U000500,1,449.68,449.68
U000498,1,231.62,231.62
U000491,1,39.15,39.15
U000489,1,313.89,313.89
U000444,1,967.83,967.83
U000438,1,233.7,233.7
U000434,1,81.54,81.54
U000465,1,329.76,329.76
U000461,1,61.2,61.2
U000460,1,414.82,414.82
U000454,1,28.6,28.6
U000451,1,93.62,93.62
U000449,1,147.5,147.5
U009797,1,176.19,176.19
U009796,1,8.99,8.99
U009788,1,189.22,189.22
U009784,1,260.17,260.17
U009783,1,112.2,112.2
U000478,1,364.22,364.22
U000477,1,7.76,7.76
U000408,1,143.9,143.9
U000407,1,985.28,985.28
U000405,1,1304.17,1304.17
U000430,1,2262.6,2262.6
U000428,1,193.75,193.75
U000424,1,415.15,415.15
U000423,1,124.78,124.78
U000421,1,216.66,216.66
U000419,1,8.47,8.47
U000418,1,2365.61,2365.61
U009817,1,27.14,27.14
U009815,1,193.52,193.52
U009814,1,106.32,106.32
U009802,1,1202.02,1202.02
U000448,1,332.16,332.16
U000447,1,670.94,670.94
U000355,1,10.7,10.7
U000348,1,2012.94,2012.94
U000346,1,739.74,739.74
U000376,1,1355.37,1355.37
U000393,1,1560.67,1560.67
U000385,1,50.2,50.2
U000383,1,48.09,48.09
U000382,1,521.16,521.16
U000381,1,79.25,79.25
U009831,1,103.5,103.5
U009828,1,1523.53,1523.53
U009824,1,100.13,100.13
U009823,1,59.13,59.13
U009822,1,756.43,756.43
U009821,1,134.69,134.69
U000412,1,508.4,508.4
U000293,1,29.43,29.43
U000324,1,283.07,283.07
U000320,1,256.27,256.27
U000316,1,1101.68,1101.68
U000314,1,74.8,74.8
U000313,1,55.14,55.14
U000311,1,118.8,118.8
U009846,1,353.31,353.31
U009845,1,710.14,710.14
U009839,1,658.32,658.32
U009835,1,97.68,97.68
U000341,1,15.22,15.22
U000340,1,266.43,266.43
U000335,1,161.06,161.06
U000334,1,283.09,283.09
U000361,1,11.08,11.08
U000260,1,315.42,315.42
U000254,1,184.85,184.85
U000251,1,451.74,451.74
U000287,1,249.36,249.36
U000283,1,1487.03,1487.03
U000278,1,168.63,168.63
U000277,1,668.24,668.24
U009860,1,790.24,790.24
U009858,1,498.36,498.36
U009853,1,410.74,410.74
U009852,1,729.28,729.28
U000305,1,658.24,658.24
U000300,1,127.6,127.6
U000297,1,63.71,63.71
U000296,1,39.34,39.34
U000294,1,168.1,168.1
U000191,1,117.09,117.09
U000221,1,193.38,193.38
U000211,1,115.81,115.81
U000248,1,120.22,120.22
U000245,1,3613.4,3613.4
U000244,1,414.5,414.5
U000239,1,441.04,441.04
U000238,1,26.49,26.49
U000225,1,199.04,199.04
U000224,1,1294.54,1294.54
U009879,1,521.82,521.82
U009877,1,184.98,184.98
U009874,1,1093.26,1093.26
U009870,1,157.61,157.61
U000268,1,166.78,166.78
U000265,1,41.44,41.44
U000164,1,179.19,179.19
U000162,1,62.52,62.52
U000156,1,41.57,41.57
U000155,1,4047.79,4047.79
U000187,1,2518.61,2518.61
U000186,1,537.2,537.2
U000179,1,279.52,279.52
U000176,1,172.07,172.07
U000173,1,1352.63,1352.63
U009895,1,1051.36,1051.36
U009888,1,988.72,988.72
U009886,1,113.22,113.22
U000205,1,1092.48,1092.48
U000200,1,71.29,71.29
U000198,1,432.22,432.22
U000195,1,97.57,97.57
U000108,1,15.29,15.29
U000101,1,307.82,307.82
U000099,1,22.25,22.25
U000132,1,222.45,222.45
U000128,1,150.32,150.32
U000124,1,248.41,248.41
U000123,1,766.52,766.52
U009923,1,176.19,176.19
U009921,1,2040.33,2040.33
U009912,1,249.91,249.91
U009906,1,1597.2,1597.2
U000152,1,4.87,4.87
U000144,1,892.92,892.92
U000143,1,218.7,218.7
U000140,1,283.47,283.47
U000167,1,1324.11,1324.11
U000064,1,704.05,704.05
U000063,1,483.6,483.6
U000062,1,189.79,189.79
U000094,1,302.06,302.06
U000091,1,457.74,457.74
U000086,1,30.81,30.81
U000085,1,3003.15,3003.15
U000080,1,276.29,276.29
U009939,1,541.54,541.54
U009937,1,152.8,152.8
U009936,1,1312.75,1312.75
U009933,1,1059.44,1059.44
U009930,1,649.45,649.45
U009928,1,728.09,728.09
U009925,1,575.47,575.47
U000112,1,234.41,234.41
U000017,1,479.8,479.8
U009999,1,376.38,376.38
U000001,1,1392.89,1392.89
U000005,1,12.66,12.66
U009996,1,65.21,65.21
U009975,1,858.27,858.27
U009973,1,88.17,88.17
U009968,1,226.24,226.24
U009962,1,154.67,154.67
U009958,1,263.03,263.03
U000041,1,881.41,881.41
U000040,1,1098.99,1098.99
U000039,1,133.71,133.71
U000030,1,584.32,584.32
U000029,1,247.1,247.1
U000027,1,1125.55,1125.55
U006829,1,565.78,565.78
U006828,1,83.17,83.17
U006824,1,883.58,883.58
U009992,1,100.62,100.62
U009988,1,165.03,165.03
U009986,1,584.18,584.18
U009985,1,92.24,92.24
U009984,1,81.67,81.67
U009983,1,514.17,514.17
U009982,1,392.98,392.98
U009979,1,104.88,104.88
U009978,1,510.67,510.67
U009977,1,2115.97,2115.97
U009976,1,165.68,165.68
U000024,1,148.16,148.16
U000018,1,27.08,27.08
