order_id,total_quantity,order_value
O00000001,5,689.6600000000001
O00000002,4,1666.85
O00000003,4,665.0600000000001
O00000004,5,689.5000000000001
O00000005,4,860.5
O00000006,9,2258.3399999999997
O00000007,2,769.71
O00000008,1,15.21
O00000009,2,229.02
O00000010,2,107.63
O00000011,3,1016.61
O00000012,8,600.23
O00000013,1,15.87
O00000014,2,520.96
O00000015,7,1416.93
O00000016,1,127.42
O00000017,5,227.48
O00000018,5,601.16
O00000019,1,135.38
O00000020,4,398.84000000000003
O00000021,2,209.51
O00000022,2,1072.94
O00000023,1,119.02
O00000024,2,803.47
O00000025,5,521.99
O00000026,3,54.13
O00000027,2,495.94
O00000028,5,334.14
O00000029,5,950.63
O00000030,2,265.14
O00000031,6,4942.0599999999995
O00000032,1,194.49
O00000033,4,2028.8400000000001
O00000034,4,366.56
O00000035,3,55.44
O00000036,6,858.97
O00000037,1,19.77
O00000038,6,1797.9
O00000039,6,2803.64
O00000040,6,82.61
O00000041,1,67.1
O00000042,3,274.27000000000004
O00000043,1,351.45
O00000044,2,158.28
O00000045,2,124.94
O00000046,3,489.21
O00000047,1,852.12
O00000048,2,834.5500000000001
O00000049,4,217.17000000000002
O00000050,1,225.99
O00000051,3,49.589999999999996
O00000052,9,834.6600000000001
O00000053,6,593.6700000000001
O00000054,1,133.02
O00000055,2,188.7
O00000056,4,229.11
O00000057,2,18.64
O00000058,1,31.39
O00000059,3,93.94
O00000060,1,24.35
O00000061,3,1058.07
O00000062,6,1591.9999999999998
O00000063,6,1087.18
O00000064,4,1269.08
O00000065,8,1313.93
O00000066,5,1493.5900000000001
O00000067,2,197.82999999999998
O00000068,3,403.18
O00000069,9,2659.83
O00000070,9,2118.73
O00000071,7,222.12
O00000072,4,586.48
O00000073,1,48.09
O00000074,1,52.93
O00000075,6,420.44
O00000076,5,357.15999999999997
O00000077,3,1836.0
O00000078,1,186.4
O00000079,5,1266.9499999999998
O00000080,1,383.26
O00000081,5,777.99
O00000082,3,1206.21
O00000083,2,25.52
O00000084,2,77.27000000000001
O00000085,1,661.52
O00000086,3,281.05
O00000087,1,168.44
O00000088,3,83.17
O00000089,2,751.36
O00000090,4,57.099999999999994
O00000091,3,1707.4099999999999
O00000092,2,253.86
O00000093,2,95.4
O00000094,1,14.99
O00000095,1,52.87
O00000096,1,178.96
O00000097,1,100.3
O00000098,3,1435.2
O00000099,6,256.9
O00000100,3,1583.93
O00000101,4,312.65
O00000102,6,544.65
O00000103,3,226.13
O00000104,2,459.63
O00000105,2,164.91
O00000106,1,153.71
O00000107,1,91.42
O00000108,2,973.82
O00000109,1,103.67
O00000110,4,808.0999999999999
O00000111,2,126.05000000000001
O00000112,3,1226.5900000000001
O00000113,1,71.4
O00000114,2,114.08
O00000115,3,183.95000000000002
O00000116,5,263.98
O00000117,3,22.380000000000003
O00000118,4,231.79999999999998
O00000119,1,71.07
O00000120,1,354.29
O00000121,1,74.93
O00000122,3,292.52
O00000123,1,132.13
O00000124,5,1541.8700000000001
O00000125,1,1423.47
O00000126,3,840.44
O00000127,4,321.85
O00000128,1,39.0
O00000129,6,587.55
O00000130,1,390.56
O00000131,1,36.54
O00000132,1,183.58
O00000133,1,71.59
O00000134,4,35.22
O00000135,7,359.64
O00000136,2,327.99
O00000137,2,192.38
O00000138,6,2154.33
O00000139,5,1245.6000000000001
O00000140,1,122.6
O00000141,2,515.89
O00000142,3,781.14
O00000143,4,1097.97
O00000144,1,71.52
O00000145,2,271.52
O00000146,1,654.76
O00000147,6,1854.44
O00000148,2,675.0899999999999
O00000149,3,373.82
O00000150,3,266.04
O00000151,3,324.71
O00000152,4,1129.3400000000001
O00000153,2,186.2
O00000154,1,26.49
O00000155,3,142.27
O00000156,2,32.48
O00000157,1,698.45
O00000158,4,404.45
O00000159,1,387.23
O00000160,1,105.34
O00000161,2,351.66
O00000162,7,4995.83
O00000163,4,443.54
O00000164,7,415.45
O00000165,7,1109.33
O00000166,5,184.12
O00000167,1,96.97
O00000168,2,49.91
O00000169,2,462.02000000000004
O00000170,3,811.41
O00000171,1,31.72
O00000172,4,150.82999999999998
O00000173,3,906.1800000000001
O00000174,5,1043.9
O00000175,4,694.46
O00000176,6,566.87
O00000177,2,675.6
O00000178,3,215.91
O00000179,4,781.28
O00000180,9,802.3
O00000181,2,38.58
O00000182,4,246.7
O00000183,2,372.58000000000004
O00000184,1,125.02
O00000185,3,394.93
O00000186,1,29.41
O00000187,4,534.92
O00000188,1,52.77
O00000189,7,1184.86
O00000190,2,333.28
O00000191,3,1345.24
O00000192,1,173.94
O00000193,1,1248.13
O00000194,1,26.54
O00000195,4,567.1800000000001
O00000196,4,35.46
O00000197,1,26.54
O00000198,6,409.49
O00000199,4,897.79
O00000200,1,26.74
O00000201,1,72.87
O00000202,1,80.56
O00000203,2,232.98
O00000204,5,3590.85
O00000205,3,98.6
O00000206,5,4116.650000000001
O00000207,5,173.81
O00000208,1,119.52
O00000209,3,345.35
O00000210,2,881.99
O00000211,2,124.94999999999999
O00000212,5,504.41999999999996
O00000213,4,1205.79
O00000214,2,156.98000000000002
O00000215,7,430.40999999999997
O00000216,3,195.45
O00000217,2,1459.03
O00000218,4,191.54
O00000219,2,1826.06
O00000220,6,5220.209999999999
O00000221,3,1221.05
O00000222,2,119.3
O00000223,1,151.5
O00000224,4,160.9
O00000225,1,20.93
O00000226,3,428.09999999999997
O00000227,2,119.12
O00000228,1,132.71
O00000229,2,96.44
O00000230,1,73.31
O00000231,4,369.79
O00000232,2,120.02000000000001
O00000233,2,370.71000000000004
O00000234,4,122.01
O00000235,2,38.82
O00000236,1,5.35
O00000237,3,923.63
O00000238,1,17.65
O00000239,2,74.06
O00000240,6,1145.95
O00000241,4,226.31
O00000242,2,446.69
O00000243,1,62.47
O00000244,3,183.45
O00000245,1,92.24
O00000246,2,89.14
O00000247,4,533.01
O00000248,1,350.41
O00000249,4,346.41
O00000250,3,320.01
O00000251,4,1766.22
O00000252,7,1073.36
O00000253,2,725.28
O00000254,3,266.98
O00000255,5,1042.0
O00000256,4,360.78
O00000257,2,396.9
O00000258,4,759.4
O00000259,2,134.2
O00000260,5,83.16
O00000261,4,1144.05
O00000262,6,538.6300000000001
O00000263,1,20.77
O00000264,10,1988.2600000000002
O00000265,2,43.46
O00000266,3,272.57
O00000267,8,509.86
O00000268,2,82.0
O00000269,2,205.38
O00000270,1,846.61
O00000271,4,357.98
O00000272,5,3930.2599999999998
O00000273,1,163.08
O00000274,3,465.6
O00000275,2,79.34
O00000276,6,920.84
O00000277,3,782.18
O00000278,4,2295.05
O00000279,5,2210.19
O00000280,1,21.18
O00000281,3,1032.53
O00000282,2,2094.36
O00000283,1,390.19
O00000284,2,2650.12
O00000285,4,258.51
O00000286,3,1831.44
O00000287,1,67.27
O00000288,2,215.49
O00000289,6,3917.1400000000003
O00000290,3,199.8
O00000291,5,778.39
O00000292,5,581.2399999999999
O00000293,3,252.46999999999997
O00000294,6,827.12
O00000295,1,2337.85
O00000296,2,200.12
O00000297,4,1615.94
O00000298,5,346.68
O00000299,1,101.71
O00000300,2,23.540000000000003
O00000301,6,1522.12
O00000302,2,394.71000000000004
O00000303,4,173.89999999999998
O00000304,5,445.99
O00000305,3,292.26
O00000306,8,756.87
O00000307,3,2204.17
O00000308,1,3.57
O00000309,3,837.81
O00000310,2,242.47
O00000311,7,1175.69
O00000312,5,1113.78
O00000313,3,313.65
O00000314,1,54.83
O00000315,5,633.59
O00000316,8,2460.4300000000003
O00000317,2,42.36
O00000318,2,180.25
O00000319,1,366.84
O00000320,1,438.46
O00000321,1,160.19
O00000322,2,133.04
O00000323,5,917.02
O00000324,1,104.55
O00000325,1,9.1
O00000326,3,543.3900000000001
O00000327,1,113.45
O00000328,2,45.67
O00000329,3,1594.59
O00000330,4,145.17
O00000331,2,238.04
O00000332,3,271.18
O00000333,1,65.0
O00000334,2,119.1
O00000335,2,177.48
O00000336,3,243.35
O00000337,2,264.65000000000003
O00000338,1,377.51
O00000339,1,26.76
O00000340,8,369.28
O00000341,3,1539.96
O00000342,2,1656.18
O00000343,2,25.58
O00000344,3,142.17
O00000345,1,638.51
O00000346,4,741.03
O00000347,5,131.88
O00000348,5,629.79
O00000349,5,1242.87
O00000350,4,73.64
O00000351,4,121.87
O00000352,3,237.79
O00000353,4,373.43
O00000354,1,97.47
O00000355,1,31.43
O00000356,1,1407.61
O00000357,2,1315.5
O00000358,2,702.9
O00000359,3,45.07
O00000360,3,382.77
O00000361,4,654.1
O00000362,8,1932.49
O00000363,1,39.34
O00000364,2,30.66
O00000365,4,1714.3799999999999
O00000366,2,125.92
O00000367,1,192.22
O00000368,4,680.04
O00000369,1,338.49
O00000370,11,3716.4000000000005
O00000371,5,387.71
O00000372,3,58.53
O00000373,3,1774.6599999999999
O00000374,7,1896.22
O00000375,1,65.31
O00000376,5,758.64
O00000377,2,99.68
O00000378,4,178.31
O00000379,2,407.14
O00000380,6,2688.09
O00000381,3,1440.7700000000002
O00000382,2,240.66
O00000383,4,1333.52
O00000384,1,35.56
O00000385,2,369.96
O00000386,1,323.14
O00000387,8,742.73
O00000388,2,282.68
O00000389,4,1907.1
O00000390,1,5.35
O00000391,2,1145.97
O00000392,4,361.37
O00000393,2,1043.24
O00000394,3,637.38
O00000395,6,1508.3500000000001
O00000396,4,1706.08
O00000397,1,893.72
O00000398,3,415.95
O00000399,1,894.8
O00000400,2,186.14
O00000401,2,72.72
O00000402,2,39.02
O00000403,2,271.98
O00000404,4,446.24
O00000405,1,7.85
O00000406,3,338.15000000000003
O00000407,1,167.07
O00000408,7,610.25
O00000409,3,747.66
O00000410,5,1842.85
O00000411,3,108.25999999999999
O00000412,7,2799.7
O00000413,1,100.66
O00000414,3,120.4
O00000415,1,1993.95
O00000416,8,831.31
O00000417,8,1649.19
O00000418,3,2660.31
O00000419,4,1612.52
O00000420,3,260.59000000000003
O00000421,3,149.76
O00000422,1,279.09
O00000423,8,4528.73
O00000424,5,2604.7799999999997
O00000425,3,891.49
O00000426,1,76.86
O00000427,2,146.97
O00000428,5,654.96
O00000429,1,197.07
O00000430,3,104.88
O00000431,1,95.08
O00000432,4,214.16
O00000433,1,166.64
O00000434,7,771.1500000000001
O00000435,3,882.3199999999999
O00000436,1,97.78
O00000437,4,397.65
O00000438,3,152.43
O00000439,1,71.91
O00000440,2,314.97
O00000441,8,765.03
O00000442,2,353.95
O00000443,3,105.24
O00000444,1,76.91
O00000445,4,119.88000000000001
O00000446,3,2845.08
O00000447,2,179.26999999999998
O00000448,8,658.01
O00000449,3,1507.35
O00000450,2,698.06
O00000451,4,238.47
O00000452,3,569.37
O00000453,1,570.1
O00000454,9,697.5
O00000455,1,460.66
O00000456,2,131.77
O00000457,7,372.04
O00000458,2,79.08
O00000459,1,120.32
O00000460,1,74.41
O00000461,3,545.8
O00000462,1,250.41
O00000463,1,85.29
O00000464,2,1235.7
O00000465,6,930.12
O00000466,4,307.18
O00000467,2,463.04999999999995
O00000468,4,562.76
O00000469,2,369.8
O00000470,3,1602.7
O00000471,2,141.68
O00000472,1,63.33
O00000473,2,195.79
O00000474,3,70.28
O00000475,7,1290.86
O00000476,4,115.24000000000001
O00000477,2,148.16
O00000478,3,461.02
O00000479,1,953.03
O00000480,3,968.6700000000001
O00000481,1,139.45
O00000482,4,257.01
O00000483,2,86.86
O00000484,2,177.78
O00000485,2,45.1
O00000486,1,11.71
O00000487,4,326.89
O00000488,2,747.8
O00000489,3,3584.82
O00000490,5,453.27000000000004
O00000491,8,757.22
O00000492,5,339.90999999999997
O00000493,3,918.96
O00000494,1,84.48
O00000495,4,849.3499999999999
O00000496,1,30.32
O00000497,3,780.8100000000001
O00000498,8,4068.17
O00000499,1,101.29
O00000500,4,514.21
O00000501,4,569.34
O00000502,1,130.31
O00000503,4,192.81
O00000504,3,241.87
O00000505,1,22.62
O00000506,5,119.4
O00000507,5,878.4100000000001
O00000508,3,842.3900000000001
O00000509,4,705.58
O00000510,2,1842.0
O00000511,4,3150.71
O00000512,1,177.88
O00000513,1,26.88
O00000514,2,302.68
O00000515,1,250.41
O00000516,1,119.52
O00000517,5,1471.73
O00000518,2,160.06
O00000519,6,375.71
O00000520,6,1416.85
O00000521,3,1725.9499999999998
O00000522,4,427.74
O00000523,5,305.12
O00000524,5,623.56
O00000525,1,97.68
O00000526,3,53.57
O00000527,2,149.76
O00000528,6,2656.92
O00000529,4,288.28
O00000530,2,833.56
O00000531,3,611.3
O00000532,4,189.37
O00000533,6,694.9300000000001
O00000534,2,585.0
O00000535,2,92.72
O00000536,6,428.54999999999995
O00000537,1,36.92
O00000538,2,164.31
O00000539,3,420.25
O00000540,5,391.67
O00000541,3,917.26
O00000542,1,24.1
O00000543,2,570.67
O00000544,2,1312.75
O00000545,5,103.89999999999999
O00000546,5,1833.6200000000001
O00000547,2,269.19
O00000548,4,1501.1299999999999
O00000549,1,31.94
O00000550,2,324.82
O00000551,1,1131.3
O00000552,1,64.95
O00000553,2,475.8
O00000554,2,498.14
O00000555,3,334.94000000000005
O00000556,7,2635.13
O00000557,5,1097.64
O00000558,9,2426.8199999999997
O00000559,6,230.32
O00000560,2,425.58
O00000561,1,2.48
O00000562,2,288.04
O00000563,2,562.78
O00000564,3,3382.41
O00000565,2,1658.65
O00000566,2,2117.96
O00000567,2,198.15
O00000568,4,600.26
O00000569,2,141.53
O00000570,1,926.42
O00000571,3,498.35999999999996
O00000572,2,9.74
O00000573,3,646.8
O00000574,2,171.81
O00000575,2,161.07
O00000576,1,2.75
O00000577,3,232.89
O00000578,3,148.86
O00000579,3,308.41
O00000580,3,130.05
O00000581,5,1040.9600000000003
O00000582,1,115.63
O00000583,1,22.53
O00000584,2,1006.86
O00000585,2,1597.2
O00000586,4,850.1
O00000587,3,352.96999999999997
O00000588,5,4251.38
O00000589,3,275.90999999999997
O00000590,2,1792.76
O00000591,5,3154.41
O00000592,2,1140.2
O00000593,1,110.71
O00000594,3,1957.91
O00000595,1,913.33
O00000596,3,1013.9599999999999
O00000597,3,449.68
O00000598,3,783.71
O00000599,1,1599.98
O00000600,2,362.24
O00000601,5,662.92
O00000602,1,112.6
O00000603,3,235.08
O00000604,1,244.44
O00000605,3,608.27
O00000606,3,260.01
O00000607,1,531.53
O00000608,2,127.2
O00000609,1,67.51
O00000610,4,696.0699999999999
O00000611,4,290.14
O00000612,7,1431.75
O00000613,4,56.08
O00000614,5,1129.23
O00000615,1,83.51
O00000616,3,281.73
O00000617,3,332.94
O00000618,2,103.22
O00000619,1,21.15
O00000620,5,1576.92
O00000621,6,2294.56
O00000622,1,92.99
O00000623,7,1892.21
O00000624,7,309.24
O00000625,1,43.7
O00000626,7,3555.56
O00000627,6,506.79
O00000628,2,782.61
O00000629,3,278.38
O00000630,1,600.89
O00000631,4,20.54
O00000632,7,3031.33
O00000633,1,8.99
O00000634,4,578.55
O00000635,1,133.58
O00000636,7,531.4200000000001
O00000637,3,218.32
O00000638,2,722.97
O00000639,3,221.04000000000002
O00000640,4,664.5500000000001
O00000641,1,52.53
O00000642,3,316.38
O00000643,5,1177.5
O00000644,2,64.12
O00000645,1,14.99
O00000646,2,649.96
O00000647,2,1149.67
O00000648,1,279.09
O00000649,3,2210.73
O00000650,1,43.39
O00000651,5,813.6400000000001
O00000652,1,29.9
O00000653,3,274.2
O00000654,1,39.0
O00000655,3,141.72
O00000656,3,306.66
O00000657,5,491.06000000000006
O00000658,1,492.64
O00000659,4,634.95
O00000660,2,407.66
O00000661,1,208.75
O00000662,1,117.72
O00000663,3,1636.0100000000002
O00000664,5,434.97
O00000665,1,25.73
O00000666,3,29.94
O00000667,6,158.03
O00000668,3,1554.1399999999999
O00000669,6,3395.7
O00000670,2,133.67000000000002
O00000671,2,77.84
O00000672,6,1656.88
O00000673,2,496.36
O00000674,4,3296.56
O00000675,7,3007.3500000000004
O00000676,3,358.32
O00000677,3,651.99
O00000678,3,829.8
O00000679,3,377.71000000000004
O00000680,1,82.69
O00000681,1,725.63
O00000682,1,24.37
O00000683,1,1217.83
O00000684,2,70.44
O00000685,7,764.69
O00000686,2,951.8
O00000687,3,1203.46
O00000688,5,369.77
O00000689,1,29.53
O00000690,4,1052.0
O00000691,8,1262.1
O00000692,1,19.55
O00000693,6,1211.15
O00000694,1,9.98
O00000695,1,69.46
O00000696,1,33.0
O00000697,4,205.57999999999998
O00000698,3,644.03
O00000699,2,261.9
O00000700,2,200.12
O00000701,5,199.98
O00000702,6,2389.58
O00000703,2,68.0
O00000704,2,128.44
O00000705,3,160.0
O00000706,1,329.14
O00000707,1,87.46
O00000708,1,64.23
O00000709,3,851.87
O00000710,6,2415.68
O00000711,3,286.31
O00000712,1,54.01
O00000713,3,761.04
O00000714,1,81.52
O00000715,7,1354.3
O00000716,2,111.52
O00000717,1,95.81
O00000718,3,228.19
O00000719,1,273.71
O00000720,2,5.84
O00000721,1,83.14
O00000722,1,118.8
O00000723,1,58.15
O00000724,3,126.87
O00000725,1,24.2
O00000726,1,455.43
O00000727,1,76.59
O00000728,3,63.44
O00000729,1,56.21
O00000730,2,26.06
O00000731,4,3394.2400000000002
O00000732,7,2840.2200000000003
O00000733,2,322.3
O00000734,1,412.67
O00000735,1,68.12
O00000736,1,99.26
O00000737,1,126.93
O00000738,1,198.0
O00000739,1,72.45
O00000740,4,223.52
O00000741,2,54.16
O00000742,6,680.24
O00000743,4,351.35
O00000744,7,6975.66
O00000745,3,400.74
O00000746,1,495.76
O00000747,1,612.23
O00000748,3,833.8000000000001
O00000749,3,2862.02
O00000750,7,433.49
O00000751,1,106.99
O00000752,5,1946.03
O00000753,2,289.68
O00000754,6,376.65
O00000755,1,168.05
O00000756,4,410.06
O00000757,3,562.07
O00000758,3,266.88
O00000759,6,640.88
O00000760,6,1326.43
O00000761,4,207.98000000000002
O00000762,3,535.01
O00000763,1,46.59
O00000764,9,941.03
O00000765,5,232.61
O00000766,2,509.48
O00000767,2,140.86
O00000768,1,45.55
O00000769,3,67.44
O00000770,1,10.62
O00000771,3,530.5600000000001
O00000772,2,418.37
O00000773,4,453.40000000000003
O00000774,2,93.62
O00000775,4,356.39
O00000776,2,170.77
O00000777,9,2689.64
O00000778,3,1436.36
O00000779,6,1002.26
O00000780,1,14.7
O00000781,4,1306.32
O00000782,2,411.42999999999995
O00000783,3,41.75
O00000784,1,21.46
O00000785,6,597.89
O00000786,4,165.21
O00000787,1,26.49
O00000788,4,653.76
O00000789,2,132.37
O00000790,1,658.35
O00000791,6,1269.3000000000002
O00000792,5,326.9
O00000793,1,438.46
O00000794,4,437.22
O00000795,2,196.39999999999998
O00000796,1,2.99
O00000797,2,324.3
O00000798,5,557.49
O00000799,3,421.81000000000006
O00000800,3,186.72
O00000801,3,777.6200000000001
O00000802,7,881.8199999999999
O00000803,1,69.5
O00000804,2,1292.6100000000001
O00000805,2,135.88
O00000806,1,53.16
O00000807,4,696.42
O00000808,5,1115.6799999999998
O00000809,3,304.08
O00000810,3,311.21
O00000811,1,83.76
O00000812,2,1428.63
O00000813,4,984.19
O00000814,6,1197.06
O00000815,2,48.2
O00000816,1,443.67
O00000817,1,59.97
O00000818,4,2024.6699999999998
O00000819,8,342.78
O00000820,3,2651.71
O00000821,8,739.24
O00000822,2,21.92
O00000823,3,291.13
O00000824,5,122.51
O00000825,3,479.02
O00000826,4,570.66
O00000827,1,50.3
O00000828,7,180.07
O00000829,4,766.76
O00000830,1,405.41
O00000831,4,635.48
O00000832,5,532.74
O00000833,1,85.2
O00000834,3,1629.93
O00000835,1,536.33
O00000836,2,358.71
O00000837,3,853.8199999999999
O00000838,3,198.37
O00000839,1,126.24
O00000840,2,91.48
O00000841,1,56.03
O00000842,5,467.48
O00000843,1,63.33
O00000844,1,687.51
O00000845,1,20.93
O00000846,1,44.29
O00000847,4,640.3199999999999
O00000848,1,49.84
O00000849,1,76.4
O00000850,1,134.24
O00000851,1,20.41
O00000852,2,1639.09
O00000853,2,35.14
O00000854,2,231.79
O00000855,1,36.92
O00000856,4,633.8299999999999
O00000857,4,497.67
O00000858,4,2202.0
O00000859,1,295.05
O00000860,1,14.09
O00000861,6,713.32
O00000862,4,875.51
O00000863,2,169.72
O00000864,3,47.07
O00000865,5,1452.85
O00000866,1,541.92
O00000867,4,1237.89
O00000868,2,329.79
O00000869,1,238.08
O00000870,3,1286.28
O00000871,2,175.08
O00000872,2,117.10000000000001
O00000873,1,274.66
O00000874,1,29.9
O00000875,1,3.45
O00000876,7,537.66
O00000877,1,26.27
O00000878,1,59.13
O00000879,1,951.69
O00000880,1,32.13
O00000881,3,703.0699999999999
O00000882,3,455.30000000000007
O00000883,1,24.2
O00000884,3,686.6800000000001
O00000885,3,215.78
O00000886,3,554.72
O00000887,2,89.08
O00000888,1,15.26
O00000889,4,951.12
O00000890,2,40.12
O00000891,5,339.4
O00000892,3,235.42000000000002
O00000893,4,1239.31
O00000894,6,3316.87
O00000895,2,208.24
O00000896,1,557.39
O00000897,1,33.11
O00000898,3,206.43
O00000899,1,407.54
O00000900,4,412.80999999999995
O00000901,2,124.77
O00000902,7,1014.8000000000001
O00000903,1,74.93
O00000904,3,441.61
O00000905,3,478.81
O00000906,2,86.11
O00000907,3,1059.3
O00000908,2,686.56
O00000909,2,348.46
O00000910,3,1533.3
O00000911,4,161.36
O00000912,1,698.45
O00000913,3,659.56
O00000914,3,1688.84
O00000915,3,222.86
O00000916,3,461.24
O00000917,3,327.19
O00000918,2,369.8
O00000919,1,638.51
O00000920,2,40.7
O00000921,3,1624.66
O00000922,1,368.82
O00000923,1,85.2
O00000924,7,1555.3400000000001
O00000925,3,146.6
O00000926,1,88.68
O00000927,3,124.57
O00000928,9,1188.16
O00000929,4,1538.97
O00000930,2,436.84
O00000931,2,1565.59
O00000932,2,74.81
O00000933,3,67.93
O00000934,3,207.05
O00000935,7,3388.79
O00000936,6,385.6
O00000937,1,69.43
O00000938,2,222.92000000000002
O00000939,5,1233.39
O00000940,2,163.07
O00000941,1,1166.24
O00000942,5,1701.19
O00000943,6,3023.0599999999995
O00000944,1,113.98
O00000945,1,7.76
O00000946,1,99.54
O00000947,6,630.86
O00000948,1,85.27
O00000949,2,156.32
O00000950,4,106.4
O00000951,2,41.48
O00000952,6,360.03
O00000953,7,654.9
O00000954,5,255.44
O00000955,1,83.19
O00000956,5,2365.6099999999997
O00000957,1,297.47
O00000958,3,126.70000000000002
O00000959,4,217.2
O00000960,2,207.21
O00000961,2,1262.72
O00000962,2,557.48
O00000963,4,100.63
O00000964,4,354.07
O00000965,4,223.07
O00000966,3,619.63
O00000967,2,486.86
O00000968,3,121.55
O00000969,2,203.42
O00000970,2,300.44
O00000971,1,252.09
O00000972,1,769.71
O00000973,5,322.38
O00000974,3,1670.4
O00000975,3,111.6
O00000976,4,1239.53
O00000977,1,40.54
O00000978,1,20.19
O00000979,3,142.65
O00000980,5,919.5
O00000981,3,163.08
O00000982,3,284.85
O00000983,3,394.90999999999997
O00000984,2,133.95
O00000985,3,438.68
O00000986,4,916.62
O00000987,4,252.13
O00000988,1,9.28
O00000989,7,1457.74
O00000990,7,1848.71
O00000991,1,79.18
O00000992,2,432.67
O00000993,4,219.24
O00000994,2,371.63
O00000995,3,4043.8399999999997
O00000996,1,31.28
O00000997,1,62.62
O00000998,8,876.69
O00000999,2,229.12
O00001000,1,63.31
O00001001,3,126.55
O00001002,1,9.28
O00001003,3,521.59
O00001004,2,148.32999999999998
O00001005,4,447.36
O00001006,4,155.39
O00001007,1,48.22
O00001008,4,99.50999999999999
O00001009,1,51.05
O00001010,1,322.77
O00001011,3,1636.7
O00001012,1,5.35
O00001013,4,191.91
O00001014,1,423.57
O00001015,1,208.74
O00001016,4,938.73
O00001017,1,492.81
O00001018,1,416.24
O00001019,1,112.19
O00001020,4,306.95
O00001021,2,235.84
O00001022,1,75.81
O00001023,2,925.52
O00001024,5,439.51
O00001025,7,3106.22
O00001026,1,70.32
O00001027,4,693.04
O00001028,5,464.86
O00001029,1,21.92
O00001030,4,623.72
O00001031,3,543.25
O00001032,1,47.35
O00001033,2,245.2
O00001034,6,3385.66
O00001035,2,790.2800000000001
O00001036,3,844.54
O00001037,3,152.4
O00001038,2,224.85
O00001039,2,1336.9499999999998
O00001040,1,18.26
O00001041,2,208.45000000000002
O00001042,3,742.29
O00001043,4,725.81
O00001044,6,328.55
O00001045,2,1842.0
O00001046,8,2799.0099999999998
O00001047,3,19.56
O00001048,2,186.91000000000003
O00001049,2,266.32
O00001050,5,229.48
O00001051,4,279.42
O00001052,3,1295.76
O00001053,2,411.46
O00001054,1,202.98
O00001055,2,436.68
O00001056,1,113.44
O00001057,6,313.02
O00001058,5,3283.6
O00001059,2,48.2
O00001060,2,915.9
O00001061,1,917.59
O00001062,5,693.5
O00001063,8,1046.5700000000002
O00001064,4,415.34
O00001065,8,375.19000000000005
O00001066,1,40.0
O00001067,3,1369.3000000000002
O00001068,4,146.59
O00001069,3,207.3
O00001070,5,678.61
O00001071,5,346.93
O00001072,3,346.08
O00001073,1,9.28
O00001074,5,464.85
O00001075,5,659.8
O00001076,4,575.78
O00001077,4,1411.54
O00001078,1,53.19
O00001079,2,515.98
O00001080,7,1117.1399999999999
O00001081,4,1405.44
O00001082,2,451.74
O00001083,1,283.47
O00001084,2,240.64
O00001085,1,65.21
O00001086,1,135.96
O00001087,7,3890.26
O00001088,1,56.04
O00001089,4,700.04
O00001090,4,274.74
O00001091,2,174.95
O00001092,1,121.03
O00001093,3,1111.26
O00001094,4,715.27
O00001095,3,97.82
O00001096,5,674.26
O00001097,4,573.58
O00001098,4,270.6
O00001099,2,237.44
O00001100,5,920.33
O00001101,3,648.76
O00001102,2,34.44
O00001103,3,247.2
O00001104,1,21.3
O00001105,2,18.2
O00001106,3,526.9
O00001107,1,59.91
O00001108,2,1539.42
O00001109,2,190.17000000000002
O00001110,2,56.96
O00001111,3,673.29
O00001112,1,159.88
O00001113,8,756.13
O00001114,2,538.62
O00001115,6,754.8399999999999
O00001116,2,209.08
O00001117,1,132.13
O00001118,1,32.78
O00001119,2,1586.27
O00001120,1,108.57
O00001121,6,560.94
O00001122,5,305.99
O00001123,1,34.94
O00001124,6,260.02
O00001125,4,426.88
O00001126,5,312.78999999999996
O00001127,1,168.63
O00001128,1,66.98
O00001129,2,27.07
O00001130,4,225.3
O00001131,4,291.57
O00001132,4,1288.5
O00001133,2,134.9
O00001134,5,202.61
O00001135,2,797.72
O00001136,1,35.24
O00001137,3,658.51
O00001138,4,513.47
O00001139,7,1333.28
O00001140,2,235.82999999999998
O00001141,7,851.66
O00001142,2,326.16
O00001143,6,892.77
O00001144,1,86.47
O00001145,4,815.21
O00001146,1,139.06
O00001147,4,54.91
O00001148,5,380.65
O00001149,1,10.52
O00001150,3,649.45
O00001151,6,505.58000000000004
O00001152,2,819.22
O00001153,4,122.8
O00001154,4,110.47
O00001155,3,45.33
O00001156,5,733.14
O00001157,1,56.87
O00001158,1,52.95
O00001159,3,4748.95
O00001160,3,50.519999999999996
O00001161,1,74.08
O00001162,1,62.47
O00001163,3,127.41
O00001164,3,214.4
O00001165,5,1214.01
O00001166,3,170.15
O00001167,3,239.03
O00001168,5,411.21999999999997
O00001169,4,3383.7599999999998
O00001170,5,563.09
O00001171,3,362.48
O00001172,2,82.98
O00001173,2,94.97
O00001174,1,142.94
O00001175,5,418.54
O00001176,3,105.52000000000001
O00001177,2,404.77
O00001178,3,112.48999999999998
O00001179,3,323.94
O00001180,2,146.18
O00001181,2,93.98
O00001182,1,221.26
O00001183,1,176.19
O00001184,5,263.31
O00001185,1,438.46
O00001186,1,70.33
O00001187,2,732.2800000000001
O00001188,1,189.79
O00001189,2,322.7
O00001190,2,383.78
O00001191,1,10.78
O00001192,1,49.66
O00001193,5,190.18
O00001194,1,49.15
O00001195,4,170.81
O00001196,3,313.53
O00001197,6,721.64
O00001198,2,721.03
O00001199,2,111.58999999999999
O00001200,4,1314.43
O00001201,1,236.97
O00001202,6,1705.48
O00001203,1,59.93
O00001204,1,70.34
O00001205,7,374.05
O00001206,1,26.34
O00001207,2,334.38
O00001208,1,98.81
O00001209,1,31.72
O00001210,3,536.28
O00001211,4,364.15
O00001212,3,219.2
O00001213,5,1765.75
O00001214,3,706.72
O00001215,2,89.5
O00001216,4,56.26
O00001217,3,153.56
O00001218,7,1705.48
O00001219,4,347.43
O00001220,3,810.06
O00001221,6,189.93
O00001222,4,1440.48
O00001223,1,4.51
O00001224,4,454.19
O00001225,1,9.27
O00001226,1,846.61
O00001227,2,50.519999999999996
O00001228,7,409.40999999999997
O00001229,1,33.0
O00001230,2,132.66
O00001231,4,184.85000000000002
O00001232,1,1075.65
O00001233,1,30.77
O00001234,1,63.71
O00001235,4,287.94
O00001236,2,30.5
O00001237,6,235.42
O00001238,5,332.73
O00001239,1,40.24
O00001240,5,2932.8300000000004
O00001241,5,656.86
O00001242,2,407.66
O00001243,1,157.95
O00001244,1,15.41
O00001245,1,140.3
O00001246,7,4008.2200000000003
O00001247,4,339.71000000000004
O00001248,1,1351.78
O00001249,3,1113.79
O00001250,1,21.52
O00001251,6,490.9
O00001252,7,956.61
O00001253,5,656.02
O00001254,2,420.41
O00001255,2,184.74
O00001256,4,831.01
O00001257,8,2473.48
O00001258,2,269.46000000000004
O00001259,1,233.45
O00001260,1,52.1
O00001261,3,1981.42
O00001262,3,76.58
O00001263,8,574.74
O00001264,1,18.5
O00001265,7,1193.34
O00001266,3,1673.47
O00001267,2,32.7
O00001268,6,2286.15
O00001269,1,220.52
O00001270,2,305.26
O00001271,1,181.12
O00001272,4,170.18
O00001273,3,278.97
O00001274,3,132.76999999999998
O00001275,4,768.56
O00001276,5,1370.08
O00001277,6,3759.72
O00001278,3,1223.94
O00001279,4,938.25
O00001280,1,19.09
O00001281,5,3703.81
O00001282,2,235.69
O00001283,5,1758.84
O00001284,2,151.51
O00001285,3,88.97999999999999
O00001286,3,88.62
O00001287,3,1296.48
O00001288,1,41.44
O00001289,1,42.19
O00001290,1,701.36
O00001291,3,234.34
O00001292,1,24.11
O00001293,6,631.4100000000001
O00001294,7,3105.5399999999995
O00001295,3,586.97
O00001296,2,136.16
O00001297,5,295.15
O00001298,5,811.12
O00001299,3,982.95
O00001300,4,404.65
O00001301,3,208.92
O00001302,2,372.19
O00001303,1,390.56
O00001304,9,2074.75
O00001305,3,158.29
O00001306,7,392.99
O00001307,2,369.01
O00001308,4,150.13
O00001309,3,417.49
O00001310,4,355.39
O00001311,2,272.78000000000003
O00001312,4,401.88
O00001313,4,110.26
O00001314,2,195.56
O00001315,4,969.6999999999999
O00001316,2,510.62
O00001317,5,1132.31
O00001318,3,154.41
O00001319,1,180.9
O00001320,5,342.44
O00001321,1,157.95
O00001322,3,174.33
O00001323,5,651.37
O00001324,3,36.97
O00001325,5,463.44
O00001326,3,130.05
O00001327,1,576.97
O00001328,1,100.3
O00001329,3,179.45000000000002
O00001330,3,2659.38
O00001331,2,1256.36
O00001332,4,323.24
O00001333,5,3937.02
O00001334,4,266.71
O00001335,2,47.54
O00001336,2,255.40999999999997
O00001337,11,6265.52
O00001338,8,1203.98
O00001339,1,22.25
O00001340,1,205.74
O00001341,2,13.38
O00001342,1,314.58
O00001343,6,1353.18
O00001344,4,312.40000000000003
O00001345,4,482.59999999999997
O00001346,3,271.11
O00001347,1,1181.64
O00001348,8,1767.38
O00001349,6,955.89
O00001350,9,470.4
O00001351,1,20.31
O00001352,3,96.48
O00001353,4,1495.0
O00001354,5,534.4200000000001
O00001355,2,991.52
O00001356,2,157.22
O00001357,1,29.15
O00001358,6,308.14
O00001359,2,81.17
O00001360,5,1422.23
O00001361,1,46.89
O00001362,3,155.98000000000002
O00001363,3,296.99
O00001364,1,536.33
O00001365,6,1761.1200000000001
O00001366,8,937.8499999999999
O00001367,8,1468.38
O00001368,5,924.06
O00001369,11,756.79
O00001370,4,221.42999999999998
O00001371,6,243.28
O00001372,3,850.26
O00001373,1,332.57
O00001374,2,1440.1
O00001375,4,2510.02
O00001376,3,280.23
O00001377,4,902.4399999999999
O00001378,6,755.69
O00001379,1,53.24
O00001380,2,58.76
O00001381,1,223.08
O00001382,3,1021.02
O00001383,3,123.89
O00001384,5,622.37
O00001385,2,96.21000000000001
O00001386,1,208.75
O00001387,1,43.35
O00001388,6,1593.27
O00001389,2,21.89
O00001390,2,170.53
O00001391,3,198.86
O00001392,3,404.77
O00001393,3,1916.31
O00001394,1,49.66
O00001395,5,155.97
O00001396,4,938.9300000000001
O00001397,3,71.14999999999999
O00001398,1,351.45
O00001399,3,211.39
O00001400,4,569.1
O00001401,5,1099.89
O00001402,3,297.11
O00001403,3,1581.1100000000001
O00001404,2,137.93
O00001405,4,205.36
O00001406,1,43.35
O00001407,1,13.24
O00001408,1,689.05
O00001409,6,3350.65
O00001410,5,397.74
O00001411,3,170.38
O00001412,2,800.71
O00001413,2,103.56
O00001414,7,3227.9
O00001415,3,599.8499999999999
O00001416,2,97.78
O00001417,4,206.55
O00001418,1,343.78
O00001419,6,259.61
O00001420,4,450.35
O00001421,3,188.49
O00001422,6,430.29999999999995
O00001423,3,1364.22
O00001424,4,645.5
O00001425,7,4015.79
O00001426,3,253.55
O00001427,2,228.48
O00001428,8,2079.99
O00001429,2,121.85999999999999
O00001430,7,383.75
O00001431,1,61.6
O00001432,4,241.48000000000002
O00001433,4,1707.21
O00001434,3,1148.6999999999998
O00001435,2,600.14
O00001436,2,90.44000000000001
O00001437,2,985.62
O00001438,4,222.94
O00001439,3,459.1
O00001440,8,3113.1
O00001441,1,654.76
O00001442,3,2849.19
O00001443,4,3371.87
O00001444,4,773.82
O00001445,4,304.73
O00001446,3,399.06
O00001447,3,139.42000000000002
O00001448,3,163.23
O00001449,2,190.04
O00001450,8,1416.3
O00001451,6,1658.2600000000002
O00001452,6,1251.1000000000001
O00001453,1,58.11
O00001454,1,133.34
O00001455,7,249.48000000000002
O00001456,4,991.35
O00001457,6,1563.08
O00001458,5,1341.8
O00001459,3,1084.65
O00001460,2,141.68
O00001461,7,3053.51
O00001462,1,1340.76
O00001463,2,49.84
O00001464,1,244.16
O00001465,2,226.45999999999998
O00001466,2,617.2900000000001
O00001467,3,320.01
O00001468,1,8.06
O00001469,2,16.94
O00001470,1,24.52
O00001471,1,18.76
O00001472,1,343.78
O00001473,1,201.36
O00001474,4,429.01
O00001475,1,177.64
O00001476,7,2109.02
O00001477,3,232.38
O00001478,7,1628.79
O00001479,3,1319.6399999999999
O00001480,1,55.11
O00001481,1,18.64
O00001482,2,334.45
O00001483,3,467.87
O00001484,4,1377.7
O00001485,1,47.82
O00001486,2,120.94
O00001487,1,649.28
O00001488,5,2635.95
O00001489,2,479.62
O00001490,5,372.79999999999995
O00001491,4,851.36
O00001492,2,306.55
O00001493,4,304.09
O00001494,7,2274.21
O00001495,1,38.54
O00001496,5,1435.18
O00001497,1,19.17
O00001498,8,562.36
O00001499,6,366.43
O00001500,2,289.15
O00001501,3,217.47
O00001502,2,114.06
O00001503,3,152.28
O00001504,1,119.52
O00001505,1,318.51
O00001506,9,4378.030000000001
O00001507,5,668.28
O00001508,7,602.05
O00001509,2,402.72
O00001510,1,121.55
O00001511,1,105.35
O00001512,6,298.12
O00001513,1,249.07
O00001514,5,1093.18
O00001515,2,983.75
O00001516,1,184.98
O00001517,2,36.9
O00001518,3,2660.31
O00001519,2,565.28
O00001520,7,5682.7699999999995
O00001521,1,6.58
O00001522,5,440.29
O00001523,1,49.77
O00001524,3,313.41
O00001525,5,504.71
O00001526,7,4031.2300000000005
O00001527,3,452.13
O00001528,4,200.59
O00001529,1,2.83
O00001530,3,1412.67
O00001531,3,293.65999999999997
O00001532,1,54.61
O00001533,3,201.0
O00001534,9,1058.6100000000001
O00001535,1,54.46
O00001536,3,941.0999999999999
O00001537,1,244.29
O00001538,2,430.63
O00001539,1,71.52
O00001540,2,177.92
O00001541,3,324.15
O00001542,7,466.78
O00001543,1,20.65
O00001544,1,53.26
O00001545,3,673.29
O00001546,3,1200.96
O00001547,1,34.96
O00001548,2,415.34
O00001549,6,833.01
O00001550,1,984.2
O00001551,3,333.88
O00001552,8,532.2900000000001
O00001553,2,226.78
O00001554,5,2624.28
O00001555,4,235.7
O00001556,10,700.98
O00001557,3,504.90999999999997
O00001558,6,692.81
O00001559,1,255.94
O00001560,4,1005.78
O00001561,2,59.0
O00001562,1,55.14
O00001563,1,43.64
O00001564,1,15.87
O00001565,4,209.97000000000003
O00001566,7,6195.8
O00001567,1,119.52
O00001568,3,342.07
O00001569,8,608.39
O00001570,2,152.3
O00001571,2,315.42
O00001572,7,439.71000000000004
O00001573,3,451.15
O00001574,1,96.63
O00001575,5,170.12
O00001576,4,458.37
O00001577,2,397.23
O00001578,2,843.6399999999999
O00001579,1,57.18
O00001580,1,367.54
O00001581,4,438.0
O00001582,4,881.41
O00001583,5,960.84
O00001584,1,97.57
O00001585,4,540.15
O00001586,2,384.15
O00001587,1,218.42
O00001588,3,138.7
O00001589,1,21.15
O00001590,2,587.73
O00001591,6,1874.7299999999998
O00001592,3,479.76
O00001593,1,1352.63
O00001594,2,999.48
O00001595,6,390.09000000000003
O00001596,1,253.94
O00001597,1,73.39
O00001598,3,141.99
O00001599,3,426.48
O00001600,1,146.81
O00001601,3,53.75
O00001602,4,126.4
O00001603,3,382.34
O00001604,5,523.5
O00001605,1,83.11
O00001606,4,137.45
O00001607,1,178.31
O00001608,2,79.96
O00001609,6,2197.45
O00001610,8,494.32
O00001611,5,271.57000000000005
O00001612,4,217.35
O00001613,3,230.45
O00001614,3,435.57
O00001615,4,1143.1899999999998
O00001616,1,318.64
O00001617,4,187.25
O00001618,5,401.91
O00001619,5,244.15999999999997
O00001620,1,73.39
O00001621,7,432.66999999999996
O00001622,3,354.14
O00001623,2,54.28
O00001624,5,224.63
O00001625,1,157.67
O00001626,1,76.91
O00001627,2,635.26
O00001628,7,237.62
O00001629,3,1415.15
O00001630,2,273.48
O00001631,5,863.9
O00001632,5,740.75
O00001633,2,711.28
O00001634,4,509.83000000000004
O00001635,6,2852.3
O00001636,2,676.91
O00001637,4,1088.06
O00001638,2,1210.88
O00001639,3,975.1300000000001
O00001640,3,43.85
O00001641,3,691.4599999999999
O00001642,2,12.32
O00001643,3,159.43
O00001644,6,414.66
O00001645,1,8.06
O00001646,3,61.019999999999996
O00001647,3,498.53000000000003
O00001648,6,396.98
O00001649,8,1989.66
O00001650,4,241.88
O00001651,8,3787.1200000000003
O00001652,1,49.41
O00001653,5,1923.21
O00001654,2,1388.64
O00001655,8,2038.8200000000002
O00001656,1,14.59
O00001657,1,66.52
O00001658,4,302.37
O00001659,3,104.88
O00001660,4,174.8
O00001661,2,171.47
O00001662,3,983.22
O00001663,3,186.88
O00001664,1,75.5
O00001665,4,1648.6000000000001
O00001666,3,533.64
O00001667,8,1650.6100000000001
O00001668,6,569.73
O00001669,1,95.98
O00001670,9,1206.5
O00001671,2,578.11
O00001672,3,460.34
O00001673,2,21.41
O00001674,1,46.36
O00001675,3,226.2
O00001676,4,2014.07
O00001677,3,558.78
O00001678,5,1814.71
O00001679,3,625.02
O00001680,2,188.36
O00001681,2,418.2
O00001682,1,435.72
O00001683,1,176.48
O00001684,6,2045.4099999999999
O00001685,4,112.7
O00001686,1,189.79
O00001687,2,115.95
O00001688,1,23.37
O00001689,3,1836.69
O00001690,2,90.68
O00001691,5,810.13
O00001692,5,1179.0
O00001693,7,1435.3700000000001
O00001694,3,375.24
O00001695,3,1922.54
O00001696,1,161.29
O00001697,4,343.6
O00001698,5,585.96
O00001699,1,363.25
O00001700,9,1141.53
O00001701,4,269.17
O00001702,3,201.84
O00001703,1,32.16
O00001704,5,230.79000000000002
O00001705,4,2180.2
O00001706,2,131.2
O00001707,1,331.98
O00001708,1,16.86
O00001709,2,58.019999999999996
O00001710,1,192.22
O00001711,2,167.96
O00001712,4,218.2
O00001713,3,247.5
O00001714,4,1212.47
O00001715,1,185.46
O00001716,1,107.38
O00001717,4,231.83
O00001718,2,504.18
O00001719,1,130.95
O00001720,5,744.27
O00001721,3,237.77
O00001722,4,365.96
O00001723,3,303.73
O00001724,3,1273.3600000000001
O00001725,1,16.14
O00001726,2,1549.27
O00001727,3,112.2
O00001728,4,1150.99
O00001729,2,336.1
O00001730,1,18.26
O00001731,1,63.96
O00001732,2,152.9
O00001733,1,984.2
O00001734,1,52.92
O00001735,1,488.59
O00001736,1,168.02
O00001737,1,32.42
O00001738,4,702.55
O00001739,4,906.4200000000001
O00001740,2,123.72
O00001741,2,269.98
O00001742,5,1306.8700000000001
O00001743,5,1416.6599999999999
O00001744,4,362.34999999999997
O00001745,4,2583.17
O00001746,2,956.68
O00001747,12,2208.7
O00001748,4,228.07999999999998
O00001749,3,91.54
O00001750,1,87.54
O00001751,1,223.08
O00001752,4,105.36
O00001753,2,136.4
O00001754,6,455.87
O00001755,1,24.61
O00001756,1,139.45
O00001757,4,2141.19
O00001758,1,42.47
O00001759,1,30.26
O00001760,2,663.1099999999999
O00001761,1,62.96
O00001762,2,494.94
O00001763,1,29.67
O00001764,3,2859.09
O00001765,1,195.3
O00001766,3,137.24
O00001767,1,238.36
O00001768,2,1129.44
O00001769,1,408.71
O00001770,2,237.02
O00001771,1,187.33
O00001772,4,1273.27
O00001773,2,90.21
O00001774,2,454.71000000000004
O00001775,2,638.3
O00001776,6,332.56
O00001777,4,1322.1299999999999
O00001778,4,308.88
O00001779,1,125.28
O00001780,1,1351.78
O00001781,6,4377.85
O00001782,5,549.87
O00001783,1,638.51
O00001784,7,2571.53
O00001785,3,170.63
O00001786,5,1012.02
O00001787,1,5.11
O00001788,4,1042.53
O00001789,2,877.12
O00001790,7,4850.64
O00001791,3,2275.7599999999998
O00001792,1,29.5
O00001793,1,27.08
O00001794,10,389.97999999999996
O00001795,9,514.44
O00001796,2,599.32
O00001797,1,15.04
O00001798,1,36.42
O00001799,6,995.6500000000001
O00001800,1,300.07
O00001801,3,299.14
O00001802,2,478.24
O00001803,2,44.02
O00001804,5,1273.8799999999999
O00001805,1,52.33
O00001806,7,710.93
O00001807,1,675.42
O00001808,1,85.79
O00001809,1,38.54
O00001810,1,34.59
O00001811,5,204.29
O00001812,5,2546.41
O00001813,1,32.11
O00001814,2,95.58
O00001815,1,112.6
O00001816,3,32.31
O00001817,6,515.64
O00001818,2,19.6
O00001819,4,466.89
O00001820,1,96.19
O00001821,2,66.1
O00001822,4,1170.05
O00001823,3,48.42
O00001824,4,169.16
O00001825,3,750.5699999999999
O00001826,2,272.4
O00001827,3,519.75
O00001828,3,296.76
O00001829,1,460.66
O00001830,1,139.45
O00001831,1,114.03
O00001832,3,1895.52
O00001833,1,55.21
O00001834,1,41.15
O00001835,4,381.12
O00001836,2,307.59
O00001837,1,147.11
O00001838,6,3759.4
O00001839,4,723.04
O00001840,1,173.72
O00001841,1,74.5
O00001842,4,325.32
O00001843,2,121.0
O00001844,4,200.33
O00001845,2,549.32
O00001846,1,83.17
O00001847,2,1364.3000000000002
O00001848,3,238.8
O00001849,10,1673.55
O00001850,4,873.3000000000001
O00001851,3,865.91
O00001852,7,768.83
O00001853,1,71.29
O00001854,4,526.8
O00001855,5,959.17
O00001856,1,13.04
O00001857,3,717.85
O00001858,4,1483.4
O00001859,6,313.17
O00001860,2,258.37
O00001861,2,96.44
O00001862,5,405.22
O00001863,3,214.66
O00001864,10,2949.02
O00001865,2,3416.4
O00001866,2,85.0
O00001867,2,278.13
O00001868,2,116.22
O00001869,6,265.37
O00001870,2,128.9
O00001871,3,223.32
O00001872,3,177.77
O00001873,4,482.88
O00001874,1,30.59
O00001875,1,951.69
O00001876,2,461.56
O00001877,1,130.56
O00001878,1,12.46
O00001879,1,154.05
O00001880,9,2921.39
O00001881,3,1287.6
O00001882,1,29.68
O00001883,4,772.8
O00001884,3,2077.17
O00001885,3,427.90999999999997
O00001886,4,1105.67
O00001887,2,74.56
O00001888,9,1648.71
O00001889,6,293.38
O00001890,3,138.01
O00001891,1,475.65
O00001892,1,19.51
O00001893,1,811.5
O00001894,3,680.45
O00001895,5,1533.86
O00001896,2,336.5
O00001897,3,226.14000000000001
O00001898,1,126.37
O00001899,3,44.53
O00001900,2,77.58
O00001901,2,60.14
O00001902,1,168.44
O00001903,3,713.17
O00001904,1,151.39
O00001905,1,168.05
O00001906,8,1361.1399999999999
O00001907,6,180.49
O00001908,1,25.57
O00001909,3,408.06
O00001910,3,638.5
O00001911,2,1395.52
O00001912,3,1268.16
O00001913,1,228.38
O00001914,1,83.34
O00001915,8,1096.73
O00001916,1,184.85
O00001917,4,227.11999999999998
O00001918,8,2159.94
O00001919,2,113.66
O00001920,1,53.51
O00001921,8,278.92
O00001922,1,71.72
O00001923,6,2335.43
O00001924,1,501.37
O00001925,3,272.31
O00001926,1,639.96
O00001927,3,521.16
O00001928,4,438.86
O00001929,5,2911.1
O00001930,2,115.56
O00001931,2,590.54
O00001932,1,114.66
O00001933,1,13.13
O00001934,1,505.82
O00001935,3,280.47
O00001936,4,436.33
O00001937,3,743.73
O00001938,1,36.42
O00001939,4,320.23
O00001940,2,985.62
O00001941,3,474.53000000000003
O00001942,3,1045.6999999999998
O00001943,4,333.20000000000005
O00001944,4,1046.44
O00001945,2,318.28
O00001946,1,44.33
O00001947,1,50.66
O00001948,3,166.87
O00001949,3,2002.77
O00001950,1,418.78
O00001951,1,70.39
O00001952,2,177.33
O00001953,1,134.99
O00001954,6,1389.62
O00001955,1,249.07
O00001956,3,919.85
O00001957,1,12.66
O00001958,2,706.6999999999999
O00001959,3,1018.29
O00001960,2,308.56
O00001961,2,204.76
O00001962,4,2150.7599999999998
O00001963,4,1272.62
O00001964,1,100.66
O00001965,3,109.86
O00001966,4,144.93
O00001967,1,513.32
O00001968,1,36.92
O00001969,3,190.14
O00001970,3,464.0
O00001971,6,374.97
O00001972,6,483.59999999999997
O00001973,2,1256.26
O00001974,7,1072.83
O00001975,4,149.55
O00001976,1,69.5
O00001977,2,46.64
O00001978,2,47.16
O00001979,2,1200.52
O00001980,1,133.78
O00001981,3,496.66999999999996
O00001982,3,280.45
O00001983,6,476.97999999999996
O00001984,2,884.4100000000001
O00001985,2,84.5
O00001986,1,6.75
O00001987,2,408.2
O00001988,1,11.4
O00001989,5,181.15
O00001990,1,74.08
O00001991,3,275.17
O00001992,3,761.4300000000001
O00001993,3,64.52
O00001994,2,301.42
O00001995,2,2.22
O00001996,1,41.51
O00001997,5,2254.87
O00001998,3,252.21
O00001999,4,771.5
O00002000,5,2206.39
O00002001,6,532.14
O00002002,7,742.12
O00002003,6,2846.32
O00002004,2,145.28
O00002005,5,66.93
O00002006,4,118.08
O00002007,3,128.86
O00002008,7,943.26
O00002009,4,1748.42
O00002010,3,29.43
O00002011,4,1714.74
O00002012,3,2422.31
O00002013,9,2680.04
O00002014,9,392.28
O00002015,8,2617.2100000000005
O00002016,3,314.1
O00002017,1,422.22
O00002018,1,58.83
O00002019,1,18.61
O00002020,5,706.95
O00002021,4,1916.3500000000001
O00002022,6,718.69
O00002023,2,1680.02
O00002024,3,40.51
O00002025,3,359.24
O00002026,6,348.52
O00002027,7,2292.67
O00002028,4,227.87
O00002029,2,583.68
O00002030,3,866.93
O00002031,2,524.78
O00002032,4,850.4
O00002033,4,1362.28
O00002034,1,54.77
O00002035,1,173.94
O00002036,6,1173.98
O00002037,4,217.35000000000002
O00002038,1,54.46
O00002039,2,267.16
O00002040,2,600.48
O00002041,1,10.52
O00002042,1,26.39
O00002043,2,174.82
O00002044,1,295.84
O00002045,2,791.4399999999999
O00002046,2,77.84
O00002047,2,236.66
O00002048,1,610.48
O00002049,3,107.42
O00002050,4,2208.36
O00002051,2,95.76
O00002052,2,143.81
O00002053,4,452.83
O00002054,1,138.82
O00002055,3,187.74
O00002056,4,757.31
O00002057,1,104.54
O00002058,1,61.14
O00002059,1,98.15
O00002060,4,3941.36
O00002061,1,365.24
O00002062,6,153.4
O00002063,7,2241.7
O00002064,7,588.66
O00002065,2,270.36
O00002066,1,239.55
O00002067,3,408.72
O00002068,8,632.6800000000001
O00002069,5,410.78000000000003
O00002070,1,95.81
O00002071,4,145.01
O00002072,2,582.9
O00002073,4,510.01
O00002074,1,77.63
O00002075,1,29.1
O00002076,3,284.69
O00002077,3,57.13
O00002078,7,628.41
O00002079,3,244.68
O00002080,3,194.02
O00002081,1,769.71
O00002082,1,75.81
O00002083,4,422.35
O00002084,2,18.2
O00002085,3,179.7
O00002086,4,664.74
O00002087,5,1504.1999999999998
O00002088,2,1234.83
O00002089,5,496.2
O00002090,6,329.22
O00002091,3,285.46
O00002092,4,655.0400000000001
O00002093,5,234.57
O00002094,1,201.36
O00002095,6,803.76
O00002096,5,98.46000000000001
O00002097,1,12.42
O00002098,7,188.09
O00002099,3,191.11
O00002100,3,1510.66
O00002101,1,1835.32
O00002102,7,3724.27
O00002103,5,1395.27
O00002104,3,2363.37
O00002105,1,176.48
O00002106,2,72.84
O00002107,1,9.97
O00002108,1,1187.64
O00002109,3,116.25999999999999
O00002110,3,160.10000000000002
O00002111,4,380.96
O00002112,4,550.52
O00002113,4,6166.89
O00002114,4,673.4300000000001
O00002115,1,32.73
O00002116,7,671.63
O00002117,4,251.65
O00002118,6,2577.9
O00002119,1,21.3
O00002120,3,204.54999999999998
O00002121,1,67.52
O00002122,4,548.89
O00002123,4,922.95
O00002124,1,125.28
O00002125,1,60.63
O00002126,3,164.79
O00002127,3,521.26
O00002128,1,957.88
O00002129,5,1410.0500000000002
O00002130,1,734.26
O00002131,6,406.32
O00002132,4,1089.04
O00002133,5,636.71
O00002134,2,194.72
O00002135,3,387.15999999999997
O00002136,5,1323.25
O00002137,1,90.37
O00002138,1,337.06
O00002139,1,83.6
O00002140,2,97.28
O00002141,2,194.01
O00002142,3,1030.17
O00002143,8,1063.6799999999998
O00002144,2,133.96
O00002145,2,1572.18
O00002146,6,5433.42
O00002147,8,2670.0699999999997
O00002148,4,186.45
O00002149,2,142.8
O00002150,1,146.49
O00002151,5,268.42
O00002152,5,243.17
O00002153,4,918.76
O00002154,1,178.96
O00002155,1,701.36
O00002156,2,321.95000000000005
O00002157,5,602.5600000000001
O00002158,6,729.8
O00002159,4,1546.7
O00002160,1,187.33
O00002161,2,75.12
O00002162,1,17.96
O00002163,5,658.91
O00002164,1,2.83
O00002165,3,349.38
O00002166,1,37.71
O00002167,4,290.49
O00002168,3,512.88
O00002169,1,543.31
O00002170,2,116.00999999999999
O00002171,5,942.86
O00002172,6,1373.8
O00002173,2,455.55
O00002174,1,38.32
O00002175,1,17.57
O00002176,1,283.47
O00002177,6,779.8199999999999
O00002178,3,54.45
O00002179,1,79.35
O00002180,4,2088.0
O00002181,3,485.35999999999996
O00002182,3,102.56
O00002183,3,766.91
O00002184,1,250.41
O00002185,2,104.44
O00002186,4,327.86
O00002187,4,856.9
O00002188,5,209.29000000000002
O00002189,5,1254.84
O00002190,3,98.34
O00002191,2,1020.56
O00002192,2,496.21999999999997
O00002193,2,95.19
O00002194,3,42.63
O00002195,1,20.23
O00002196,5,1385.1799999999998
O00002197,1,215.62
O00002198,2,1008.26
O00002199,2,99.23
O00002200,5,434.12
O00002201,2,176.23999999999998
O00002202,1,47.96
O00002203,3,252.94
O00002204,3,886.31
O00002205,1,94.95
O00002206,3,290.37
O00002207,2,94.06
O00002208,1,631.84
O00002209,3,956.6500000000001
O00002210,2,689.24
O00002211,9,1770.55
O00002212,1,462.62
O00002213,6,1002.1200000000001
O00002214,4,648.84
O00002215,4,441.01
O00002216,2,33.58
O00002217,2,604.73
O00002218,1,25.77
O00002219,2,88.96000000000001
O00002220,1,40.24
O00002221,2,103.51
O00002222,1,165.89
O00002223,1,25.97
O00002224,2,240.64
O00002225,2,290.35
O00002226,6,231.03
O00002227,2,84.2
O00002228,2,239.04
O00002229,1,32.11
O00002230,4,3116.49
O00002231,3,1413.59
O00002232,4,272.95
O00002233,5,464.40999999999997
O00002234,2,508.7
O00002235,1,69.34
O00002236,1,21.91
O00002237,8,1457.49
O00002238,3,677.48
O00002239,1,242.11
O00002240,2,251.96
O00002241,2,100.09
O00002242,2,202.72
O00002243,1,25.97
O00002244,6,493.37
O00002245,3,109.08
O00002246,2,561.27
O00002247,1,20.15
O00002248,2,253.57999999999998
O00002249,1,253.94
O00002250,4,293.18
O00002251,1,30.09
O00002252,4,1079.1399999999999
O00002253,3,433.61
O00002254,2,304.76
O00002255,1,6.79
O00002256,2,823.44
O00002257,1,372.7
O00002258,3,576.14
O00002259,3,73.56
O00002260,5,371.77
O00002261,4,521.75
O00002262,2,590.96
O00002263,3,2956.05
O00002264,1,86.16
O00002265,1,291.84
O00002266,3,1059.4099999999999
O00002267,3,1811.55
O00002268,2,324.27
O00002269,7,893.21
O00002270,5,211.4
O00002271,2,117.46
O00002272,2,228.06
O00002273,3,239.36
O00002274,1,505.82
O00002275,1,51.94
O00002276,6,296.51
O00002277,1,13.54
O00002278,2,1938.06
O00002279,1,1535.55
O00002280,1,416.78
O00002281,3,416.76
O00002282,3,286.45000000000005
O00002283,1,180.7
O00002284,6,490.06
O00002285,5,216.73
O00002286,1,9.81
O00002287,1,9.58
O00002288,6,587.22
O00002289,5,401.85999999999996
O00002290,1,47.18
O00002291,4,469.76
O00002292,1,40.54
O00002293,2,54.28
O00002294,3,341.64
O00002295,3,373.74
O00002296,6,1558.73
O00002297,8,1834.97
O00002298,7,1056.79
O00002299,4,71.85
O00002300,4,140.95
O00002301,2,211.03
O00002302,1,23.76
O00002303,3,656.5500000000001
O00002304,4,390.42999999999995
O00002305,2,260.33000000000004
O00002306,4,186.17000000000002
O00002307,1,64.22
O00002308,2,148.89000000000001
O00002309,1,210.39
O00002310,1,949.73
O00002311,3,1017.1899999999999
O00002312,6,2002.3500000000001
O00002313,7,1008.67
O00002314,5,329.46000000000004
O00002315,3,201.94
O00002316,7,231.05
O00002317,7,1470.93
O00002318,2,925.24
O00002319,3,76.34
O00002320,1,134.95
O00002321,2,599.6
O00002322,2,1017.84
O00002323,2,42.04
O00002324,5,131.23
O00002325,3,268.78999999999996
O00002326,4,436.44
O00002327,3,92.38
O00002328,1,18.77
O00002329,3,121.08
O00002330,1,76.4
O00002331,3,215.95
O00002332,3,51.510000000000005
O00002333,1,127.21
O00002334,3,1375.1399999999999
O00002335,5,746.4
O00002336,2,309.57
O00002337,5,3158.2200000000003
O00002338,1,23.33
O00002339,4,205.98000000000002
O00002340,6,758.31
O00002341,4,519.54
O00002342,6,1700.1
O00002343,7,1181.3600000000001
O00002344,5,215.53
O00002345,4,263.96
O00002346,6,873.8900000000001
O00002347,6,1117.6699999999998
O00002348,3,45.96
O00002349,2,48.4
O00002350,6,2195.57
O00002351,3,297.48
O00002352,1,273.91
O00002353,1,19.76
O00002354,6,894.69
O00002355,1,300.24
O00002356,2,77.08
O00002357,3,252.85
O00002358,1,210.39
O00002359,3,96.75
O00002360,3,140.56
O00002361,7,1500.55
O00002362,5,1008.77
O00002363,2,225.23000000000002
O00002364,4,1967.04
O00002365,3,919.1700000000001
O00002366,3,214.56
O00002367,7,1258.3700000000001
O00002368,2,1145.84
O00002369,1,1011.71
O00002370,3,805.78
O00002371,1,115.22
O00002372,5,1461.94
O00002373,3,850.18
O00002374,2,192.42000000000002
O00002375,3,244.04999999999998
O00002376,2,130.49
O00002377,8,835.26
O00002378,4,436.11
O00002379,2,578.39
O00002380,1,45.55
O00002381,2,26.28
O00002382,1,55.21
O00002383,1,278.74
O00002384,1,129.49
O00002385,9,1572.73
O00002386,1,110.72
O00002387,2,355.35
O00002388,1,21.91
O00002389,3,1588.62
O00002390,1,401.23
O00002391,3,2520.03
O00002392,3,1060.41
O00002393,4,2835.79
O00002394,3,4022.28
O00002395,2,399.56
O00002396,4,2954.41
O00002397,3,1794.21
O00002398,2,234.41
O00002399,2,36.52
O00002400,2,213.98
O00002401,1,252.09
O00002402,3,183.35
O00002403,2,1022.65
O00002404,5,499.20000000000005
O00002405,3,690.36
O00002406,3,896.3699999999999
O00002407,9,444.65
O00002408,3,957.45
O00002409,1,97.72
O00002410,1,513.32
O00002411,4,594.19
O00002412,1,318.63
O00002413,3,223.96
O00002414,4,197.97
O00002415,8,845.79
O00002416,2,766.52
O00002417,7,3072.82
O00002418,4,4264.37
O00002419,1,168.0
O00002420,3,114.93
O00002421,4,147.71
O00002422,1,501.37
O00002423,3,445.35999999999996
O00002424,3,213.10999999999999
O00002425,8,493.01
O00002426,3,27.84
O00002427,6,718.4000000000001
O00002428,3,253.95
O00002429,1,139.06
O00002430,6,227.36
O00002431,2,626.2900000000001
O00002432,3,634.73
O00002433,5,1026.74
O00002434,1,186.05
O00002435,1,5.58
O00002436,7,1159.41
O00002437,5,338.09000000000003
O00002438,1,178.76
O00002439,1,9.97
O00002440,3,312.27
O00002441,4,427.14
O00002442,5,656.95
O00002443,1,1.11
O00002444,8,550.11
O00002445,1,59.96
O00002446,5,521.7
O00002447,3,436.12
O00002448,2,80.84
O00002449,1,215.6
O00002450,1,207.26
O00002451,1,278.14
O00002452,3,345.20000000000005
O00002453,4,604.62
O00002454,4,361.06
O00002455,1,87.46
O00002456,2,1355.2
O00002457,1,69.15
O00002458,1,50.96
O00002459,2,107.61
O00002460,2,1693.22
O00002461,2,55.82
O00002462,6,887.46
O00002463,3,196.76
O00002464,3,1007.03
O00002465,1,159.14
O00002466,3,108.64000000000001
O00002467,1,163.19
O00002468,2,645.04
O00002469,1,104.54
O00002470,3,420.69
O00002471,3,163.54000000000002
O00002472,1,81.47
O00002473,1,349.01
O00002474,2,116.22
O00002475,1,20.92
O00002476,1,10.29
O00002477,1,109.53
O00002478,1,45.74
O00002479,3,810.5300000000001
O00002480,2,152.36
O00002481,5,550.48
O00002482,2,242.34
O00002483,4,644.14
O00002484,3,289.65
O00002485,5,1304.52
O00002486,3,538.65
O00002487,7,1501.7
O00002488,1,148.66
O00002489,1,238.08
O00002490,3,115.25999999999999
O00002491,1,337.06
O00002492,3,130.88
O00002493,5,909.02
O00002494,3,377.65
O00002495,3,258.34000000000003
O00002496,8,2893.6400000000003
O00002497,4,176.25
O00002498,4,1202.77
O00002499,1,210.39
O00002500,3,1017.63
O00002501,4,821.1
O00002502,1,157.0
O00002503,2,896.16
O00002504,2,979.03
O00002505,4,786.8499999999999
O00002506,7,1310.78
O00002507,7,370.90000000000003
O00002508,1,177.64
O00002509,5,398.93
O00002510,5,341.88
O00002511,2,38.18
O00002512,1,398.82
O00002513,1,63.96
O00002514,3,441.33
O00002515,3,793.59
O00002516,4,569.04
O00002517,2,200.4
O00002518,1,108.38
O00002519,3,64.45
O00002520,3,101.99000000000001
O00002521,4,309.73
O00002522,7,518.24
O00002523,2,72.08
O00002524,1,697.76
O00002525,2,637.4300000000001
O00002526,8,1588.08
O00002527,3,96.89
O00002528,1,8.2
O00002529,2,65.56
O00002530,1,132.56
O00002531,2,333.28
O00002532,5,493.86
O00002533,3,169.78
O00002534,1,283.47
O00002535,6,1103.1100000000001
O00002536,2,238.04
O00002537,10,4734.87
O00002538,2,188.15
O00002539,4,348.09999999999997
O00002540,3,367.9
O00002541,6,502.87
O00002542,5,1137.23
O00002543,4,990.89
O00002544,4,472.74
O00002545,2,30.52
O00002546,4,202.62
O00002547,5,162.95000000000002
O00002548,1,7.92
O00002549,1,168.32
O00002550,3,142.9
O00002551,2,110.98
O00002552,3,332.16
O00002553,4,172.92000000000002
O00002554,5,950.75
O00002555,3,228.33999999999997
O00002556,3,1216.22
O00002557,2,155.39
O00002558,5,895.68
O00002559,1,57.87
O00002560,7,1452.55
O00002561,1,130.95
O00002562,6,1046.6599999999999
O00002563,6,1469.38
O00002564,5,1781.38
O00002565,4,253.68
O00002566,5,1072.76
O00002567,5,914.83
O00002568,4,954.9
O00002569,3,256.19
O00002570,2,74.46
O00002571,3,14.04
O00002572,2,122.27
O00002573,4,289.14
O00002574,6,3313.67
O00002575,6,2036.5700000000002
O00002576,10,798.14
O00002577,1,64.27
O00002578,1,168.25
O00002579,4,488.69000000000005
O00002580,3,159.78
O00002581,2,94.57
O00002582,1,157.51
O00002583,1,71.29
O00002584,3,496.36
O00002585,8,3404.65
O00002586,1,65.6
O00002587,1,12.76
O00002588,1,386.33
O00002589,4,415.91
O00002590,1,150.71
O00002591,2,129.29
O00002592,5,1756.19
O00002593,3,551.01
O00002594,4,537.55
O00002595,1,27.24
O00002596,2,350.58
O00002597,7,3058.66
O00002598,1,9.58
O00002599,7,1611.3
O00002600,3,204.01
O00002601,3,185.13
O00002602,7,1863.26
O00002603,5,354.09000000000003
O00002604,6,393.03
O00002605,5,299.27
O00002606,1,83.11
O00002607,2,28.509999999999998
O00002608,8,919.54
O00002609,3,252.43
O00002610,4,1117.6599999999999
O00002611,2,68.69
O00002612,6,165.96
O00002613,1,319.15
O00002614,2,42.3
O00002615,6,946.47
O00002616,2,117.10000000000001
O00002617,2,686.56
O00002618,1,206.86
O00002619,3,58.68
O00002620,8,1291.71
O00002621,4,358.5
O00002622,7,1124.1299999999999
O00002623,1,17.6
O00002624,1,359.12
O00002625,2,45.43
O00002626,3,897.46
O00002627,6,1444.95
O00002628,1,152.1
O00002629,3,201.43
O00002630,1,1.78
O00002631,2,117.48
O00002632,3,513.58
O00002633,3,175.55
O00002634,1,101.97
O00002635,1,846.61
O00002636,2,80.38
O00002637,5,476.01
O00002638,3,100.64999999999999
O00002639,3,585.71
O00002640,3,715.38
O00002641,5,2372.85
O00002642,3,669.84
O00002643,3,197.28
O00002644,3,136.64000000000001
O00002645,5,1561.73
O00002646,2,999.2
O00002647,1,331.98
O00002648,2,722.96
O00002649,5,424.07
O00002650,5,3626.14
O00002651,7,2538.38
O00002652,2,139.12
O00002653,5,1130.1999999999998
O00002654,4,184.79999999999998
O00002655,1,460.66
O00002656,6,581.33
O00002657,2,56.75
O00002658,1,992.56
O00002659,6,479.14
O00002660,1,10.39
O00002661,2,402.6
O00002662,1,70.23
O00002663,1,40.14
O00002664,1,61.35
O00002665,4,234.25
O00002666,3,200.82
O00002667,5,914.3
O00002668,6,2675.55
O00002669,7,2130.25
O00002670,4,146.17000000000002
O00002671,4,154.81
O00002672,2,92.8
O00002673,3,1157.03
O00002674,4,581.06
O00002675,2,720.58
O00002676,2,530.14
O00002677,4,1385.17
O00002678,2,1728.38
O00002679,1,435.72
O00002680,4,254.86
O00002681,2,114.34
O00002682,3,1837.9099999999999
O00002683,2,504.18
O00002684,3,202.56
O00002685,6,398.93
O00002686,1,207.26
O00002687,1,957.88
O00002688,2,1623.98
O00002689,5,1377.68
O00002690,5,362.27
O00002691,5,337.27
O00002692,5,1021.03
O00002693,1,238.36
O00002694,1,50.01
O00002695,3,955.8299999999999
O00002696,8,1201.02
O00002697,6,2348.53
O00002698,4,1344.09
O00002699,8,537.22
O00002700,5,3051.5099999999998
O00002701,5,1314.8
O00002702,8,433.97
O00002703,3,573.1800000000001
O00002704,4,2913.91
O00002705,1,180.4
O00002706,5,769.5799999999999
O00002707,1,37.59
O00002708,3,604.08
O00002709,4,2462.2000000000003
O00002710,3,100.76
O00002711,1,98.79
O00002712,2,271.76
O00002713,2,1728.38
O00002714,2,282.65
O00002715,12,4918.02
O00002716,2,336.5
O00002717,7,347.98
O00002718,4,1427.85
O00002719,2,553.91
O00002720,5,457.45
O00002721,4,55.19
O00002722,3,231.3
O00002723,1,9.58
O00002724,4,285.45
O00002725,2,263.55
O00002726,1,55.25
O00002727,3,95.91
O00002728,4,195.92000000000002
O00002729,4,273.16
O00002730,1,113.98
O00002731,6,349.03
O00002732,3,716.72
O00002733,1,67.52
O00002734,1,48.64
O00002735,4,1092.71
O00002736,1,82.68
O00002737,6,2372.99
O00002738,2,1065.91
O00002739,6,450.44
O00002740,7,385.5
O00002741,2,448.63
O00002742,1,53.8
O00002743,3,151.18
O00002744,3,29.43
O00002745,1,68.81
O00002746,4,225.05
O00002747,2,148.73
O00002748,1,19.14
O00002749,3,178.18
O00002750,1,503.48
O00002751,1,77.3
O00002752,6,1388.69
O00002753,2,143.51999999999998
O00002754,6,675.1899999999999
O00002755,6,1338.76
O00002756,3,84.27
O00002757,6,569.8199999999999
O00002758,3,1257.3700000000001
O00002759,2,282.42
O00002760,2,73.78
O00002761,2,1298.36
O00002762,1,71.52
O00002763,5,1077.3
O00002764,2,333.28
O00002765,2,73.88
O00002766,2,48.769999999999996
O00002767,3,397.0
O00002768,4,353.02
O00002769,1,576.97
O00002770,4,539.81
O00002771,4,4231.46
O00002772,4,65.61
O00002773,4,473.59
O00002774,1,651.6
O00002775,6,395.69
O00002776,4,136.65
O00002777,4,965.15
O00002778,4,194.17000000000002
O00002779,2,11.58
O00002780,1,224.43
O00002781,4,203.04000000000002
O00002782,1,148.87
O00002783,1,190.22
O00002784,2,336.44
O00002785,3,435.35
O00002786,1,142.59
O00002787,4,1840.0500000000002
O00002788,4,180.3
O00002789,2,200.18
O00002790,1,1097.96
O00002791,4,371.53
O00002792,4,149.1
O00002793,6,592.67
O00002794,5,1517.11
O00002795,2,31.26
O00002796,4,358.37
O00002797,2,60.18
O00002798,1,1028.88
O00002799,5,1039.16
O00002800,4,489.78000000000003
O00002801,5,1036.3300000000002
O00002802,7,1015.34
O00002803,5,844.36
O00002804,1,32.46
O00002805,1,34.58
O00002806,4,94.27000000000001
O00002807,5,283.11
O00002808,3,8.97
O00002809,6,2089.1800000000003
O00002810,5,448.81000000000006
O00002811,4,3237.12
O00002812,1,18.38
O00002813,1,19.35
O00002814,1,106.67
O00002815,3,423.73
O00002816,6,135.45000000000002
O00002817,3,93.24
O00002818,5,497.16
O00002819,4,72.51
O00002820,1,52.77
O00002821,5,1833.85
O00002822,5,541.45
O00002823,2,1476.04
O00002824,3,320.13
O00002825,1,7.42
O00002826,1,247.43
O00002827,3,476.3
O00002828,3,360.18
O00002829,2,317.1
O00002830,2,79.29
O00002831,7,1114.47
O00002832,4,579.73
O00002833,4,145.55
O00002834,1,7.76
O00002835,1,26.79
O00002836,4,526.05
O00002837,3,675.24
O00002838,3,371.83
O00002839,4,363.5
O00002840,1,12.76
O00002841,1,2.83
O00002842,1,138.24
O00002843,2,81.87
O00002844,1,49.59
O00002845,1,49.73
O00002846,1,3.69
O00002847,2,395.19
O00002848,2,268.77
O00002849,1,49.21
O00002850,2,1602.43
O00002851,3,657.93
O00002852,6,508.48999999999995
O00002853,7,196.18
O00002854,5,807.3199999999999
O00002855,4,625.55
O00002856,7,428.86
O00002857,4,1748.95
O00002858,2,165.54
O00002859,3,158.99
O00002860,1,158.55
O00002861,3,112.47
O00002862,5,498.14
O00002863,3,1088.52
O00002864,3,2186.91
O00002865,1,127.42
O00002866,9,780.84
O00002867,3,57.42
O00002868,3,8.25
O00002869,4,310.13
O00002870,2,526.72
O00002871,3,219.57999999999998
O00002872,9,2876.8599999999997
O00002873,3,1217.9
O00002874,4,443.73
O00002875,1,548.83
O00002876,7,331.83
O00002877,2,133.65
O00002878,2,561.4799999999999
O00002879,3,202.62
O00002880,1,5.11
O00002881,4,502.86
O00002882,5,681.9
O00002883,6,745.01
O00002884,6,1089.14
O00002885,2,224.93
O00002886,9,1259.5
O00002887,10,2768.1600000000003
O00002888,1,1206.17
O00002889,3,535.28
O00002890,2,119.81
O00002891,2,78.42
O00002892,4,607.55
O00002893,2,126.86000000000001
O00002894,6,1474.44
O00002895,4,965.72
O00002896,2,426.5
O00002897,1,5.28
O00002898,8,2075.57
O00002899,7,894.33
O00002900,2,1418.75
O00002901,6,5323.75
O00002902,2,39.42
O00002903,1,106.81
O00002904,5,175.25
O00002905,4,653.44
O00002906,6,452.88
O00002907,3,147.2
O00002908,2,347.88
O00002909,2,736.9100000000001
O00002910,1,811.5
O00002911,2,120.46
O00002912,5,311.96
O00002913,3,171.17000000000002
O00002914,1,494.84
O00002915,2,49.480000000000004
O00002916,3,2601.96
O00002917,2,484.22
O00002918,1,212.46
O00002919,1,13.24
O00002920,1,894.8
O00002921,2,206.81
O00002922,1,631.84
O00002923,3,1324.11
O00002924,4,283.74
O00002925,2,97.28999999999999
O00002926,8,1022.9699999999999
O00002927,2,383.78
O00002928,1,254.74
O00002929,1,992.56
O00002930,7,2857.11
O00002931,3,1718.18
O00002932,1,47.03
O00002933,1,168.44
O00002934,3,162.39
O00002935,10,374.89
O00002936,1,106.52
O00002937,3,201.3
O00002938,3,214.38
O00002939,1,83.52
O00002940,1,138.24
O00002941,7,1265.08
O00002942,5,173.42000000000002
O00002943,4,251.74
O00002944,1,108.5
O00002945,3,29.76
O00002946,8,835.23
O00002947,1,23.92
O00002948,1,2.48
O00002949,2,168.96
O00002950,2,132.32
O00002951,2,260.49
O00002952,2,248.68
O00002953,1,1463.26
O00002954,4,602.47
O00002955,2,213.62
O00002956,2,33.72
O00002957,1,83.34
O00002958,1,123.68
O00002959,1,170.53
O00002960,2,229.38
O00002961,2,108.58
O00002962,4,466.15
O00002963,2,41.3
O00002964,4,209.76000000000002
O00002965,2,106.32
O00002966,1,7.37
O00002967,2,451.74
O00002968,3,302.09000000000003
O00002969,2,755.62
O00002970,4,491.31
O00002971,1,57.18
O00002972,1,105.35
O00002973,2,1394.14
O00002974,6,1493.61
O00002975,2,314.22
O00002976,2,98.13999999999999
O00002977,2,273.0
O00002978,8,1087.56
O00002979,2,435.56
O00002980,1,27.19
O00002981,1,118.17
O00002982,2,224.82
O00002983,2,600.09
O00002984,1,1075.65
O00002985,1,59.97
O00002986,2,70.04
O00002987,3,722.89
O00002988,5,1431.97
O00002989,5,2540.92
O00002990,6,349.64
O00002991,3,329.61
O00002992,5,559.03
O00002993,1,54.93
O00002994,7,469.42
O00002995,1,18.65
O00002996,1,55.76
O00002997,1,1006.47
O00002998,1,36.53
O00002999,4,396.76
O00003000,4,675.53
O00003001,4,1179.52
O00003002,3,739.49
O00003003,2,123.36
O00003004,1,367.54
O00003005,6,243.32999999999998
O00003006,1,68.37
O00003007,3,781.5899999999999
O00003008,1,63.31
O00003009,4,557.04
O00003010,6,498.84000000000003
O00003011,3,1304.01
O00003012,1,45.28
O00003013,5,3447.8599999999997
O00003014,6,477.34999999999997
O00003015,4,423.15999999999997
O00003016,5,275.58
O00003017,1,166.37
O00003018,3,588.32
O00003019,6,1083.76
O00003020,3,1318.53
O00003021,4,292.09000000000003
O00003022,1,88.96
O00003023,4,2652.75
O00003024,1,10.2
O00003025,1,63.48
O00003026,3,1605.41
O00003027,1,63.33
O00003028,3,569.6500000000001
O00003029,6,425.07
O00003030,3,164.15
O00003031,9,510.98
O00003032,3,3863.85
O00003033,7,1640.2399999999998
O00003034,6,1403.71
O00003035,3,115.86000000000001
O00003036,3,251.14
O00003037,2,81.07
O00003038,3,194.22
O00003039,4,617.7900000000001
O00003040,3,392.46
O00003041,3,337.47
O00003042,1,55.28
O00003043,4,83.67
O00003044,3,336.84
O00003045,1,26.05
O00003046,2,742.6600000000001
O00003047,5,570.0500000000001
O00003048,4,888.9
O00003049,2,292.34
O00003050,2,192.22
O00003051,1,331.98
O00003052,1,30.01
O00003053,4,313.09999999999997
O00003054,1,74.41
O00003055,1,21.91
O00003056,5,347.0
O00003057,4,488.3
O00003058,2,114.6
O00003059,7,138.20000000000002
O00003060,3,1507.76
O00003061,1,114.66
O00003062,1,64.63
O00003063,1,72.49
O00003064,9,2924.2200000000003
O00003065,2,305.47
O00003066,6,855.42
O00003067,1,153.71
O00003068,5,118.82000000000001
O00003069,2,702.55
O00003070,5,1878.8600000000001
O00003071,1,133.58
O00003072,3,1524.92
O00003073,2,177.36
O00003074,3,109.26
O00003075,3,755.76
O00003076,5,1167.94
O00003077,2,239.13
O00003078,4,517.53
O00003079,2,964.82
O00003080,2,58.019999999999996
O00003081,2,985.28
O00003082,2,119.03999999999999
O00003083,1,675.42
O00003084,5,1205.8600000000001
O00003085,3,814.55
O00003086,3,254.12
O00003087,3,959.75
O00003088,1,65.21
O00003089,3,169.51
O00003090,1,300.24
O00003091,1,44.29
O00003092,4,363.46999999999997
O00003093,4,361.34999999999997
O00003094,2,30.259999999999998
O00003095,3,469.87
O00003096,1,335.61
O00003097,3,555.03
O00003098,1,9.32
O00003099,8,673.64
O00003100,2,827.39
O00003101,6,600.99
O00003102,7,2797.11
O00003103,3,1859.7400000000002
O00003104,2,107.00999999999999
O00003105,4,165.32
O00003106,4,1460.8400000000001
O00003107,1,90.82
O00003108,9,1960.92
O00003109,1,369.87
O00003110,2,227.93
O00003111,3,418.93
O00003112,2,590.62
O00003113,3,54.17
O00003114,3,209.32999999999998
O00003115,4,633.0899999999999
O00003116,2,52.14
O00003117,6,1292.79
O00003118,7,1708.37
O00003119,2,139.64000000000001
O00003120,2,52.0
O00003121,5,121.02000000000001
O00003122,2,82.14999999999999
O00003123,2,420.78
O00003124,4,1761.71
O00003125,5,1312.02
O00003126,1,21.91
O00003127,3,155.25
O00003128,4,922.47
O00003129,1,18.37
O00003130,1,21.38
O00003131,1,92.91
O00003132,3,287.94
O00003133,1,34.17
O00003134,1,50.96
O00003135,7,2966.9
O00003136,3,569.3
O00003137,3,393.85
O00003138,2,194.2
O00003139,7,1116.51
O00003140,4,540.6800000000001
O00003141,2,521.11
O00003142,1,360.29
O00003143,4,57.36
O00003144,3,391.77
O00003145,2,874.08
O00003146,3,170.65
O00003147,2,52.93
O00003148,1,209.1
O00003149,2,941.14
O00003150,5,1345.07
O00003151,3,1256.05
O00003152,2,1350.84
O00003153,2,294.22
O00003154,3,62.97
O00003155,3,410.22
O00003156,6,737.27
O00003157,7,186.91000000000003
O00003158,2,153.18
O00003159,1,168.03
O00003160,2,411.48
O00003161,1,253.68
O00003162,1,386.33
O00003163,7,127.92
O00003164,2,264.32
O00003165,3,314.54
O00003166,3,63.45
O00003167,1,46.12
O00003168,1,658.02
O00003169,2,12.14
O00003170,1,112.79
O00003171,3,869.22
O00003172,3,395.99
O00003173,3,294.65999999999997
O00003174,3,347.11
O00003175,1,79.55
O00003176,4,117.69
O00003177,2,144.11
O00003178,2,800.84
O00003179,1,34.94
O00003180,3,247.77
O00003181,4,1059.52
O00003182,4,66.69999999999999
O00003183,1,45.74
O00003184,3,873.1
O00003185,3,384.93
O00003186,1,87.48
O00003187,8,1778.1399999999999
O00003188,1,109.92
O00003189,3,691.47
O00003190,4,2348.4500000000003
O00003191,7,728.79
O00003192,2,708.58
O00003193,3,150.95
O00003194,2,267.16
O00003195,1,75.93
O00003196,6,492.80000000000007
O00003197,2,182.95999999999998
O00003198,3,24.72
O00003199,6,760.68
O00003200,4,311.83000000000004
O00003201,2,712.65
O00003202,2,694.8800000000001
O00003203,7,6340.4
O00003204,1,72.4
O00003205,2,70.8
O00003206,5,560.16
O00003207,3,1269.7900000000002
O00003208,2,431.0
O00003209,4,983.6500000000001
O00003210,6,3236.7
O00003211,6,1497.3000000000002
O00003212,4,161.87
O00003213,2,155.33999999999997
O00003214,1,32.78
O00003215,5,462.83
O00003216,2,542.3100000000001
O00003217,1,92.36
O00003218,5,727.45
O00003219,5,431.07
O00003220,1,1016.69
O00003221,3,195.22000000000003
O00003222,2,708.98
O00003223,1,21.38
O00003224,1,98.25
O00003225,3,970.78
O00003226,2,273.25
O00003227,2,61.86
O00003228,3,302.45000000000005
O00003229,4,680.88
O00003230,3,60.78
O00003231,3,1262.82
O00003232,4,463.81
O00003233,5,936.6
O00003234,2,236.66
O00003235,4,172.9
O00003236,1,45.18
O00003237,5,550.41
O00003238,5,1193.28
O00003239,6,2237.08
O00003240,4,265.85
O00003241,5,1989.5
O00003242,1,39.96
O00003243,2,263.5
O00003244,1,313.89
O00003245,2,790.3
O00003246,1,109.92
O00003247,2,321.48
O00003248,3,889.5
O00003249,3,177.39
O00003250,2,519.22
O00003251,2,119.92
O00003252,1,23.92
O00003253,1,130.87
O00003254,1,44.46
O00003255,5,200.26999999999998
O00003256,1,180.9
O00003257,3,1580.33
O00003258,2,75.0
O00003259,2,1129.33
O00003260,1,59.96
O00003261,3,195.54999999999998
O00003262,3,616.85
O00003263,2,730.3
O00003264,4,857.26
O00003265,1,26.07
O00003266,1,51.94
O00003267,1,84.7
O00003268,2,165.54
O00003269,4,417.25999999999993
O00003270,1,327.68
O00003271,3,169.82
O00003272,1,52.33
O00003273,1,253.18
O00003274,1,401.3
O00003275,1,254.74
O00003276,2,1268.43
O00003277,5,177.72
O00003278,2,269.9
O00003279,2,125.8
O00003280,10,3808.4600000000005
O00003281,1,103.54
O00003282,3,156.3
O00003283,3,78.46000000000001
O00003284,1,236.97
O00003285,1,75.93
O00003286,5,796.2099999999999
O00003287,4,218.26999999999998
O00003288,2,34.12
O00003289,3,1228.83
O00003290,6,646.37
O00003291,2,61.52
O00003292,6,748.52
O00003293,4,1403.85
O00003294,2,63.4
O00003295,1,118.8
O00003296,3,556.38
O00003297,1,77.99
O00003298,2,255.8
O00003299,2,16.1
O00003300,3,490.31
O00003301,2,331.63
O00003302,3,656.85
O00003303,2,102.1
O00003304,5,159.3
O00003305,8,521.5
O00003306,1,137.82
O00003307,4,442.80999999999995
O00003308,2,152.8
O00003309,2,155.15
O00003310,3,48.42
O00003311,1,651.6
O00003312,5,508.65
O00003313,3,1477.44
O00003314,5,1873.62
O00003315,1,49.09
O00003316,4,174.47
O00003317,1,71.29
O00003318,2,356.88
O00003319,1,142.27
O00003320,1,130.87
O00003321,5,353.28000000000003
O00003322,5,799.96
O00003323,1,13.83
O00003324,2,107.41
O00003325,1,529.06
O00003326,4,1543.81
O00003327,4,1279.5
O00003328,2,372.96000000000004
O00003329,5,444.8
O00003330,1,129.7
O00003331,2,301.06
O00003332,4,150.08
O00003333,2,100.13
O00003334,6,346.58
O00003335,1,36.54
O00003336,4,287.88
O00003337,4,145.92
O00003338,1,305.42
O00003339,4,3207.86
O00003340,7,1898.34
O00003341,4,2142.16
O00003342,4,626.98
O00003343,1,21.12
O00003344,1,219.72
O00003345,2,185.82
O00003346,1,84.37
O00003347,5,406.13
O00003348,1,104.38
O00003349,1,103.54
O00003350,1,62.75
O00003351,3,1196.58
O00003352,4,2548.3
O00003353,4,1436.38
O00003354,4,47.010000000000005
O00003355,5,2562.54
O00003356,1,37.59
O00003357,1,26.79
O00003358,3,1389.24
O00003359,6,2171.31
O00003360,10,4103.49
O00003361,2,570.99
O00003362,3,1587.18
O00003363,2,196.96
O00003364,3,45.87
O00003365,3,256.25
O00003366,4,1431.4199999999998
O00003367,2,83.14
O00003368,1,7.92
O00003369,1,9.97
O00003370,3,194.62
O00003371,1,56.18
O00003372,3,625.02
O00003373,2,175.04
O00003374,1,369.87
O00003375,5,922.0999999999999
O00003376,1,103.58
O00003377,3,2811.7700000000004
O00003378,1,91.4
O00003379,3,421.83000000000004
O00003380,2,67.28
O00003381,2,446.85
O00003382,4,193.67000000000002
O00003383,2,40.3
O00003384,2,220.12
O00003385,5,211.61
O00003386,1,155.2
O00003387,1,9.27
O00003388,1,75.4
O00003389,2,1424.38
O00003390,2,1093.26
O00003391,6,273.5
O00003392,4,205.33
O00003393,1,151.39
O00003394,3,158.26
O00003395,1,18.37
O00003396,1,667.59
O00003397,1,1077.43
O00003398,1,118.8
O00003399,2,126.16
O00003400,3,473.37
O00003401,6,1474.25
O00003402,4,173.60999999999999
O00003403,7,1857.72
O00003404,6,1365.33
O00003405,3,173.97
O00003406,3,501.21
O00003407,3,123.97
O00003408,2,436.4
O00003409,1,69.5
O00003410,2,621.77
O00003411,3,534.48
O00003412,4,160.07
O00003413,6,436.13
O00003414,6,711.9399999999999
O00003415,2,378.6
O00003416,8,3554.99
O00003417,4,1001.1300000000001
O00003418,3,569.52
O00003419,5,104.28
O00003420,1,484.18
O00003421,3,831.9399999999999
O00003422,3,965.42
O00003423,3,2487.88
O00003424,3,806.28
O00003425,3,584.3
O00003426,1,202.11
O00003427,4,213.0
O00003428,1,185.03
O00003429,1,56.05
O00003430,2,26.48
O00003431,7,347.36
O00003432,4,178.17
O00003433,5,688.45
O00003434,1,54.48
O00003435,4,492.82
O00003436,2,259.24
O00003437,4,599.6
O00003438,4,631.57
O00003439,4,731.7499999999999
O00003440,3,120.05
O00003441,1,4.68
O00003442,5,657.63
O00003443,1,55.76
O00003444,3,125.42999999999999
O00003445,1,278.74
O00003446,3,166.22
O00003447,1,100.06
O00003448,2,336.06
O00003449,4,922.8299999999999
O00003450,3,238.3
O00003451,5,554.8100000000001
O00003452,6,1136.31
O00003453,3,184.42000000000002
O00003454,3,908.15
O00003455,2,333.66
O00003456,3,130.26
O00003457,2,1010.15
O00003458,3,245.04
O00003459,2,116.62
O00003460,3,37.56
O00003461,2,374.96
O00003462,1,164.35
O00003463,2,585.66
O00003464,4,1393.83
O00003465,1,42.5
O00003466,1,864.19
O00003467,4,966.05
O00003468,1,56.6
O00003469,1,72.71
O00003470,3,222.45
O00003471,7,220.44
O00003472,1,728.97
O00003473,1,16.86
O00003474,2,156.22
O00003475,5,1832.1599999999999
O00003476,2,273.48
O00003477,2,359.27
O00003478,4,184.4
O00003479,7,920.69
O00003480,1,110.72
O00003481,3,319.44
O00003482,1,811.5
O00003483,1,270.77
O00003484,2,364.93999999999994
O00003485,1,112.71
O00003486,4,267.15
O00003487,1,661.52
O00003488,1,291.84
O00003489,3,406.46
O00003490,1,97.72
O00003491,3,134.1
O00003492,4,102.28
O00003493,4,2025.69
O00003494,2,386.11
O00003495,5,744.98
O00003496,1,77.63
O00003497,1,234.99
O00003498,1,99.56
O00003499,3,91.83
O00003500,3,444.99
O00003501,2,153.79999999999998
O00003502,2,684.0699999999999
O00003503,1,570.57
O00003504,7,352.53999999999996
O00003505,2,201.92000000000002
O00003506,6,286.17
O00003507,3,80.37
O00003508,1,33.41
O00003509,3,234.66
O00003510,4,361.67
O00003511,5,927.3900000000001
O00003512,2,174.79
O00003513,4,758.75
O00003514,3,1836.6299999999999
O00003515,5,986.48
O00003516,5,272.18
O00003517,1,125.28
O00003518,1,110.1
O00003519,5,3400.0800000000004
O00003520,1,26.31
O00003521,1,26.54
O00003522,5,810.55
O00003523,1,531.53
O00003524,4,261.12
O00003525,2,10.58
O00003526,4,1127.87
O00003527,2,28.66
O00003528,4,171.05
O00003529,4,1181.94
O00003530,2,1228.93
O00003531,7,304.56
O00003532,4,2088.19
O00003533,4,592.06
O00003534,3,251.94
O00003535,3,422.69
O00003536,1,228.38
O00003537,3,312.87
O00003538,1,840.01
O00003539,4,410.68
O00003540,1,61.35
O00003541,2,661.96
O00003542,6,2325.01
O00003543,1,152.1
O00003544,2,70.16
O00003545,5,205.97
O00003546,6,2039.42
O00003547,1,157.79
O00003548,1,18.37
O00003549,1,297.5
O00003550,2,513.2
O00003551,3,242.52
O00003552,3,1018.28
O00003553,2,303.31
O00003554,4,300.84000000000003
O00003555,1,97.57
O00003556,1,82.68
O00003557,2,274.98
O00003558,2,106.32
O00003559,4,241.36
O00003560,1,18.15
O00003561,6,533.14
O00003562,3,296.43
O00003563,1,55.21
O00003564,1,33.02
O00003565,1,202.11
O00003566,2,251.34
O00003567,2,31.869999999999997
O00003568,4,116.27
O00003569,4,44.73
O00003570,1,31.17
O00003571,1,85.79
O00003572,4,468.57
O00003573,2,303.68
O00003574,1,39.34
O00003575,2,1328.19
O00003576,7,1094.77
O00003577,1,27.21
O00003578,4,582.97
O00003579,1,147.47
O00003580,6,1695.0
O00003581,1,26.49
O00003582,3,296.36
O00003583,8,577.85
O00003584,2,95.33
O00003585,1,70.7
O00003586,2,1076.84
O00003587,1,9.49
O00003588,1,23.28
O00003589,1,143.79
O00003590,3,1362.77
O00003591,5,690.0600000000001
O00003592,1,36.34
O00003593,4,1848.24
O00003594,2,40.82
O00003595,4,3073.26
O00003596,4,1105.1399999999999
O00003597,1,157.95
O00003598,1,8.99
O00003599,3,298.16
O00003600,1,42.15
O00003601,4,693.62
O00003602,5,189.48999999999998
O00003603,3,266.91
O00003604,3,1033.86
O00003605,2,807.9
O00003606,4,626.7099999999999
O00003607,6,2179.69
O00003608,2,125.48
O00003609,2,291.39
O00003610,1,157.61
O00003611,1,75.81
O00003612,3,356.92999999999995
O00003613,5,903.27
O00003614,5,3861.0599999999995
O00003615,3,954.63
O00003616,1,45.55
O00003617,2,724.46
O00003618,7,443.71999999999997
O00003619,4,1040.44
O00003620,1,20.68
O00003621,1,187.99
O00003622,3,206.04
O00003623,2,361.42
O00003624,4,297.31000000000006
O00003625,4,5334.36
O00003626,3,1324.11
O00003627,1,368.82
O00003628,1,83.11
O00003629,1,85.46
O00003630,3,1597.1000000000001
O00003631,3,1315.38
O00003632,4,111.65
O00003633,1,189.79
O00003634,1,1151.47
O00003635,4,723.75
O00003636,1,29.52
O00003637,2,84.9
O00003638,1,51.78
O00003639,4,1093.8
O00003640,1,361.55
O00003641,1,363.25
O00003642,4,291.45
O00003643,4,404.68
O00003644,9,1731.79
O00003645,1,83.52
O00003646,2,453.7
O00003647,2,688.49
O00003648,2,23.8
O00003649,1,100.81
O00003650,2,227.79
O00003651,1,32.73
O00003652,2,72.82
O00003653,3,590.3199999999999
O00003654,3,268.09000000000003
O00003655,2,168.14
O00003656,4,900.4699999999999
O00003657,4,1497.24
O00003658,1,31.35
O00003659,2,315.58
O00003660,2,493.96000000000004
O00003661,3,257.55
O00003662,1,108.38
O00003663,1,58.15
O00003664,5,899.79
O00003665,3,27.33
O00003666,2,484.26
O00003667,1,51.33
O00003668,4,546.9200000000001
O00003669,3,383.13
O00003670,2,641.3
O00003671,1,48.09
O00003672,2,145.43
O00003673,4,1060.81
O00003674,6,3493.5
O00003675,7,2872.5299999999997
O00003676,5,2715.92
O00003677,8,648.66
O00003678,2,835.5
O00003679,5,368.09000000000003
O00003680,3,1495.76
O00003681,2,465.9
O00003682,1,83.17
O00003683,8,1659.79
O00003684,2,17.93
O00003685,1,166.86
O00003686,1,84.79
O00003687,4,590.9200000000001
O00003688,5,691.74
O00003689,8,1895.9
O00003690,2,248.89
O00003691,2,241.13
O00003692,5,727.3199999999999
O00003693,6,1389.1399999999999
O00003694,4,434.16
O00003695,1,54.42
O00003696,7,885.2
O00003697,3,472.45
O00003698,2,151.82999999999998
O00003699,2,183.4
O00003700,7,1066.8899999999999
O00003701,2,110.42
O00003702,3,1577.17
O00003703,2,307.27
O00003704,2,405.96
O00003705,7,563.3299999999999
O00003706,2,137.1
O00003707,2,324.31000000000006
O00003708,1,47.35
O00003709,2,131.55
O00003710,3,621.74
O00003711,2,36.47
O00003712,4,643.26
O00003713,3,163.17
O00003714,1,974.16
O00003715,4,118.91
O00003716,5,805.7
O00003717,2,77.2
O00003718,4,1836.8899999999999
O00003719,2,1197.26
O00003720,1,1003.65
O00003721,1,250.79
O00003722,6,1618.1200000000001
O00003723,7,704.05
O00003724,3,988.03
O00003725,2,1476.94
O00003726,3,477.42
O00003727,5,1584.36
O00003728,1,22.55
O00003729,3,1505.78
O00003730,3,323.73
O00003731,1,13.13
O00003732,6,1460.92
O00003733,5,1621.54
O00003734,3,235.32
O00003735,5,908.39
O00003736,1,1423.47
O00003737,1,1993.95
O00003738,4,1458.8700000000001
O00003739,1,492.64
O00003740,3,253.39
O00003741,5,120.92999999999999
O00003742,4,117.49000000000001
O00003743,2,380.44
O00003744,3,207.01
O00003745,2,476.72
O00003746,2,686.78
O00003747,5,1397.25
O00003748,3,586.12
O00003749,1,8.05
O00003750,1,521.0
O00003751,4,245.24
O00003752,2,119.18
O00003753,4,1338.88
O00003754,2,1527.97
O00003755,5,1003.01
O00003756,7,385.18
O00003757,1,83.52
O00003758,3,115.62
O00003759,1,513.63
O00003760,2,135.13
O00003761,5,256.27
O00003762,1,33.17
O00003763,4,339.93
O00003764,4,292.65999999999997
O00003765,6,532.65
O00003766,1,70.68
O00003767,2,432.27
O00003768,4,2891.8399999999997
O00003769,5,3350.46
O00003770,3,178.77
O00003771,3,403.32
O00003772,2,52.349999999999994
O00003773,7,823.91
O00003774,1,157.95
O00003775,1,172.42
O00003776,5,326.0
O00003777,2,236.55
O00003778,2,415.34
O00003779,1,68.37
O00003780,1,96.63
O00003781,1,738.02
O00003782,5,246.04999999999998
O00003783,1,184.98
O00003784,7,2518.6099999999997
O00003785,1,5.79
O00003786,2,1714.15
O00003787,1,69.57
O00003788,1,3.13
O00003789,1,253.6
O00003790,3,233.67
O00003791,2,121.1
O00003792,2,155.25
O00003793,5,4322.67
O00003794,2,783.74
O00003795,6,230.97
O00003796,1,63.08
O00003797,5,552.82
O00003798,7,182.56
O00003799,5,2148.39
O00003800,1,305.0
O00003801,1,97.42
O00003802,2,528.8199999999999
O00003803,5,331.51
O00003804,1,313.72
O00003805,1,29.08
O00003806,1,43.13
O00003807,4,808.3
O00003808,1,8.89
O00003809,4,749.6800000000001
O00003810,1,479.8
O00003811,3,1942.9
O00003812,1,798.6
O00003813,1,97.78
O00003814,6,2399.7200000000003
O00003815,2,293.36
O00003816,1,1.21
O00003817,5,1962.14
O00003818,2,647.5400000000001
O00003819,2,194.01000000000002
O00003820,2,159.47
O00003821,1,19.08
O00003822,1,268.64
O00003823,1,31.95
O00003824,1,649.28
O00003825,1,157.51
O00003826,5,529.71
O00003827,1,165.03
O00003828,3,1046.31
O00003829,9,4114.18
O00003830,1,39.0
O00003831,5,302.71
O00003832,2,150.31
O00003833,7,605.83
O00003834,3,43.42
O00003835,3,478.25
O00003836,6,1416.19
O00003837,2,81.28
O00003838,4,87.77000000000001
O00003839,2,149.2
O00003840,2,190.43
O00003841,1,33.06
O00003842,1,20.06
O00003843,1,60.83
O00003844,4,172.88
O00003845,3,433.15
O00003846,3,199.98
O00003847,1,12.97
O00003848,3,128.79
O00003849,3,465.6
O00003850,2,66.88
O00003851,1,12.66
O00003852,1,23.33
O00003853,2,340.47
O00003854,3,227.24
O00003855,3,326.01
O00003856,2,597.49
O00003857,1,8.05
O00003858,6,2150.79
O00003859,4,695.76
O00003860,6,3572.6000000000004
O00003861,2,35.75
O00003862,3,2778.45
O00003863,2,238.91
O00003864,4,1259.79
O00003865,2,86.0
O00003866,1,360.29
O00003867,1,72.49
O00003868,3,587.77
O00003869,4,1076.54
O00003870,2,100.33000000000001
O00003871,6,476.07
O00003872,2,46.21
O00003873,2,82.75
O00003874,4,800.8199999999999
O00003875,1,15.87
O00003876,1,19.22
O00003877,8,625.94
O00003878,2,94.61999999999999
O00003879,2,1852.3
O00003880,2,451.61
O00003881,5,488.81
O00003882,3,473.01
O00003883,1,106.52
O00003884,3,311.32
O00003885,4,528.26
O00003886,4,1477.03
O00003887,2,43.83
O00003888,2,475.53
O00003889,6,2302.78
O00003890,4,2095.22
O00003891,1,114.32
O00003892,4,1196.28
O00003893,2,58.230000000000004
O00003894,1,340.5
O00003895,1,121.89
O00003896,1,6.75
O00003897,1,28.52
O00003898,2,237.02
O00003899,2,378.34000000000003
O00003900,1,15.62
O00003901,1,303.15
O00003902,2,189.18
O00003903,4,185.31
O00003904,4,322.08
O00003905,6,2868.69
O00003906,6,322.85
O00003907,3,187.70999999999998
O00003908,3,196.59
O00003909,3,235.3
O00003910,3,386.66999999999996
O00003911,4,247.98999999999998
O00003912,2,376.36
O00003913,1,20.92
O00003914,1,26.15
O00003915,1,527.87
O00003916,1,331.98
O00003917,4,330.22
O00003918,2,881.01
O00003919,2,448.86
O00003920,7,1946.67
O00003921,4,159.71
O00003922,1,122.71
O00003923,2,1491.17
O00003924,1,159.88
O00003925,2,293.74
O00003926,3,401.13
O00003927,1,364.29
O00003928,6,724.29
O00003929,1,14.44
O00003930,2,100.02
O00003931,3,935.89
O00003932,2,110.35
O00003933,3,1624.23
O00003934,6,1247.44
O00003935,3,508.11
O00003936,3,1096.3600000000001
O00003937,4,809.6700000000001
O00003938,2,873.24
O00003939,1,25.95
O00003940,7,851.61
O00003941,3,823.81
O00003942,2,72.84
O00003943,1,538.47
O00003944,3,491.85
O00003945,5,1099.6399999999999
O00003946,3,1290.63
O00003947,2,57.47
O00003948,4,618.26
O00003949,2,219.84
O00003950,7,864.61
O00003951,1,20.18
O00003952,1,1620.72
O00003953,2,52.47
O00003954,2,700.79
O00003955,7,1981.13
O00003956,1,596.56
O00003957,1,826.18
O00003958,2,79.61
O00003959,2,172.96
O00003960,4,732.9
O00003961,8,1537.25
O00003962,2,62.08
O00003963,2,132.66
O00003964,3,278.12
O00003965,1,111.42
O00003966,4,36.08
O00003967,3,663.4300000000001
O00003968,3,386.54999999999995
O00003969,5,354.58000000000004
O00003970,2,116.96
O00003971,4,327.99
O00003972,6,1156.3400000000001
O00003973,3,193.29
O00003974,1,51.45
O00003975,1,177.95
O00003976,4,323.06
O00003977,1,148.45
O00003978,3,29.91
O00003979,1,70.13
O00003980,4,724.94
O00003981,2,1552.42
O00003982,7,729.03
O00003983,2,500.82
O00003984,1,115.92
O00003985,1,59.97
O00003986,3,196.12
O00003987,6,204.82
O00003988,10,4212.9
O00003989,2,133.99
O00003990,2,127.2
O00003991,4,1906.04
O00003992,5,1448.8500000000001
O00003993,4,2822.0600000000004
O00003994,4,887.69
O00003995,1,96.56
O00003996,2,688.58
O00003997,1,25.1
O00003998,3,267.83
O00003999,2,26.06
O00004000,2,184.87
O00004001,1,74.5
O00004002,1,64.82
O00004003,4,241.5
O00004004,3,1976.02
O00004005,3,185.17000000000002
O00004006,6,578.62
O00004007,7,3199.14
O00004008,1,165.03
O00004009,1,215.5
O00004010,1,94.4
O00004011,2,46.56
O00004012,3,715.83
O00004013,1,74.66
O00004014,9,3488.5400000000004
O00004015,4,456.94
O00004016,2,362.84999999999997
O00004017,1,1047.18
O00004018,6,848.69
O00004019,5,1568.58
O00004020,3,808.25
O00004021,1,72.71
O00004022,1,297.47
O00004023,1,81.88
O00004024,4,223.9
O00004025,6,36.72
O00004026,9,2014.5700000000002
O00004027,5,98.28999999999999
O00004028,6,175.46
O00004029,7,2236.7
O00004030,5,1147.98
O00004031,4,66.88
O00004032,1,43.57
O00004033,5,146.38
O00004034,1,662.22
O00004035,7,1751.0600000000002
O00004036,2,311.96
O00004037,2,319.56
O00004038,4,434.40999999999997
O00004039,1,22.4
O00004040,6,291.35
O00004041,3,332.94
O00004042,2,189.79000000000002
O00004043,2,77.06
O00004044,3,312.02
O00004045,5,307.96999999999997
O00004046,3,637.75
O00004047,5,598.02
O00004048,3,306.43
O00004049,4,412.04
O00004050,1,40.24
O00004051,6,834.66
O00004052,1,163.19
O00004053,1,988.62
O00004054,1,98.52
O00004055,1,416.24
O00004056,3,487.21999999999997
O00004057,3,413.65
O00004058,2,193.52
O00004059,1,181.88
O00004060,1,20.74
O00004061,3,136.65
O00004062,4,709.32
O00004063,7,584.1800000000001
O00004064,2,211.74
O00004065,3,797.97
O00004066,3,891.11
O00004067,3,117.0
O00004068,3,102.47999999999999
O00004069,1,1077.43
O00004070,5,1657.9999999999998
O00004071,3,27.81
O00004072,3,350.03999999999996
O00004073,5,1553.26
O00004074,3,625.02
O00004075,1,17.03
O00004076,2,75.18
O00004077,6,1920.96
O00004078,5,491.25
O00004079,1,6.52
O00004080,6,624.0
O00004081,1,97.68
O00004082,1,167.07
O00004083,2,26.21
O00004084,1,41.57
O00004085,3,891.27
O00004086,2,252.86
O00004087,5,1101.68
O00004088,5,1275.5500000000002
O00004089,4,1333.3799999999999
O00004090,1,37.4
O00004091,3,1875.14
O00004092,7,4110.41
O00004093,3,375.5
O00004094,3,790.48
O00004095,4,1565.66
O00004096,2,447.84
O00004097,2,283.19
O00004098,4,512.48
O00004099,2,1897.38
O00004100,1,73.39
O00004101,3,478.89000000000004
O00004102,1,314.95
O00004103,2,437.9
O00004104,3,192.32
O00004105,2,1067.26
O00004106,4,1766.3400000000001
O00004107,2,279.71000000000004
O00004108,3,277.68
O00004109,4,315.53999999999996
O00004110,6,2136.3
O00004111,1,40.92
O00004112,1,103.67
O00004113,5,1686.0800000000002
O00004114,6,232.56
O00004115,2,203.86
O00004116,4,1763.34
O00004117,4,2464.0
O00004118,1,19.09
O00004119,1,44.38
O00004120,1,47.02
O00004121,2,1197.26
O00004122,4,2044.1100000000001
O00004123,2,227.5
O00004124,1,11.41
O00004125,4,1676.62
O00004126,3,12.57
O00004127,2,281.11
O00004128,1,265.99
O00004129,4,980.4
O00004130,1,143.9
O00004131,2,182.92999999999998
O00004132,2,123.2
O00004133,1,64.11
O00004134,1,21.52
O00004135,3,1128.54
O00004136,5,3254.37
O00004137,1,260.64
O00004138,3,222.65000000000003
O00004139,1,19.35
O00004140,1,27.08
O00004141,1,15.85
O00004142,3,1953.03
O00004143,5,1316.47
O00004144,1,26.05
O00004145,1,42.76
O00004146,3,98.82
O00004147,7,3167.44
O00004148,6,442.86
O00004149,4,261.37
O00004150,1,19.76
O00004151,3,410.08000000000004
O00004152,3,38.419999999999995
O00004153,1,194.49
O00004154,2,432.18
O00004155,2,181.64
O00004156,4,285.31
O00004157,1,69.29
O00004158,1,81.52
O00004159,4,657.0899999999999
O00004160,8,1644.3899999999999
O00004161,2,1362.13
O00004162,4,371.04999999999995
O00004163,6,507.79999999999995
O00004164,8,1100.02
O00004165,3,59.91
O00004166,2,2681.52
O00004167,1,548.83
O00004168,3,258.9
O00004169,2,177.35
O00004170,5,1132.53
O00004171,1,61.57
O00004172,2,335.58
O00004173,3,365.13
O00004174,1,235.11
O00004175,6,1010.89
O00004176,3,522.96
O00004177,2,338.57
O00004178,4,307.85
O00004179,1,114.32
O00004180,4,71.65
O00004181,3,837.86
O00004182,5,455.39
O00004183,8,5790.469999999999
O00004184,3,165.72
O00004185,4,644.73
O00004186,2,164.52
O00004187,6,1345.37
O00004188,1,250.79
O00004189,1,113.22
O00004190,5,4075.8
O00004191,1,274.66
O00004192,1,142.38
O00004193,5,686.89
O00004194,4,626.53
O00004195,1,32.46
O00004196,1,313.89
O00004197,2,763.59
O00004198,1,116.13
O00004199,1,1047.18
O00004200,3,574.35
O00004201,1,554.93
O00004202,1,112.83
O00004203,2,249.18
O00004204,5,1098.23
O00004205,2,151.04000000000002
O00004206,1,69.68
O00004207,3,307.82
O00004208,1,165.03
O00004209,3,251.31
O00004210,7,1346.29
O00004211,3,379.11
O00004212,1,243.43
O00004213,2,599.32
O00004214,2,53.17999999999999
O00004215,1,21.52
O00004216,4,1585.35
O00004217,3,235.08
O00004218,3,242.73000000000002
O00004219,2,99.68
O00004220,4,616.98
O00004221,8,229.36
O00004222,4,60.58
O00004223,1,62.47
O00004224,3,773.97
O00004225,6,801.98
O00004226,1,270.85
O00004227,3,1094.53
O00004228,2,135.64
O00004229,3,1312.74
O00004230,1,50.81
O00004231,3,255.95
O00004232,5,2912.05
O00004233,1,63.5
O00004234,7,1278.82
O00004235,1,23.76
O00004236,2,118.5
O00004237,3,75.63
O00004238,1,145.72
O00004239,2,1414.53
O00004240,3,711.02
O00004241,1,16.13
O00004242,1,113.14
O00004243,3,886.26
O00004244,1,44.55
O00004245,3,2493.47
O00004246,2,822.11
O00004247,2,199.79000000000002
O00004248,1,46.5
O00004249,3,84.38
O00004250,3,905.95
O00004251,3,151.42000000000002
O00004252,3,444.99
O00004253,1,295.27
O00004254,3,1062.32
O00004255,10,1708.2499999999998
O00004256,1,403.08
O00004257,2,181.3
O00004258,2,28.88
O00004259,1,142.38
O00004260,5,1081.5700000000002
O00004261,3,110.47
O00004262,4,134.63
O00004263,2,1527.3
O00004264,1,41.49
O00004265,2,70.49
O00004266,4,411.5
O00004267,1,17.5
O00004268,8,1528.5
O00004269,6,2793.58
O00004270,7,2478.77
O00004271,2,184.48
O00004272,9,1669.88
O00004273,2,136.55
O00004274,2,468.61
O00004275,7,179.72
O00004276,1,204.78
O00004277,1,165.03
O00004278,3,1038.66
O00004279,2,169.05
O00004280,1,126.29
O00004281,1,798.6
O00004282,2,118.62
O00004283,2,364.22
O00004284,2,163.62
O00004285,2,224.84
O00004286,5,175.47
O00004287,6,1013.88
O00004288,1,225.87
O00004289,1,56.04
O00004290,5,502.1
O00004291,4,362.98
O00004292,5,2258.19
O00004293,3,420.63
O00004294,1,11.31
O00004295,2,2352.0
O00004296,1,84.8
O00004297,4,2042.6299999999999
O00004298,2,45.42
O00004299,1,1603.75
O00004300,1,27.46
O00004301,3,393.45
O00004302,8,1098.37
O00004303,4,896.36
O00004304,2,135.04
O00004305,3,88.17
O00004306,1,138.89
O00004307,1,3.61
O00004308,2,131.45
O00004309,5,2065.13
O00004310,2,304.33
O00004311,4,949.2099999999999
O00004312,1,295.31
O00004313,1,220.52
O00004314,3,542.6
O00004315,2,476.92999999999995
O00004316,4,649.3000000000001
O00004317,3,407.77
O00004318,7,559.97
O00004319,5,105.72
O00004320,3,978.11
O00004321,5,465.02
O00004322,4,360.90000000000003
O00004323,3,386.44
O00004324,1,297.47
O00004325,1,138.89
O00004326,2,69.92
O00004327,1,75.19
O00004328,3,55.519999999999996
O00004329,3,892.45
O00004330,1,44.83
O00004331,1,31.28
O00004332,3,118.66
O00004333,4,280.64
O00004334,2,494.66
O00004335,6,950.52
O00004336,1,300.24
O00004337,3,154.82
O00004338,3,96.33
O00004339,1,109.92
O00004340,2,1309.52
O00004341,3,111.09
O00004342,4,540.8399999999999
O00004343,5,3838.12
O00004344,5,1766.12
O00004345,2,39.02
O00004346,3,1228.8
O00004347,3,175.29999999999998
O00004348,1,12.4
O00004349,1,63.33
O00004350,2,68.37
O00004351,1,90.57
O00004352,6,179.06
O00004353,2,678.86
O00004354,1,47.18
O00004355,3,168.14999999999998
O00004356,7,1802.3200000000002
O00004357,2,832.06
O00004358,1,115.92
O00004359,3,168.09
O00004360,3,144.53
O00004361,2,124.94
O00004362,5,617.58
O00004363,1,112.28
O00004364,6,1944.66
O00004365,2,339.06
O00004366,4,323.61
O00004367,3,683.34
O00004368,6,462.47999999999996
O00004369,1,5.54
O00004370,2,1178.4
O00004371,1,60.55
O00004372,2,270.15
O00004373,6,981.3299999999999
O00004374,1,17.35
O00004375,1,15.21
O00004376,1,376.18
O00004377,2,194.53
O00004378,2,74.8
O00004379,2,1382.3200000000002
O00004380,1,120.33
O00004381,1,40.38
O00004382,1,660.72
O00004383,1,1352.63
O00004384,1,97.69
O00004385,1,598.07
O00004386,1,38.14
O00004387,1,73.01
O00004388,4,462.62
O00004389,3,114.57
O00004390,1,114.51
O00004391,3,169.18
O00004392,1,398.86
O00004393,3,193.89
O00004394,1,108.39
O00004395,3,1294.05
O00004396,2,844.44
O00004397,1,199.79
O00004398,2,1586.77
O00004399,4,1663.4499999999998
O00004400,2,328.8
O00004401,4,1883.89
O00004402,3,856.77
O00004403,3,192.42000000000002
O00004404,3,495.22
O00004405,2,127.96
O00004406,4,394.69
O00004407,4,660.7099999999999
O00004408,4,849.24
O00004409,5,355.72
O00004410,5,1092.25
O00004411,1,44.14
O00004412,2,814.9100000000001
O00004413,3,785.9200000000001
O00004414,1,63.96
O00004415,3,89.97
O00004416,3,295.08
O00004417,6,399.98
O00004418,6,954.86
O00004419,4,99.88
O00004420,1,135.87
O00004421,3,61.32
O00004422,5,514.26
O00004423,2,601.97
O00004424,4,2954.4900000000002
O00004425,4,2448.69
O00004426,1,815.47
O00004427,1,163.19
O00004428,6,1049.55
O00004429,3,186.51
O00004430,6,375.91
O00004431,3,189.63
O00004432,2,264.87
O00004433,1,61.9
O00004434,3,188.97
O00004435,1,26.39
O00004436,2,174.24
O00004437,1,58.95
O00004438,1,78.36
O00004439,3,194.05
O00004440,3,1208.4099999999999
O00004441,4,364.06
O00004442,5,1327.53
O00004443,4,1880.78
O00004444,3,402.41
O00004445,1,299.8
O00004446,4,659.26
O00004447,2,108.44
O00004448,3,1098.99
O00004449,2,458.25
O00004450,1,112.6
O00004451,2,213.98000000000002
O00004452,7,1813.7600000000002
O00004453,4,525.32
O00004454,3,455.87
O00004455,3,143.46
O00004456,4,757.85
O00004457,4,1406.6599999999999
O00004458,3,785.34
O00004459,3,494.03000000000003
O00004460,3,176.75
O00004461,1,43.24
O00004462,4,833.0899999999999
O00004463,7,1052.6000000000001
O00004464,5,851.29
O00004465,1,704.13
O00004466,11,1526.37
O00004467,9,754.97
O00004468,3,444.66999999999996
O00004469,2,977.7
O00004470,5,243.57999999999998
O00004471,5,1285.51
O00004472,8,1095.98
O00004473,4,511.82000000000005
O00004474,4,489.35
O00004475,1,26.1
O00004476,3,386.12
O00004477,2,247.02
O00004478,1,54.55
O00004479,4,807.77
O00004480,1,279.09
O00004481,3,1111.27
O00004482,3,968.19
O00004483,1,4.19
O00004484,5,255.23999999999998
O00004485,10,4284.49
O00004486,8,3197.72
O00004487,1,135.96
O00004488,3,71.13
O00004489,1,84.79
O00004490,2,66.54
O00004491,2,71.86
O00004492,3,450.73
O00004493,6,215.1
O00004494,1,39.6
O00004495,6,690.2199999999999
O00004496,4,841.76
O00004497,3,86.31
O00004498,6,4208.04
O00004499,1,255.94
O00004500,7,266.4
O00004501,3,555.9300000000001
O00004502,7,380.93
O00004503,3,395.06
O00004504,6,251.16
O00004505,2,156.04
O00004506,3,176.95
O00004507,2,3103.96
O00004508,7,390.99
O00004509,2,2256.65
O00004510,1,335.61
O00004511,4,546.48
O00004512,6,2567.94
O00004513,1,61.35
O00004514,5,1849.04
O00004515,7,731.27
O00004516,1,86.48
O00004517,3,1888.23
O00004518,3,253.78
O00004519,2,742.01
O00004520,4,548.99
O00004521,3,926.34
O00004522,4,1043.62
O00004523,3,2436.4700000000003
O00004524,2,563.27
O00004525,4,285.59999999999997
O00004526,2,214.28
O00004527,4,613.69
O00004528,8,6267.049999999999
O00004529,1,18.65
O00004530,3,254.82999999999998
O00004531,2,200.53
O00004532,7,956.33
O00004533,2,108.44
O00004534,5,498.90999999999997
O00004535,3,161.45
O00004536,4,1915.91
O00004537,2,289.85
O00004538,1,21.2
O00004539,4,78.22
O00004540,5,198.41
O00004541,2,84.96
O00004542,2,802.46
O00004543,4,1947.38
O00004544,1,472.13
O00004545,3,236.04000000000002
O00004546,6,909.74
O00004547,1,133.71
O00004548,2,55.35
O00004549,2,146.59
O00004550,1,30.01
O00004551,1,12.97
O00004552,3,584.06
O00004553,2,165.36
O00004554,2,171.28
O00004555,7,1274.74
O00004556,4,379.66
O00004557,1,77.21
O00004558,3,179.52
O00004559,3,1511.46
O00004560,3,271.5
O00004561,2,68.77
O00004562,1,318.23
O00004563,5,111.6
O00004564,1,19.55
O00004565,5,1061.4
O00004566,1,1423.47
O00004567,5,147.44
O00004568,5,2050.6000000000004
O00004569,1,124.59
O00004570,5,99.41
O00004571,1,852.12
O00004572,1,107.38
O00004573,6,1442.77
O00004574,3,1773.88
O00004575,3,535.01
O00004576,1,168.02
O00004577,2,63.14
O00004578,2,174.36
O00004579,4,838.26
O00004580,5,838.3
O00004581,1,138.5
O00004582,1,55.21
O00004583,1,538.42
O00004584,2,144.53
O00004585,3,2222.66
O00004586,7,6123.009999999999
O00004587,8,1456.8300000000002
O00004588,4,348.38
O00004589,4,1211.68
O00004590,3,508.37
O00004591,1,129.49
O00004592,1,9.25
O00004593,1,157.79
O00004594,5,1119.9499999999998
O00004595,3,301.98
O00004596,2,16.12
O00004597,2,38.7
O00004598,1,33.02
O00004599,2,731.87
O00004600,4,793.04
O00004601,3,1628.58
O00004602,4,276.42
O00004603,4,519.1899999999999
O00004604,12,1910.48
O00004605,3,81.18
O00004606,3,1159.58
O00004607,5,556.74
O00004608,1,108.8
O00004609,2,1099.87
O00004610,3,1205.26
O00004611,2,124.0
O00004612,1,255.94
O00004613,3,140.32
O00004614,1,56.77
O00004615,1,134.54
O00004616,2,556.56
O00004617,4,1186.14
O00004618,1,28.51
O00004619,8,1600.1899999999998
O00004620,1,203.83
O00004621,1,74.66
O00004622,1,71.52
O00004623,2,137.79
O00004624,1,669.84
O00004625,1,944.56
O00004626,5,1323.47
O00004627,1,53.19
O00004628,1,22.62
O00004629,6,703.4
O00004630,2,119.86
O00004631,1,24.92
O00004632,1,80.66
O00004633,1,220.65
O00004634,2,1395.52
O00004635,5,384.34
O00004636,5,1060.45
O00004637,2,153.27
O00004638,1,422.63
O00004639,2,158.84
O00004640,1,40.6
O00004641,4,1631.6799999999998
O00004642,1,150.4
O00004643,2,494.58
O00004644,6,206.81
O00004645,1,51.45
O00004646,1,5.28
O00004647,1,69.1
O00004648,2,749.03
O00004649,4,499.24
O00004650,1,88.97
O00004651,3,219.53
O00004652,1,422.63
O00004653,3,1043.96
O00004654,9,1535.78
O00004655,1,98.79
O00004656,1,1206.17
O00004657,2,107.69
O00004658,1,775.52
O00004659,3,100.99000000000001
O00004660,1,42.19
O00004661,1,297.47
O00004662,3,571.5
O00004663,7,1454.57
O00004664,1,125.02
O00004665,4,670.8
O00004666,7,428.83
O00004667,1,122.71
O00004668,4,295.86
O00004669,5,291.32
O00004670,1,143.9
O00004671,4,832.19
O00004672,4,3448.55
O00004673,6,498.28
O00004674,4,233.73000000000002
O00004675,4,267.03000000000003
O00004676,2,2262.6
O00004677,3,843.33
O00004678,2,933.96
O00004679,1,39.15
O00004680,2,177.43
O00004681,1,96.55
O00004682,2,54.92
O00004683,1,20.31
O00004684,3,238.05
O00004685,1,86.02
O00004686,3,199.85
O00004687,5,1607.6899999999998
O00004688,1,53.88
O00004689,3,735.24
O00004690,2,15.99
O00004691,6,911.46
O00004692,2,213.04
O00004693,1,131.29
O00004694,1,664.92
O00004695,2,40.64
O00004696,1,231.49
O00004697,1,113.14
O00004698,1,173.94
O00004699,2,362.24
O00004700,1,435.87
O00004701,4,287.16
O00004702,2,427.08
O00004703,1,254.08
O00004704,1,54.42
O00004705,7,208.72
O00004706,4,116.18
O00004707,6,1471.05
O00004708,3,988.9
O00004709,1,72.49
O00004710,1,104.27
O00004711,4,89.92999999999999
O00004712,4,885.5
O00004713,3,50.37
O00004714,3,2040.3000000000002
O00004715,3,127.41
O00004716,6,202.87
O00004717,4,198.32
O00004718,3,212.29
O00004719,1,72.21
O00004720,1,8.07
O00004721,6,1050.9399999999998
O00004722,1,74.08
O00004723,1,29.15
O00004724,7,1620.84
O00004725,1,57.65
O00004726,5,4047.79
O00004727,5,1032.78
O00004728,8,344.65
O00004729,2,473.03
O00004730,4,1067.76
O00004731,1,104.68
O00004732,3,64.49
O00004733,4,982.44
O00004734,4,301.4
O00004735,1,1001.67
O00004736,5,1068.79
O00004737,1,130.56
O00004738,5,609.49
O00004739,1,117.09
O00004740,2,254.76
O00004741,2,162.98
O00004742,3,1027.62
O00004743,2,48.22
O00004744,5,738.91
O00004745,1,71.07
O00004746,4,143.07
O00004747,6,342.83000000000004
O00004748,5,596.04
O00004749,8,366.03000000000003
O00004750,3,156.02
O00004751,4,3069.8300000000004
O00004752,1,1187.64
O00004753,5,1424.0800000000002
O00004754,1,14.26
O00004755,1,63.88
O00004756,2,44.94
O00004757,3,507.23999999999995
O00004758,4,318.64
O00004759,4,139.1
O00004760,3,808.88
O00004761,1,6.16
O00004762,4,949.9799999999999
O00004763,4,275.41
O00004764,8,787.21
O00004765,1,119.02
O00004766,3,1148.52
O00004767,4,1042.55
O00004768,5,301.33000000000004
O00004769,4,405.8
O00004770,3,233.86
O00004771,1,98.79
O00004772,3,100.68
O00004773,3,44.88
O00004774,1,305.0
O00004775,1,985.35
O00004776,5,1704.24
O00004777,2,115.61
O00004778,3,312.49
O00004779,4,1331.4
O00004780,8,1392.8899999999999
O00004781,3,1795.89
O00004782,2,205.16
O00004783,2,364.46
O00004784,2,64.86
O00004785,4,915.67
O00004786,1,18.79
O00004787,2,128.9
O00004788,1,55.25
O00004789,1,36.42
O00004790,3,329.76
O00004791,2,1551.04
O00004792,1,178.96
O00004793,1,728.97
O00004794,1,612.23
O00004795,1,54.74
O00004796,2,117.34
O00004797,1,42.91
O00004798,1,40.77
O00004799,1,14.09
O00004800,2,317.82
O00004801,2,303.0
O00004802,2,1086.62
O00004803,9,2142.91
O00004804,3,44.51
O00004805,1,3.32
O00004806,4,2778.58
O00004807,6,1403.84
O00004808,3,232.5
O00004809,7,452.73999999999995
O00004810,1,210.15
O00004811,2,173.68
O00004812,2,18.98
O00004813,1,31.04
O00004814,2,200.43
O00004815,4,1095.33
O00004816,2,265.16
O00004817,5,724.3499999999999
O00004818,1,44.54
O00004819,7,5502.76
O00004820,4,227.32
O00004821,3,1021.12
O00004822,5,281.11
O00004823,1,35.41
O00004824,1,1772.36
O00004825,2,186.14
O00004826,4,276.63
O00004827,2,291.16
O00004828,2,249.74
O00004829,2,89.66999999999999
O00004830,3,117.21000000000001
O00004831,1,13.12
O00004832,1,5.79
O00004833,3,226.12
O00004834,5,1299.3899999999999
O00004835,2,123.8
O00004836,5,815.77
O00004837,3,206.78
O00004838,1,259.69
O00004839,3,37.2
O00004840,7,661.52
O00004841,5,735.1
O00004842,5,458.09000000000003
O00004843,3,1207.12
O00004844,5,2311.61
O00004845,1,161.15
O00004846,8,598.4200000000001
O00004847,3,1065.42
O00004848,2,219.1
O00004849,5,579.41
O00004850,3,779.16
O00004851,3,79.47
O00004852,3,318.53999999999996
O00004853,1,92.36
O00004854,5,2313.19
O00004855,5,414.77
O00004856,1,676.95
O00004857,2,399.58
O00004858,2,498.14
O00004859,1,103.47
O00004860,3,225.01000000000002
O00004861,5,175.69
O00004862,1,854.8
O00004863,2,51.650000000000006
O00004864,4,468.29999999999995
O00004865,4,438.93
O00004866,1,49.15
O00004867,5,923.29
O00004868,1,202.11
O00004869,1,68.6
O00004870,3,544.8
O00004871,4,101.3
O00004872,3,1426.95
O00004873,5,734.99
O00004874,2,48.919999999999995
O00004875,8,1943.29
O00004876,3,942.9100000000001
O00004877,4,552.7399999999999
O00004878,5,3464.1899999999996
O00004879,5,418.78000000000003
O00004880,1,61.6
O00004881,3,179.14
O00004882,4,683.85
O00004883,3,339.42
O00004884,4,194.54
O00004885,4,480.04999999999995
O00004886,2,437.81
O00004887,1,118.8
O00004888,4,1463.86
O00004889,3,253.7
O00004890,5,897.23
O00004891,6,1348.7
O00004892,3,201.98999999999998
O00004893,3,2173.3700000000003
O00004894,2,1426.01
O00004895,2,447.84
O00004896,2,719.51
O00004897,2,67.57
O00004898,5,1183.16
O00004899,3,407.71000000000004
O00004900,9,2064.71
O00004901,2,284.87
O00004902,1,53.26
O00004903,2,167.52
O00004904,4,672.99
O00004905,1,43.4
O00004906,1,405.41
O00004907,4,634.67
O00004908,6,1191.1100000000001
O00004909,1,19.09
O00004910,4,847.48
O00004911,3,222.3
O00004912,3,231.74
O00004913,1,531.53
O00004914,2,1629.48
O00004915,2,520.14
O00004916,1,72.0
O00004917,4,386.09
O00004918,2,141.5
O00004919,5,338.23
O00004920,2,51.94
O00004921,2,443.44
O00004922,1,473.62
O00004923,1,210.39
O00004924,3,201.33
O00004925,2,82.24
O00004926,1,47.08
O00004927,2,135.85
O00004928,3,179.19
O00004929,3,122.1
O00004930,4,878.54
O00004931,1,19.77
O00004932,2,211.89000000000001
O00004933,2,66.67
O00004934,5,160.91
O00004935,2,139.37
O00004936,5,1444.27
O00004937,2,296.17
O00004938,1,190.38
O00004939,1,291.84
O00004940,1,65.24
O00004941,1,54.46
O00004942,4,361.99
O00004943,6,758.85
O00004944,1,697.07
O00004945,1,66.11
O00004946,1,8.89
O00004947,8,510.33000000000004
O00004948,2,237.66000000000003
O00004949,1,23.28
O00004950,2,181.64
O00004951,3,179.04000000000002
O00004952,3,167.31
O00004953,7,1087.67
O00004954,2,220.2
O00004955,4,319.99
O00004956,1,44.57
O00004957,1,55.14
O00004958,1,26.49
O00004959,5,256.4
O00004960,4,512.74
O00004961,3,318.14
O00004962,8,2048.1400000000003
O00004963,3,1527.52
O00004964,2,134.16
O00004965,4,1568.98
O00004966,1,1206.17
O00004967,2,48.18
O00004968,4,338.86
O00004969,5,745.6899999999999
O00004970,1,65.95
O00004971,3,151.70999999999998
O00004972,3,1051.36
O00004973,2,52.14
O00004974,2,52.25
O00004975,1,31.43
O00004976,5,976.45
O00004977,4,86.97
O00004978,1,606.7
O00004979,4,96.21
O00004980,6,692.63
O00004981,1,65.0
O00004982,2,97.24
O00004983,5,144.76
O00004984,1,439.51
O00004985,2,182.64000000000001
O00004986,2,126.7
O00004987,5,849.11
O00004988,2,1269.5900000000001
O00004989,3,273.65
O00004990,4,578.19
O00004991,1,697.76
O00004992,5,122.66999999999999
O00004993,3,241.76
O00004994,3,362.34000000000003
O00004995,5,741.48
O00004996,1,145.87
O00004997,1,104.27
O00004998,3,2553.82
O00004999,1,6.16
O00005000,10,513.39
O00005001,1,548.83
O00005002,4,176.91
O00005003,1,2.48
O00005004,7,521.85
O00005005,10,1134.19
O00005006,4,539.69
O00005007,2,314.04
O00005008,2,737.64
O00005009,2,700.2800000000001
O00005010,6,416.98
O00005011,1,46.59
O00005012,7,1387.63
O00005013,3,45.09
O00005014,4,707.79
O00005015,3,945.73
O00005016,3,381.36
O00005017,3,1727.2
O00005018,6,372.75
O00005019,1,97.63
O00005020,2,301.89
O00005021,6,564.15
O00005022,4,469.51
O00005023,1,94.58
O00005024,2,188.18
O00005025,2,176.53
O00005026,1,7.56
O00005027,1,466.25
O00005028,3,484.70000000000005
O00005029,6,900.1199999999999
O00005030,2,252.14999999999998
O00005031,3,837.04
O00005032,1,148.55
O00005033,4,533.63
O00005034,1,600.89
O00005035,5,270.45000000000005
O00005036,1,89.02
O00005037,2,31.39
O00005038,2,284.54
O00005039,2,436.18
O00005040,1,99.26
O00005041,2,484.21
O00005042,1,33.05
O00005043,1,22.47
O00005044,1,327.68
O00005045,4,551.26
O00005046,1,20.4
O00005047,7,1985.67
O00005048,5,238.79000000000002
O00005049,6,578.91
O00005050,1,29.5
O00005051,3,835.25
O00005052,2,309.34
O00005053,4,647.58
O00005054,5,747.78
O00005055,2,24.94
O00005056,5,186.19
O00005057,2,107.91999999999999
O00005058,3,99.06
O00005059,7,648.48
O00005060,2,581.64
O00005061,3,220.67000000000002
O00005062,2,230.15
O00005063,3,257.03
O00005064,2,61.52
O00005065,5,1450.0900000000001
O00005066,5,1326.6799999999998
O00005067,1,167.45
O00005068,3,294.45
O00005069,6,479.28000000000003
O00005070,3,871.7099999999999
O00005071,2,167.76000000000002
O00005072,1,529.06
O00005073,1,25.97
O00005074,1,76.59
O00005075,4,257.29999999999995
O00005076,2,126.53999999999999
O00005077,6,4441.96
O00005078,4,187.79
O00005079,3,422.43
O00005080,4,396.95
O00005081,9,3441.37
O00005082,2,88.17
O00005083,2,172.68
O00005084,3,293.07
O00005085,1,494.84
O00005086,2,140.68
O00005087,2,934.06
O00005088,1,476.36
O00005089,2,65.38
O00005090,3,395.89
O00005091,1,369.87
O00005092,5,967.78
O00005093,2,168.5
O00005094,1,47.35
O00005095,3,931.37
O00005096,2,2033.38
O00005097,1,215.6
O00005098,7,1233.42
O00005099,5,408.88
O00005100,1,111.12
O00005101,1,20.74
O00005102,4,767.1099999999999
O00005103,1,88.97
O00005104,1,22.55
O00005105,4,642.88
O00005106,1,835.66
O00005107,3,114.08
O00005108,2,650.72
O00005109,1,282.64
O00005110,7,1319.87
O00005111,3,136.97
O00005112,3,347.94
O00005113,5,262.98
O00005114,2,582.9
O00005115,3,65.78
O00005116,2,259.74
O00005117,2,69.66
O00005118,2,209.64999999999998
O00005119,1,203.57
O00005120,2,224.76
O00005121,4,349.54
O00005122,1,366.84
O00005123,1,90.65
O00005124,1,705.88
O00005125,5,781.29
O00005126,4,231.59
O00005127,6,1387.66
O00005128,1,40.0
O00005129,3,575.67
O00005130,4,1857.5
O00005131,5,272.92
O00005132,2,105.54
O00005133,3,495.44000000000005
O00005134,4,230.66000000000003
O00005135,3,2107.92
O00005136,3,116.37
O00005137,1,2.48
O00005138,4,88.08
O00005139,1,26.13
O00005140,2,1464.6399999999999
O00005141,3,85.85
O00005142,4,1283.5900000000001
O00005143,1,46.4
O00005144,5,1573.5900000000001
O00005145,2,452.72
O00005146,4,371.21999999999997
O00005147,2,421.63
O00005148,2,55.59
O00005149,1,40.7
O00005150,3,363.09
O00005151,4,1243.77
O00005152,3,200.91
O00005153,4,356.81
O00005154,3,718.65
O00005155,1,365.24
O00005156,4,708.2
O00005157,2,181.14
O00005158,4,559.66
O00005159,7,491.78999999999996
O00005160,5,794.37
O00005161,3,402.84000000000003
O00005162,8,1266.26
O00005163,5,1180.33
O00005164,2,390.42
O00005165,6,802.87
O00005166,1,44.38
O00005167,2,1211.04
O00005168,3,586.17
O00005169,2,440.74
O00005170,5,532.8299999999999
O00005171,2,1680.02
O00005172,4,203.11
O00005173,7,1383.96
O00005174,2,165.38
O00005175,5,712.4
O00005176,4,733.03
O00005177,4,115.43
O00005178,8,4700.5599999999995
O00005179,7,1292.26
O00005180,1,864.19
O00005181,6,335.6
O00005182,1,143.9
O00005183,1,65.31
O00005184,5,411.85
O00005185,3,140.43
O00005186,5,287.0
O00005187,4,104.12
O00005188,2,133.2
O00005189,1,549.81
O00005190,5,543.6999999999999
O00005191,1,21.02
O00005192,5,1935.19
O00005193,3,447.41999999999996
O00005194,1,365.24
O00005195,1,14.96
O00005196,3,131.24
O00005197,5,1090.13
O00005198,3,544.95
O00005199,3,1584.58
O00005200,2,566.94
O00005201,4,514.6700000000001
O00005202,3,1631.3700000000001
O00005203,2,1398.35
O00005204,3,1089.36
O00005205,1,601.59
O00005206,3,357.41999999999996
O00005207,6,1996.94
O00005208,5,1756.7600000000002
O00005209,6,729.28
O00005210,2,252.57
O00005211,1,2169.98
O00005212,2,2021.65
O00005213,3,31.47
O00005214,3,195.45999999999998
O00005215,3,291.26
O00005216,5,264.87
O00005217,1,64.82
O00005218,1,34.77
O00005219,2,714.75
O00005220,3,131.07999999999998
O00005221,7,1168.93
O00005222,5,132.06
O00005223,1,27.21
O00005224,3,356.53
O00005225,3,84.47999999999999
O00005226,1,299.66
O00005227,3,767.1
O00005228,5,393.42
O00005229,1,21.46
O00005230,3,362.90999999999997
O00005231,5,1365.1200000000001
O00005232,2,119.19
O00005233,7,5125.41
O00005234,2,66.82
O00005235,2,83.02
O00005236,4,523.42
O00005237,1,47.18
O00005238,1,442.12
O00005239,4,1675.92
O00005240,1,19.06
O00005241,1,59.96
O00005242,5,298.92
O00005243,1,344.62
O00005244,1,355.14
O00005245,6,1760.4299999999998
O00005246,1,670.63
O00005247,2,149.01999999999998
O00005248,1,28.49
O00005249,6,1223.49
O00005250,5,972.8
O00005251,3,1015.47
O00005252,2,66.43
O00005253,1,48.22
O00005254,2,19.62
O00005255,2,64.26
O00005256,5,2119.34
O00005257,1,62.58
O00005258,2,261.74
O00005259,2,139.86
O00005260,2,957.67
O00005261,2,182.38
O00005262,6,166.14
O00005263,2,430.46000000000004
O00005264,2,2477.86
O00005265,1,56.18
O00005266,1,462.62
O00005267,2,106.41999999999999
O00005268,1,355.14
O00005269,2,2375.28
O00005270,3,107.94999999999999
O00005271,3,3411.5
O00005272,4,208.72
O00005273,2,92.23
O00005274,11,4283.43
O00005275,4,239.76
O00005276,3,1168.69
O00005277,9,597.63
O00005278,2,34.71
O00005279,3,373.49
O00005280,1,17.28
O00005281,2,47.52
O00005282,4,331.26
O00005283,3,81.24
O00005284,2,377.93
O00005285,2,1495.01
O00005286,3,502.2
O00005287,2,48.74
O00005288,3,649.8199999999999
O00005289,1,50.15
O00005290,3,1493.77
O00005291,2,261.01
O00005292,2,128.23
O00005293,1,11.93
O00005294,8,445.1
O00005295,2,633.08
O00005296,3,593.24
O00005297,8,327.86
O00005298,4,59.379999999999995
O00005299,6,2126.17
O00005300,5,890.96
O00005301,2,18.98
O00005302,3,131.87
O00005303,3,313.96
O00005304,6,296.74
O00005305,1,48.22
O00005306,2,129.16
O00005307,4,233.18
O00005308,1,182.33
O00005309,3,121.15
O00005310,1,99.54
O00005311,8,1170.43
O00005312,5,1310.19
O00005313,1,40.79
O00005314,1,183.87
O00005315,10,1563.77
O00005316,2,60.37
O00005317,10,1262.8899999999999
O00005318,1,132.56
O00005319,1,117.63
O00005320,2,43.7
O00005321,2,83.49
O00005322,6,1478.26
O00005323,1,19.55
O00005324,6,847.6
O00005325,1,155.2
O00005326,3,460.7
O00005327,1,168.03
O00005328,1,48.15
O00005329,5,597.1700000000001
O00005330,7,935.8199999999999
O00005331,1,3.69
O00005332,2,112.06
O00005333,1,16.74
O00005334,2,94.87
O00005335,1,58.1
O00005336,1,283.47
O00005337,5,167.51999999999998
O00005338,1,20.74
O00005339,2,222.24
O00005340,5,235.39
O00005341,2,1527.3
O00005342,2,2954.9
O00005343,1,313.89
O00005344,4,237.05
O00005345,3,356.84999999999997
O00005346,1,112.22
O00005347,2,315.02
O00005348,4,665.27
O00005349,4,557.9200000000001
O00005350,2,499.03
O00005351,2,203.14
O00005352,1,114.03
O00005353,1,45.72
O00005354,3,1201.3
O00005355,4,1059.58
O00005356,1,68.37
O00005357,7,2337.5
O00005358,2,193.7
O00005359,7,1784.29
O00005360,3,507.2
O00005361,1,51.65
O00005362,3,995.22
O00005363,1,146.81
O00005364,2,422.31
O00005365,5,831.01
O00005366,1,42.19
O00005367,6,1380.35
O00005368,4,469.41999999999996
O00005369,4,3121.84
O00005370,1,375.37
O00005371,4,2191.79
O00005372,2,439.38
O00005373,1,168.25
O00005374,3,164.51
O00005375,5,566.69
O00005376,5,601.78
O00005377,1,132.56
O00005378,3,169.07
O00005379,4,299.88
O00005380,2,2472.84
O00005381,9,877.82
O00005382,2,706.35
O00005383,4,993.38
O00005384,1,319.47
O00005385,1,76.4
O00005386,3,611.55
O00005387,7,3038.98
O00005388,2,322.88
O00005389,2,446.02
O00005390,1,1708.2
O00005391,1,180.4
O00005392,1,157.61
O00005393,2,66.09
O00005394,4,921.74
O00005395,6,396.38
O00005396,1,111.79
O00005397,3,71.9
O00005398,1,38.54
O00005399,3,1376.79
O00005400,2,330.15000000000003
O00005401,5,1279.86
O00005402,2,688.52
O00005403,1,15.62
O00005404,1,466.25
O00005405,10,1358.77
O00005406,2,85.14
O00005407,1,185.03
O00005408,4,249.65
O00005409,7,1235.24
O00005410,5,1367.94
O00005411,2,319.44
O00005412,6,471.08000000000004
O00005413,3,604.08
O00005414,2,52.78
O00005415,5,271.16
O00005416,2,166.22
O00005417,2,193.12
O00005418,2,346.68
O00005419,2,64.67
O00005420,3,473.07
O00005421,4,2517.29
O00005422,6,1049.08
O00005423,4,647.68
O00005424,4,407.71
O00005425,2,581.5799999999999
O00005426,6,345.34
O00005427,1,12.42
O00005428,1,598.63
O00005429,1,570.57
O00005430,6,2148.22
O00005431,1,65.31
O00005432,2,73.71
O00005433,4,560.6
O00005434,1,23.41
O00005435,2,161.84
O00005436,5,714.96
O00005437,1,49.84
O00005438,4,294.53
O00005439,4,192.66
O00005440,5,3493.1400000000003
O00005441,4,578.76
O00005442,3,682.71
O00005443,3,248.31
O00005444,4,206.24
O00005445,6,2055.26
O00005446,3,159.82999999999998
O00005447,3,545.75
O00005448,5,997.73
O00005449,3,673.25
O00005450,2,27.0
O00005451,3,933.44
O00005452,4,596.99
O00005453,3,1460.73
O00005454,3,246.48
O00005455,5,492.2
O00005456,7,3140.88
O00005457,4,295.93
O00005458,2,268.16
O00005459,1,25.48
O00005460,5,1090.15
O00005461,4,1626.71
O00005462,1,178.96
O00005463,1,32.43
O00005464,2,158.32
O00005465,1,157.89
O00005466,2,191.49
O00005467,5,638.66
O00005468,2,1871.1399999999999
O00005469,1,56.87
O00005470,2,110.5
O00005471,1,49.77
O00005472,1,129.49
O00005473,3,451.43
O00005474,3,1627.9099999999999
O00005475,1,47.14
O00005476,3,972.39
O00005477,3,537.38
O00005478,4,282.78
O00005479,3,111.99
O00005480,4,622.78
O00005481,1,375.68
O00005482,1,957.88
O00005483,3,337.6
O00005484,2,207.18
O00005485,4,988.6800000000001
O00005486,7,1805.06
O00005487,1,259.72
O00005488,2,143.04
O00005489,2,301.93
O00005490,4,304.87
O00005491,5,228.4
O00005492,5,332.04
O00005493,4,1394.51
O00005494,3,259.0
O00005495,1,31.17
O00005496,1,47.88
O00005497,4,1544.1
O00005498,2,200.6
O00005499,2,190.54
O00005500,1,368.82
O00005501,5,677.07
O00005502,1,85.29
O00005503,4,1288.6599999999999
O00005504,2,128.44
O00005505,3,885.93
O00005506,6,990.3199999999999
O00005507,1,4.51
O00005508,6,1218.64
O00005509,2,394.61
O00005510,2,310.65
O00005511,3,239.53000000000003
O00005512,1,36.16
O00005513,5,1279.55
O00005514,3,217.79000000000002
O00005515,2,64.3
O00005516,4,461.02
O00005517,1,124.87
O00005518,1,20.4
O00005519,3,159.73000000000002
O00005520,5,1608.2600000000002
O00005521,1,194.49
O00005522,3,156.31
O00005523,6,1685.12
O00005524,2,225.2
O00005525,1,54.42
O00005526,5,313.99
O00005527,6,348.21999999999997
O00005528,6,3375.17
O00005529,4,194.85000000000002
O00005530,3,1175.6399999999999
O00005531,1,208.75
O00005532,6,1241.8600000000001
O00005533,2,579.77
O00005534,6,602.3199999999999
O00005535,1,12.4
O00005536,3,455.7
O00005537,2,190.91000000000003
O00005538,1,50.96
O00005539,5,594.62
O00005540,3,286.03
O00005541,1,105.48
O00005542,4,281.87
O00005543,2,898.5899999999999
O00005544,1,54.93
O00005545,4,298.25
O00005546,2,548.14
O00005547,3,91.39
O00005548,3,664.78
O00005549,1,19.08
O00005550,2,138.66
O00005551,5,415.15
O00005552,4,567.6
O00005553,1,121.17
O00005554,4,257.21999999999997
O00005555,3,343.93
O00005556,9,651.75
O00005557,1,29.92
O00005558,4,208.7
O00005559,1,148.45
O00005560,4,424.40000000000003
O00005561,1,7.76
O00005562,6,328.28999999999996
O00005563,3,398.28000000000003
O00005564,3,271.21
O00005565,11,1647.99
O00005566,2,234.20000000000002
O00005567,6,1064.8700000000001
O00005568,5,247.17000000000002
O00005569,1,16.71
O00005570,6,329.95
O00005571,4,171.78
O00005572,6,620.82
O00005573,3,65.19
O00005574,5,233.49
O00005575,1,22.15
O00005576,1,23.92
O00005577,3,450.17
O00005578,7,461.02
O00005579,3,1044.75
O00005580,3,1146.15
O00005581,1,134.5
O00005582,4,311.11
O00005583,4,792.71
O00005584,3,547.6899999999999
O00005585,1,150.71
O00005586,5,403.08000000000004
O00005587,1,1217.83
O00005588,3,159.25
O00005589,4,867.31
O00005590,1,9.98
O00005591,2,62.99
O00005592,1,259.69
O00005593,1,694.64
O00005594,2,619.72
O00005595,6,555.49
O00005596,2,84.78
O00005597,4,871.99
O00005598,2,630.1800000000001
O00005599,3,48.94
O00005600,5,883.85
O00005601,6,1507.97
O00005602,4,559.5799999999999
O00005603,4,231.63
O00005604,1,37.8
O00005605,1,475.65
O00005606,2,135.93
O00005607,2,229.32
O00005608,1,62.96
O00005609,1,46.87
O00005610,2,181.14
O00005611,4,280.49
O00005612,1,42.15
O00005613,3,2030.98
O00005614,2,243.42
O00005615,1,476.36
O00005616,8,611.37
O00005617,3,466.24
O00005618,2,130.12
O00005619,1,1194.94
O00005620,1,20.14
O00005621,6,110.8
O00005622,2,351.08
O00005623,3,178.22
O00005624,1,13.04
O00005625,4,243.04000000000002
O00005626,4,165.57999999999998
O00005627,8,1727.3
O00005628,4,412.0
O00005629,2,61.620000000000005
O00005630,2,194.72
O00005631,3,213.55
O00005632,2,184.56
O00005633,3,1461.6699999999998
O00005634,1,318.51
O00005635,4,178.58999999999997
O00005636,3,355.71
O00005637,3,324.95
O00005638,2,332.74
O00005639,8,2133.69
O00005640,8,605.5400000000001
O00005641,2,620.37
O00005642,6,194.11
O00005643,3,107.75999999999999
O00005644,2,472.81
O00005645,2,7.38
O00005646,6,451.3
O00005647,1,47.08
O00005648,3,740.3399999999999
O00005649,2,385.25
O00005650,4,3004.54
O00005651,2,288.48
O00005652,2,326.49
O00005653,1,871.03
O00005654,6,2061.92
O00005655,2,336.06
O00005656,8,1163.1999999999998
O00005657,5,1648.1399999999999
O00005658,5,1367.0
O00005659,3,503.04
O00005660,3,342.96
O00005661,1,57.87
O00005662,2,161.63
O00005663,3,131.33
O00005664,2,48.58
O00005665,2,628.46
O00005666,6,505.74
O00005667,2,367.16
O00005668,1,19.35
O00005669,9,2429.71
O00005670,5,649.97
O00005671,1,746.51
O00005672,4,780.51
O00005673,4,223.87
O00005674,2,136.78
O00005675,1,283.47
O00005676,3,1811.8400000000001
O00005677,1,84.7
O00005678,1,92.89
O00005679,9,1393.31
O00005680,3,183.76
O00005681,1,125.56
O00005682,1,201.55
O00005683,5,979.95
O00005684,3,786.01
O00005685,8,2150.9700000000003
O00005686,1,13.72
O00005687,1,409.61
O00005688,1,55.11
O00005689,1,318.23
O00005690,6,1259.44
O00005691,2,210.68
O00005692,3,1056.8400000000001
O00005693,2,947.24
O00005694,4,369.74
O00005695,3,1308.56
O00005696,1,61.39
O00005697,3,163.28000000000003
O00005698,1,10.49
O00005699,2,109.30000000000001
O00005700,2,200.6
O00005701,7,1988.3999999999999
O00005702,1,40.77
O00005703,2,562.09
O00005704,7,746.39
O00005705,3,204.34
O00005706,3,220.75
O00005707,1,9.1
O00005708,1,153.2
O00005709,3,130.71
O00005710,3,178.2
O00005711,1,67.08
O00005712,2,1339.68
O00005713,1,52.77
O00005714,5,296.79
O00005715,5,434.53
O00005716,2,2007.4699999999998
O00005717,4,306.88
O00005718,4,562.5400000000001
O00005719,3,2280.13
O00005720,1,138.24
O00005721,4,157.55
O00005722,5,355.03999999999996
O00005723,4,1175.73
O00005724,7,3497.84
O00005725,6,790.35
O00005726,3,1000.45
O00005727,4,291.14
O00005728,3,568.66
O00005729,1,3.69
O00005730,4,359.25
O00005731,8,1188.26
O00005732,4,593.84
O00005733,1,21.1
O00005734,3,441.77000000000004
O00005735,2,152.26
O00005736,2,263.5
O00005737,1,1287.95
O00005738,1,114.03
O00005739,1,212.46
O00005740,1,2035.42
O00005741,5,308.36
O00005742,4,319.25
O00005743,2,315.02
O00005744,4,982.25
O00005745,2,88.58
O00005746,7,984.82
O00005747,3,252.08
O00005748,2,2357.2200000000003
O00005749,4,42.35
O00005750,3,358.66
O00005751,1,34.13
O00005752,3,140.04
O00005753,2,151.72
O00005754,1,8.24
O00005755,2,240.79
O00005756,3,618.94
O00005757,2,87.02
O00005758,3,177.28
O00005759,3,2104.08
O00005760,3,477.03999999999996
O00005761,5,571.14
O00005762,1,94.61
O00005763,5,1041.73
O00005764,2,82.56
O00005765,2,178.83
O00005766,5,672.95
O00005767,1,1260.68
O00005768,4,350.01000000000005
O00005769,1,55.25
O00005770,4,2545.48
O00005771,1,5.66
O00005772,10,1956.1799999999998
O00005773,5,505.25
O00005774,1,40.71
O00005775,3,1687.99
O00005776,4,2975.45
O00005777,3,97.26
O00005778,7,300.82
O00005779,1,19.41
O00005780,4,1097.4
O00005781,4,249.14000000000001
O00005782,4,828.98
O00005783,5,131.99
O00005784,2,376.36
O00005785,6,1021.8
O00005786,4,759.53
O00005787,3,461.57
O00005788,1,84.86
O00005789,1,113.98
O00005790,8,770.45
O00005791,6,1043.39
O00005792,3,264.33000000000004
O00005793,1,94.35
O00005794,3,124.32
O00005795,1,31.98
O00005796,1,129.49
O00005797,1,84.86
O00005798,4,381.77
O00005799,4,953.66
O00005800,6,1390.58
O00005801,1,416.78
O00005802,1,292.19
O00005803,3,431.47
O00005804,5,925.1099999999999
O00005805,7,797.21
O00005806,5,4314.32
O00005807,4,482.81
O00005808,3,580.18
O00005809,2,61.99
O00005810,3,301.63000000000005
O00005811,1,79.42
O00005812,1,295.05
O00005813,6,641.22
O00005814,5,361.90999999999997
O00005815,1,2.75
O00005816,4,116.27
O00005817,3,703.46
O00005818,1,29.34
O00005819,2,1133.06
O00005820,3,98.47
O00005821,4,440.21000000000004
O00005822,3,713.1000000000001
O00005823,1,113.44
O00005824,2,321.20000000000005
O00005825,5,509.65
O00005826,4,2807.11
O00005827,3,181.42999999999998
O00005828,4,150.44
O00005829,3,290.28
O00005830,8,3249.0600000000004
O00005831,1,78.36
O00005832,5,2897.95
O00005833,7,2234.41
O00005834,4,927.79
O00005835,1,40.79
O00005836,1,11.83
O00005837,5,1034.24
O00005838,2,106.14
O00005839,1,307.54
O00005840,1,501.37
O00005841,9,4048.39
O00005842,2,16.1
O00005843,1,29.55
O00005844,1,66.46
O00005845,4,1653.0700000000002
O00005846,5,2578.7999999999997
O00005847,4,1775.66
O00005848,2,826.22
O00005849,5,3295.55
O00005850,3,2212.5
O00005851,1,151.39
O00005852,3,337.38
O00005853,5,186.48
O00005854,1,88.37
O00005855,3,437.3
O00005856,6,593.0699999999999
O00005857,1,27.08
O00005858,2,272.05
O00005859,9,1903.68
O00005860,3,140.34
O00005861,1,77.63
O00005862,3,138.66000000000003
O00005863,4,161.69
O00005864,5,5044.77
O00005865,6,802.25
O00005866,2,44.88
O00005867,6,363.53999999999996
O00005868,1,65.06
O00005869,1,79.29
O00005870,3,74.96000000000001
O00005871,1,187.33
O00005872,6,300.6
O00005873,1,1238.93
O00005874,1,84.48
O00005875,1,850.61
O00005876,1,360.29
O00005877,3,189.93
O00005878,1,20.93
O00005879,1,52.26
O00005880,4,567.1800000000001
O00005881,2,26.15
O00005882,2,167.98
O00005883,1,151.03
O00005884,2,672.07
O00005885,1,401.3
O00005886,1,20.74
O00005887,8,2757.3599999999997
O00005888,3,749.3700000000001
O00005889,4,7051.400000000001
O00005890,4,2061.65
O00005891,2,1703.13
O00005892,1,850.61
O00005893,2,35.2
O00005894,1,65.95
O00005895,1,180.71
O00005896,3,670.01
O00005897,5,1377.67
O00005898,4,1560.6699999999998
O00005899,2,28.6
O00005900,1,68.81
O00005901,1,21.11
O00005902,3,225.14
O00005903,1,8.24
O00005904,2,37.78
O00005905,6,300.75
O00005906,3,160.09
O00005907,8,1249.51
O00005908,2,414.77
O00005909,4,342.49
O00005910,8,2594.1000000000004
O00005911,1,283.47
O00005912,1,123.01
O00005913,1,570.57
O00005914,5,1202.02
O00005915,1,98.55
O00005916,6,1421.85
O00005917,1,157.89
O00005918,7,572.59
O00005919,3,491.5
O00005920,4,271.91999999999996
O00005921,3,62.4
O00005922,8,1306.99
O00005923,1,22.21
O00005924,4,955.8399999999999
O00005925,1,567.39
O00005926,7,1284.63
O00005927,5,1392.56
O00005928,2,249.76
O00005929,2,84.94
O00005930,1,9.58
O00005931,4,488.17
O00005932,1,61.57
O00005933,1,34.58
O00005934,5,871.0
O00005935,1,543.31
O00005936,3,263.26
O00005937,2,274.5
O00005938,1,17.6
O00005939,6,1110.9
O00005940,6,234.12
O00005941,5,1204.0
O00005942,5,1185.35
O00005943,3,196.99
O00005944,3,34.11
O00005945,3,217.47
O00005946,4,608.28
O00005947,2,132.74
O00005948,4,1097.8600000000001
O00005949,1,921.0
O00005950,5,524.18
O00005951,3,412.28999999999996
O00005952,4,233.03
O00005953,1,137.49
O00005954,2,79.09
O00005955,5,1644.8400000000001
O00005956,2,210.62
O00005957,2,54.64
O00005958,4,624.94
O00005959,5,293.13
O00005960,2,80.28
O00005961,1,180.4
O00005962,3,495.12
O00005963,3,7013.55
O00005964,2,122.3
O00005965,1,83.13
O00005966,1,208.34
O00005967,4,1941.1000000000001
O00005968,4,1054.57
O00005969,2,101.56
O00005970,3,129.24
O00005971,1,100.06
O00005972,5,498.04999999999995
O00005973,1,98.25
O00005974,2,163.14
O00005975,1,215.6
O00005976,2,228.48
O00005977,1,134.22
O00005978,3,297.51000000000005
O00005979,4,206.87
O00005980,4,2605.3399999999997
O00005981,4,285.6
O00005982,7,502.61
O00005983,5,270.48
O00005984,3,1857.6100000000001
O00005985,2,390.28000000000003
O00005986,3,3.33
O00005987,3,628.4300000000001
O00005988,4,367.07
O00005989,4,175.4
O00005990,6,1253.94
O00005991,1,152.1
O00005992,1,77.46
O00005993,1,20.37
O00005994,3,1238.84
O00005995,2,1396.27
O00005996,1,126.29
O00005997,1,20.74
O00005998,4,866.21
O00005999,7,692.3
O00006000,3,1337.98
O00006001,3,624.72
O00006002,5,2962.6499999999996
O00006003,2,266.16
O00006004,4,1410.06
O00006005,2,93.09
O00006006,4,948.82
O00006007,2,141.41
O00006008,2,2435.66
O00006009,4,1368.99
O00006010,1,225.87
O00006011,7,3746.1899999999996
O00006012,1,16.58
O00006013,4,538.81
O00006014,3,198.21
O00006015,2,69.07000000000001
O00006016,3,158.76
O00006017,1,110.71
O00006018,6,455.4
O00006019,2,173.21
O00006020,7,1900.11
O00006021,5,1107.66
O00006022,4,453.01
O00006023,1,42.74
O00006024,3,174.58999999999997
O00006025,6,266.54
O00006026,2,1826.66
O00006027,5,599.11
O00006028,1,148.55
O00006029,1,9.25
O00006030,2,2815.22
O00006031,6,346.47
O00006032,1,49.41
O00006033,2,1001.45
O00006034,2,118.97
O00006035,1,28.37
O00006036,2,195.36
O00006037,5,2140.87
O00006038,3,207.87
O00006039,3,873.6700000000001
O00006040,3,526.25
O00006041,4,156.24
O00006042,1,224.01
O00006043,1,363.12
O00006044,1,96.63
O00006045,2,26.68
O00006046,4,2022.33
O00006047,1,60.7
O00006048,4,572.36
O00006049,1,37.4
O00006050,1,56.26
O00006051,5,1206.91
O00006052,1,11.15
O00006053,6,1774.2900000000002
O00006054,3,1746.23
O00006055,1,52.87
O00006056,2,91.50999999999999
O00006057,5,526.84
O00006058,3,239.05
O00006059,5,3932.5499999999997
O00006060,1,1325.06
O00006061,1,226.24
O00006062,1,418.78
O00006063,1,114.03
O00006064,2,140.78
O00006065,1,318.63
O00006066,4,936.26
O00006067,1,1038.94
O00006068,2,336.5
O00006069,2,541.54
O00006070,1,52.33
O00006071,4,322.12
O00006072,4,492.22
O00006073,1,35.4
O00006074,3,393.53
O00006075,5,1504.96
O00006076,1,8.2
O00006077,4,508.72
O00006078,6,4631.860000000001
O00006079,1,105.48
O00006080,3,171.69
O00006081,1,94.95
O00006082,3,202.73000000000002
O00006083,5,243.76
O00006084,3,42.78
O00006085,1,548.83
O00006086,2,245.42
O00006087,6,2963.8500000000004
O00006088,3,395.46999999999997
O00006089,2,42.37
O00006090,8,729.95
O00006091,4,1940.79
O00006092,2,93.18
O00006093,1,1176.0
O00006094,2,245.2
O00006095,6,4279.03
O00006096,2,675.6
O00006097,9,953.17
O00006098,1,81.52
O00006099,1,815.47
O00006100,2,73.9
O00006101,1,15.26
O00006102,2,172.38
O00006103,6,155.73000000000002
O00006104,3,517.4
O00006105,5,892.8499999999999
O00006106,2,1469.92
O00006107,4,296.2
O00006108,4,468.68
O00006109,2,230.74
O00006110,5,681.62
O00006111,3,331.27000000000004
O00006112,2,383.43
O00006113,7,3613.4
O00006114,6,70.46000000000001
O00006115,2,370.92
O00006116,2,31.28
O00006117,3,1282.3600000000001
O00006118,2,90.64
O00006119,1,367.54
O00006120,4,312.62
O00006121,4,245.96
O00006122,3,136.05
O00006123,3,451.42
O00006124,2,2012.94
O00006125,4,142.75
O00006126,5,409.69
O00006127,3,135.33
O00006128,8,1204.04
O00006129,1,75.4
O00006130,4,260.78999999999996
O00006131,1,104.68
O00006132,1,210.15
O00006133,1,59.65
O00006134,1,43.13
O00006135,5,958.8
O00006136,2,453.53
O00006137,6,2764.5
O00006138,4,231.08
O00006139,2,119.94
O00006140,4,1503.95
O00006141,1,232.25
O00006142,1,92.23
O00006143,3,611.64
O00006144,6,856.97
O00006145,2,172.68
O00006146,4,112.52
O00006147,1,225.99
O00006148,1,896.38
O00006149,3,290.88
O00006150,3,256.69
O00006151,4,2984.62
O00006152,3,65.13
O00006153,4,369.71
O00006154,1,32.15
O00006155,2,1935.66
O00006156,3,470.61
O00006157,1,57.18
O00006158,2,94.02000000000001
O00006159,1,238.61
O00006160,2,152.38
O00006161,2,914.16
O00006162,3,465.01
O00006163,2,106.31
O00006164,3,67.32
O00006165,6,573.65
O00006166,1,84.86
O00006167,1,32.46
O00006168,5,340.71000000000004
O00006169,3,3870.6
O00006170,2,83.98
O00006171,7,2155.96
O00006172,6,382.83
O00006173,3,76.79
O00006174,1,20.4
O00006175,1,36.34
O00006176,1,248.05
O00006177,5,1421.63
O00006178,1,29.68
O00006179,5,235.57
O00006180,4,403.22999999999996
O00006181,3,1283.1499999999999
O00006182,2,289.1
O00006183,3,113.7
O00006184,3,413.08000000000004
O00006185,2,33.16
O00006186,5,933.64
O00006187,3,148.51999999999998
O00006188,1,215.6
O00006189,2,203.39999999999998
O00006190,1,365.24
O00006191,4,868.13
O00006192,2,268.44
O00006193,2,125.92
O00006194,4,801.5999999999999
O00006195,2,22.24
O00006196,1,596.56
O00006197,3,244.27
O00006198,2,38.44
O00006199,1,60.83
O00006200,1,210.15
O00006201,2,77.84
O00006202,6,1071.68
O00006203,2,67.57
O00006204,1,23.28
O00006205,6,585.44
O00006206,2,795.86
O00006207,5,789.4100000000001
O00006208,3,115.22
O00006209,1,49.7
O00006210,1,84.98
O00006211,1,314.95
O00006212,8,703.22
O00006213,1,283.17
O00006214,5,381.83000000000004
O00006215,4,119.08000000000001
O00006216,4,1173.05
O00006217,1,8.24
O00006218,6,1268.92
O00006219,5,209.31
O00006220,3,887.72
O00006221,2,64.22
O00006222,5,154.29000000000002
O00006223,1,99.26
O00006224,4,957.87
O00006225,5,706.79
O00006226,4,858.26
O00006227,1,66.03
O00006228,5,296.64
O00006229,1,148.45
O00006230,2,88.39
O00006231,4,70.69
O00006232,4,631.61
O00006233,8,738.5899999999999
O00006234,4,49.980000000000004
O00006235,1,10.45
O00006236,5,1049.77
O00006237,8,541.77
O00006238,5,2473.96
O00006239,1,31.39
O00006240,2,715.74
O00006241,3,1120.91
O00006242,3,179.7
O00006243,5,825.74
O00006244,3,598.02
O00006245,1,235.46
O00006246,3,975.52
O00006247,4,2312.0699999999997
O00006248,3,79.17
O00006249,4,328.76
O00006250,8,1128.25
O00006251,2,2070.54
O00006252,1,79.42
O00006253,1,57.18
O00006254,3,534.09
O00006255,3,199.31
O00006256,4,84.38
O00006257,3,453.07000000000005
O00006258,2,545.28
O00006259,1,22.11
O00006260,2,1206.78
O00006261,1,9.81
O00006262,1,74.86
O00006263,1,215.6
O00006264,2,57.43
O00006265,4,2594.7200000000003
O00006266,2,452.72
O00006267,1,15.64
O00006268,1,157.0
O00006269,6,7793.199999999999
O00006270,5,402.98
O00006271,1,154.05
O00006272,7,244.95
O00006273,5,520.75
O00006274,2,90.89
O00006275,1,283.17
O00006276,2,92.23
O00006277,4,546.48
O00006278,5,861.1999999999999
O00006279,3,94.32
O00006280,3,392.17
O00006281,2,937.9100000000001
O00006282,2,195.26
O00006283,3,544.93
O00006284,5,250.07
O00006285,1,79.25
O00006286,3,1893.81
O00006287,2,36.26
O00006288,3,551.1600000000001
O00006289,2,276.56
O00006290,3,586.18
O00006291,3,1837.89
O00006292,3,51.839999999999996
O00006293,5,119.14
O00006294,1,49.59
O00006295,1,65.0
O00006296,1,36.34
O00006297,1,140.52
O00006298,2,639.13
O00006299,4,480.16
O00006300,2,395.06
O00006301,4,361.53
O00006302,1,470.89
O00006303,7,578.63
O00006304,4,251.79
O00006305,4,2011.3899999999999
O00006306,2,724.1899999999999
O00006307,2,169.96
O00006308,3,165.42000000000002
O00006309,2,141.49
O00006310,2,226.88
O00006311,2,374.85
O00006312,1,1351.78
O00006313,1,159.88
O00006314,3,1142.87
O00006315,1,20.06
O00006316,2,766.52
O00006317,9,831.76
O00006318,3,566.37
O00006319,2,143.13
O00006320,1,501.37
O00006321,3,299.09000000000003
O00006322,1,27.19
O00006323,6,788.14
O00006324,1,701.36
O00006325,1,713.74
O00006326,2,375.83
O00006327,4,174.59
O00006328,2,223.20999999999998
O00006329,3,231.62
O00006330,1,1511.11
O00006331,7,1320.8899999999999
O00006332,1,30.77
O00006333,3,155.23000000000002
O00006334,4,794.08
O00006335,1,63.33
O00006336,1,13.04
O00006337,2,825.34
O00006338,2,24.34
O00006339,1,133.78
O00006340,3,1086.8600000000001
O00006341,6,239.97
O00006342,1,180.71
O00006343,5,916.33
O00006344,3,317.84
O00006345,1,134.65
O00006346,4,508.4
O00006347,6,660.99
O00006348,2,127.52
O00006349,3,298.5
O00006350,1,278.74
O00006351,1,111.12
O00006352,1,54.48
O00006353,2,235.79000000000002
O00006354,1,390.29
O00006355,6,1159.3999999999999
O00006356,7,2466.2400000000002
O00006357,2,124.1
O00006358,8,983.44
O00006359,2,206.85000000000002
O00006360,6,7735.2699999999995
O00006361,1,47.03
O00006362,3,271.99
O00006363,6,704.58
O00006364,4,594.51
O00006365,1,74.41
O00006366,3,175.33999999999997
O00006367,5,922.55
O00006368,2,488.32
O00006369,3,1738.13
O00006370,1,30.09
O00006371,3,56.37
O00006372,5,1677.96
O00006373,6,676.71
O00006374,4,765.69
O00006375,4,460.09
O00006376,8,490.59000000000003
O00006377,7,1389.57
O00006378,6,302.35
O00006379,1,10.2
O00006380,2,1071.38
O00006381,3,4090.19
O00006382,9,1155.4
O00006383,7,449.62
O00006384,2,125.16
O00006385,2,109.41
O00006386,2,526.97
O00006387,3,288.57
O00006388,4,2008.13
O00006389,8,844.76
O00006390,1,5.28
O00006391,2,1128.0900000000001
O00006392,2,707.9
O00006393,4,191.45999999999998
O00006394,4,1621.92
O00006395,1,52.92
O00006396,2,252.49
O00006397,1,49.59
O00006398,3,37.95
O00006399,3,75.6
O00006400,2,326.38
O00006401,1,97.57
O00006402,7,883.58
O00006403,1,871.03
O00006404,8,1564.0100000000002
O00006405,2,90.64
O00006406,2,1911.0
O00006407,5,713.26
O00006408,2,126.76
O00006409,6,1979.6
O00006410,2,107.52000000000001
O00006411,2,2023.42
O00006412,2,234.91
O00006413,4,283.42
O00006414,2,206.91
O00006415,1,305.42
O00006416,1,948.69
O00006417,4,472.09
O00006418,1,207.25
O00006419,3,169.54
O00006420,2,95.46
O00006421,6,3129.71
O00006422,1,20.14
O00006423,1,29.15
O00006424,1,2.75
O00006425,3,1312.84
O00006426,2,847.0799999999999
O00006427,1,64.82
O00006428,2,160.97
O00006429,3,1128.9199999999998
O00006430,9,1961.2599999999998
O00006431,2,64.84
O00006432,1,66.98
O00006433,2,594.94
O00006434,4,179.78000000000003
O00006435,6,1552.7
O00006436,2,36.51
O00006437,2,727.82
O00006438,1,123.01
O00006439,1,61.86
O00006440,1,118.9
O00006441,1,122.6
O00006442,2,119.32
O00006443,3,621.25
O00006444,5,711.98
O00006445,3,538.44
O00006446,5,1658.22
O00006447,2,122.24
O00006448,2,890.27
O00006449,5,1214.9099999999999
O00006450,4,131.75
O00006451,3,1286.93
O00006452,5,258.53
O00006453,5,4857.37
O00006454,4,532.42
O00006455,3,345.24
O00006456,4,867.01
O00006457,2,175.06
O00006458,1,253.6
O00006459,2,44.3
O00006460,1,12.97
O00006461,3,40.57
O00006462,3,236.03
O00006463,3,1059.08
O00006464,1,19.09
O00006465,4,123.77
O00006466,1,24.22
O00006467,5,161.57999999999998
O00006468,4,166.57
O00006469,1,27.23
O00006470,3,382.75
O00006471,2,40.46
O00006472,1,192.22
O00006473,2,1735.18
O00006474,3,569.72
O00006475,3,193.89
O00006476,4,399.86
O00006477,6,1162.39
O00006478,3,294.26
O00006479,1,738.47
O00006480,7,211.42000000000002
O00006481,1,31.98
O00006482,4,302.31
O00006483,1,111.48
O00006484,3,491.04
O00006485,7,463.22
O00006486,2,123.57
O00006487,5,1402.65
O00006488,2,933.34
O00006489,1,687.51
O00006490,1,190.38
O00006491,3,320.4
O00006492,3,57.18
O00006493,1,44.1
O00006494,1,86.47
O00006495,4,781.13
O00006496,2,233.94
O00006497,3,3716.79
O00006498,5,1842.42
O00006499,2,373.09000000000003
O00006500,1,984.2
O00006501,4,1371.81
O00006502,4,1164.97
O00006503,3,314.51
O00006504,1,55.44
O00006505,4,363.89
O00006506,2,40.46
O00006507,4,606.02
O00006508,3,332.16
O00006509,4,284.43
O00006510,2,109.92
O00006511,2,51.34
O00006512,2,326.9
O00006513,1,81.68
O00006514,2,40.64
O00006515,4,1125.37
O00006516,4,337.39
O00006517,1,41.15
O00006518,3,235.98000000000002
O00006519,1,97.36
O00006520,8,551.46
O00006521,7,1788.9899999999998
O00006522,1,16.79
O00006523,1,25.57
O00006524,7,4555.099999999999
O00006525,2,354.81
O00006526,1,27.65
O00006527,5,586.49
O00006528,4,126.79
O00006529,5,446.39
O00006530,5,1084.6200000000001
O00006531,3,463.47
O00006532,2,587.49
O00006533,4,448.72
O00006534,4,798.36
O00006535,2,939.1
O00006536,1,38.54
O00006537,2,135.65
O00006538,1,76.15
O00006539,1,422.22
O00006540,8,609.9300000000001
O00006541,3,127.72
O00006542,1,56.87
O00006543,1,62.58
O00006544,2,370.37
O00006545,1,82.69
O00006546,6,439.02
O00006547,3,165.60999999999999
O00006548,8,2784.07
O00006549,6,523.57
O00006550,1,52.93
O00006551,1,712.19
O00006552,5,648.35
O00006553,9,1436.0
O00006554,1,61.86
O00006555,4,3800.7
O00006556,2,117.39999999999999
O00006557,1,97.59
O00006558,1,49.87
O00006559,5,533.34
O00006560,4,1024.05
O00006561,6,530.65
O00006562,1,49.7
O00006563,2,311.6
O00006564,3,345.6
O00006565,1,32.11
O00006566,7,2985.2400000000002
O00006567,1,54.34
O00006568,3,1170.57
O00006569,2,241.62
O00006570,3,117.45
O00006571,5,3522.0
O00006572,1,103.54
O00006573,2,278.71000000000004
O00006574,6,3932.97
O00006575,3,268.01
O00006576,1,69.43
O00006577,5,2011.23
O00006578,1,83.13
O00006579,3,157.27999999999997
O00006580,2,295.81
O00006581,1,188.55
O00006582,5,2557.84
O00006583,3,413.14
O00006584,3,243.96
O00006585,1,96.96
O00006586,2,26.24
O00006587,1,52.29
O00006588,2,345.30999999999995
O00006589,7,373.19
O00006590,5,791.6
O00006591,4,1480.5100000000002
O00006592,1,27.23
O00006593,3,398.19
O00006594,5,119.43
O00006595,1,9.98
O00006596,2,752.62
O00006597,3,39.839999999999996
O00006598,1,53.24
O00006599,2,30.06
O00006600,4,697.5899999999999
O00006601,2,42.25
O00006602,2,177.32
O00006603,1,1599.98
O00006604,6,442.47
O00006605,3,185.19
O00006606,5,290.79999999999995
O00006607,6,2080.4
O00006608,2,1559.89
O00006609,2,778.08
O00006610,2,82.11
O00006611,2,84.52
O00006612,8,2042.7
O00006613,3,532.92
O00006614,2,372.81
O00006615,3,201.51999999999998
O00006616,2,33.76
O00006617,5,671.0600000000001
O00006618,1,344.26
O00006619,3,864.6099999999999
O00006620,6,185.76
O00006621,2,498.36
O00006622,4,537.03
O00006623,1,68.12
O00006624,1,254.74
O00006625,6,814.02
O00006626,3,1203.9
O00006627,8,3112.56
O00006628,3,214.17
O00006629,5,387.3
O00006630,3,234.6
O00006631,5,463.25
O00006632,2,15.52
O00006633,3,3584.82
O00006634,1,990.68
O00006635,1,11.67
O00006636,2,228.06
O00006637,2,350.63
O00006638,3,177.93
O00006639,1,35.82
O00006640,12,1728.3999999999999
O00006641,1,82.77
O00006642,2,60.52
O00006643,1,71.59
O00006644,1,132.56
O00006645,1,167.72
O00006646,6,3075.53
O00006647,1,183.59
O00006648,1,165.59
O00006649,2,394.95000000000005
O00006650,10,6138.5
O00006651,2,204.06
O00006652,2,127.6
O00006653,8,643.72
O00006654,2,226.88
O00006655,4,645.28
O00006656,1,247.47
O00006657,2,193.47
O00006658,3,617.22
O00006659,2,1440.1
O00006660,1,2338.13
O00006661,3,86.49
O00006662,1,68.37
O00006663,2,547.42
O00006664,6,476.35
O00006665,1,108.57
O00006666,2,148.82
O00006667,9,1906.95
O00006668,3,220.17
O00006669,3,2183.0
O00006670,3,120.08000000000001
O00006671,7,2879.77
O00006672,9,2844.18
O00006673,1,188.49
O00006674,1,60.33
O00006675,7,963.27
O00006676,1,103.58
O00006677,6,882.33
O00006678,1,53.8
O00006679,1,372.7
O00006680,2,53.48
O00006681,7,1395.9099999999999
O00006682,1,291.45
O00006683,1,67.54
O00006684,3,287.26
O00006685,3,147.46
O00006686,2,356.79999999999995
O00006687,1,77.34
O00006688,8,1204.05
O00006689,1,32.16
O00006690,1,2.48
O00006691,4,1241.49
O00006692,6,612.59
O00006693,1,132.71
O00006694,1,44.71
O00006695,4,1497.22
O00006696,1,66.33
O00006697,3,316.0
O00006698,4,606.07
O00006699,4,84.96
O00006700,2,145.13
O00006701,2,1027.26
O00006702,3,241.68
O00006703,5,921.94
O00006704,1,431.12
O00006705,5,329.44
O00006706,5,541.8399999999999
O00006707,1,137.49
O00006708,8,5559.329999999999
O00006709,4,668.04
O00006710,2,1141.14
O00006711,5,600.53
O00006712,2,100.06
O00006713,3,239.89
O00006714,1,87.91
O00006715,5,360.76
O00006716,7,1882.1200000000001
O00006717,7,1997.9699999999998
O00006718,1,118.17
O00006719,3,64.56
O00006720,3,242.37
O00006721,4,946.9200000000001
O00006722,1,94.95
O00006723,5,3801.45
O00006724,7,956.01
O00006725,5,49.32000000000001
O00006726,4,2130.81
O00006727,3,1661.6399999999999
O00006728,1,31.57
O00006729,5,176.98000000000002
O00006730,3,95.82
O00006731,4,520.59
O00006732,1,503.48
O00006733,2,339.57
O00006734,4,1008.78
O00006735,3,72.69
O00006736,1,658.35
O00006737,4,181.3
O00006738,1,24.52
O00006739,3,155.78
O00006740,2,101.62
O00006741,2,76.28
O00006742,2,164.1
O00006743,1,54.86
O00006744,2,847.34
O00006745,3,548.36
O00006746,4,586.6
O00006747,1,79.36
O00006748,4,122.7
O00006749,6,854.47
O00006750,3,1857.32
O00006751,4,179.53
O00006752,3,3528.0
O00006753,2,39.52
O00006754,1,166.86
O00006755,6,957.42
O00006756,2,142.58
O00006757,1,967.83
O00006758,4,120.8
O00006759,7,247.85999999999999
O00006760,1,168.02
O00006761,5,506.11
O00006762,2,126.16
O00006763,5,268.91
O00006764,2,385.53000000000003
O00006765,5,995.07
O00006766,5,386.14
O00006767,3,284.53000000000003
O00006768,2,308.92
O00006769,3,1670.75
O00006770,3,293.13
O00006771,7,1409.44
O00006772,5,2042.32
O00006773,2,1047.6
O00006774,1,19.77
O00006775,2,806.6
O00006776,3,218.81
O00006777,3,32.1
O00006778,1,28.38
O00006779,3,1311.4
O00006780,3,33.1
O00006781,4,179.22
O00006782,2,224.44
O00006783,1,46.89
O00006784,2,135.02
O00006785,3,299.58
O00006786,3,296.4
O00006787,5,1691.55
O00006788,3,62.620000000000005
O00006789,2,686.78
O00006790,4,529.1700000000001
O00006791,1,75.93
O00006792,1,15.87
O00006793,2,498.14
O00006794,2,247.13
O00006795,1,153.71
O00006796,7,1713.1100000000001
O00006797,4,253.45999999999998
O00006798,2,1111.8799999999999
O00006799,4,744.22
O00006800,3,272.71999999999997
O00006801,6,176.26
O00006802,2,26.68
O00006803,4,1083.48
O00006804,8,4431.11
O00006805,2,235.44
O00006806,2,139.03
O00006807,2,756.54
O00006808,2,1063.06
O00006809,4,294.78
O00006810,2,350.22
O00006811,6,2354.43
O00006812,1,157.71
O00006813,5,1504.31
O00006814,4,174.51
O00006815,5,241.79
O00006816,6,658.3
O00006817,2,189.63
O00006818,5,734.45
O00006819,4,474.91999999999996
O00006820,6,1095.28
O00006821,7,643.18
O00006822,1,32.06
O00006823,1,233.7
O00006824,5,955.3000000000001
O00006825,6,624.0799999999999
O00006826,2,90.80999999999999
O00006827,4,954.36
O00006828,4,327.82
O00006829,5,1302.2
O00006830,2,265.12
O00006831,1,299.66
O00006832,2,276.87
O00006833,5,611.03
O00006834,2,152.9
O00006835,3,135.47
O00006836,2,81.54
O00006837,1,120.82
O00006838,2,152.04000000000002
O00006839,5,2578.01
O00006840,4,224.74
O00006841,4,230.48
O00006842,4,200.32
O00006843,1,283.17
O00006844,1,535.69
O00006845,11,934.6700000000001
O00006846,1,21.15
O00006847,1,208.05
O00006848,4,624.06
O00006849,4,2269.31
O00006850,4,4359.57
O00006851,2,252.58
O00006852,8,1133.6000000000001
O00006853,2,1359.4
O00006854,1,152.1
O00006855,4,415.45
O00006856,2,33.04
O00006857,5,2120.71
O00006858,2,352.16
O00006859,4,193.12
O00006860,2,1008.59
O00006861,2,1628.6
O00006862,5,700.7900000000001
O00006863,3,388.93
O00006864,1,148.44
O00006865,2,215.39
O00006866,3,586.5400000000001
O00006867,4,274.34999999999997
O00006868,3,909.45
O00006869,3,176.07
O00006870,3,1254.6899999999998
O00006871,4,880.1300000000001
O00006872,4,411.75
O00006873,1,69.57
O00006874,2,95.46
O00006875,9,2473.24
O00006876,1,98.55
O00006877,2,533.87
O00006878,1,15.22
O00006879,5,188.64000000000001
O00006880,4,886.0600000000001
O00006881,3,302.07
O00006882,4,65.02000000000001
O00006883,3,233.97
O00006884,1,154.67
O00006885,6,1472.2399999999998
O00006886,1,68.39
O00006887,2,1462.21
O00006888,1,112.28
O00006889,7,3841.84
O00006890,4,603.49
O00006891,4,282.02
O00006892,3,177.93
O00006893,3,247.25
O00006894,2,11.08
O00006895,1,75.19
O00006896,1,142.59
O00006897,8,2126.89
O00006898,2,87.5
O00006899,1,43.24
O00006900,7,2791.04
O00006901,2,70.2
O00006902,1,871.03
O00006903,1,6.95
O00006904,4,866.49
O00006905,5,545.45
O00006906,2,267.81
O00006907,2,37.14
O00006908,4,271.82
O00006909,3,177.13
O00006910,3,111.31
O00006911,1,6.08
O00006912,6,2455.44
O00006913,1,61.12
O00006914,7,646.11
O00006915,3,724.39
O00006916,1,86.47
O00006917,7,486.23
O00006918,3,397.31
O00006919,5,5002.49
O00006920,1,22.55
O00006921,3,892.5
O00006922,2,347.77
O00006923,2,1622.68
O00006924,1,78.36
O00006925,1,85.64
O00006926,1,5.66
O00006927,3,295.71
O00006928,3,118.68
O00006929,3,1650.4
O00006930,1,26.28
O00006931,2,322.58
O00006932,1,27.24
O00006933,1,44.29
O00006934,1,405.41
O00006935,1,113.45
O00006936,3,244.67000000000002
O00006937,1,109.53
O00006938,1,57.52
O00006939,3,114.47
O00006940,5,900.8900000000001
O00006941,2,183.74
O00006942,4,900.98
O00006943,2,81.67
O00006944,3,275.40000000000003
O00006945,2,385.39000000000004
O00006946,3,2649.19
O00006947,5,603.06
O00006948,1,14.59
O00006949,3,1266.58
O00006950,1,56.18
O00006951,1,173.25
O00006952,4,130.23
O00006953,4,210.99
O00006954,2,184.48
O00006955,3,942.25
O00006956,2,227.5
O00006957,2,523.61
O00006958,3,297.27
O00006959,1,5.55
O00006960,5,299.93
O00006961,3,166.42000000000002
O00006962,1,351.45
O00006963,3,183.53
O00006964,3,753.3100000000001
O00006965,5,2040.33
O00006966,2,165.96
O00006967,5,253.06
O00006968,5,860.35
O00006969,4,51.95
O00006970,2,123.61
O00006971,1,43.35
O00006972,1,40.03
O00006973,1,43.85
O00006974,4,451.18
O00006975,1,169.79
O00006976,6,370.90000000000003
O00006977,4,1348.5099999999998
O00006978,4,245.62
O00006979,3,239.49
O00006980,3,254.67
O00006981,3,171.89
O00006982,9,1742.3400000000001
O00006983,2,488.58
O00006984,1,79.36
O00006985,2,171.44
O00006986,3,196.8
O00006987,5,1082.03
O00006988,4,728.09
O00006989,1,99.23
O00006990,2,136.38
O00006991,3,2040.45
O00006992,3,140.4
O00006993,1,19.99
O00006994,4,1034.76
O00006995,1,43.35
O00006996,1,33.05
O00006997,9,917.23
O00006998,5,294.74
O00006999,2,1894.3600000000001
O00007000,5,353.77
O00007001,1,37.56
O00007002,5,147.64000000000001
O00007003,2,988.72
O00007004,6,720.28
O00007005,2,192.95
O00007006,1,124.31
O00007007,1,118.9
O00007008,2,41.54
O00007009,4,1065.6
O00007010,2,13.04
O00007011,5,304.72
O00007012,11,1296.43
O00007013,2,703.72
O00007014,3,669.28
O00007015,2,209.25
O00007016,3,1191.98
O00007017,1,118.9
O00007018,3,1181.79
O00007019,3,1262.9499999999998
O00007020,2,167.9
O00007021,3,790.95
O00007022,4,317.27000000000004
O00007023,3,1510.29
O00007024,2,278.18
O00007025,1,1197.44
O00007026,4,111.99000000000001
O00007027,3,277.82
O00007028,7,2965.98
O00007029,3,1103.05
O00007030,2,75.8
O00007031,2,389.45000000000005
O00007032,3,1531.42
O00007033,2,120.78
O00007034,3,202.25
O00007035,1,51.75
O00007036,4,58.730000000000004
O00007037,4,540.52
O00007038,1,88.66
O00007039,7,699.9100000000001
O00007040,3,577.88
O00007041,1,90.37
O00007042,1,63.31
O00007043,3,976.21
O00007044,2,352.34000000000003
O00007045,4,154.44
O00007046,1,19.51
O00007047,1,112.28
O00007048,6,616.5
O00007049,9,863.71
O00007050,4,516.54
O00007051,2,5.98
O00007052,4,1178.93
O00007053,1,84.37
O00007054,2,456.76
O00007055,5,266.56
O00007056,2,200.74
O00007057,1,134.5
O00007058,2,1551.04
O00007059,3,1023.75
O00007060,2,140.20999999999998
O00007061,1,202.98
O00007062,5,392.98
O00007063,3,1431.77
O00007064,2,657.9300000000001
O00007065,2,209.07
O00007066,3,894.12
O00007067,1,203.3
O00007068,1,1260.68
O00007069,3,169.31
O00007070,1,20.41
O00007071,3,1038.53
O00007072,2,667.8199999999999
O00007073,3,2815.07
O00007074,3,1392.5500000000002
O00007075,2,625.0
O00007076,4,615.51
O00007077,1,21.02
O00007078,7,2056.42
O00007079,1,38.79
O00007080,3,697.0
O00007081,3,74.94
O00007082,3,154.66
O00007083,3,329.73
O00007084,4,220.87
O00007085,4,612.2
O00007086,1,9.31
O00007087,1,8.07
O00007088,1,13.72
O00007089,3,34.02
O00007090,3,77.18
O00007091,1,100.62
O00007092,3,332.16
O00007093,2,136.74
O00007094,1,44.38
O00007095,3,1458.2600000000002
O00007096,1,103.35
O00007097,1,166.22
O00007098,1,132.13
O00007099,11,1133.71
O00007100,3,195.87
O00007101,3,210.28
O00007102,4,1176.8999999999999
O00007103,3,111.24
O00007104,1,65.21
O00007105,3,166.7
O00007106,1,56.18
O00007107,6,501.43
O00007108,5,534.0899999999999
O00007109,7,527.55
O00007110,4,1342.27
O00007111,2,179.17000000000002
O00007112,1,84.37
O00007113,2,62.19
O00007114,2,160.26999999999998
O00007115,3,490.5
O00007116,6,456.66999999999996
O00007117,2,2677.06
O00007118,4,1274.56
O00007119,1,49.84
O00007120,2,447.75
O00007121,1,114.03
O00007122,4,1174.48
O00007123,3,190.07
O00007124,2,508.74
O00007125,2,120.35
O00007126,1,48.64
O00007127,1,460.66
O00007128,1,21.71
O00007129,8,1190.4
O00007130,2,149.79
O00007131,4,510.19
O00007132,1,104.54
O00007133,7,728.13
O00007134,4,67.34
O00007135,3,1120.32
O00007136,1,92.17
O00007137,7,506.83
O00007138,4,897.8
O00007139,3,343.21
O00007140,5,967.28
O00007141,1,7.92
O00007142,3,594.5699999999999
O00007143,2,81.54
O00007144,4,277.18
O00007145,1,265.99
O00007146,1,70.23
O00007147,1,176.19
O00007148,1,77.99
O00007149,1,538.42
O00007150,1,111.61
O00007151,2,91.44
O00007152,1,16.74
O00007153,2,61.49
O00007154,1,342.98
O00007155,2,132.05
O00007156,4,1728.65
O00007157,3,33.22
O00007158,4,1495.76
O00007159,1,21.1
O00007160,2,51.1
O00007161,1,22.26
O00007162,2,253.32
O00007163,1,67.51
O00007164,2,2151.3
O00007165,2,120.12
O00007166,2,312.63
O00007167,1,98.81
O00007168,6,296.83
O00007169,3,1454.71
O00007170,3,489.62
O00007171,1,79.6
O00007172,1,114.51
O00007173,1,307.27
O00007174,3,105.24
O00007175,2,128.20999999999998
O00007176,1,951.69
O00007177,2,100.55
O00007178,1,105.34
O00007179,3,61.2
O00007180,5,551.9399999999999
O00007181,2,12.14
O00007182,3,328.56
O00007183,1,61.9
O00007184,2,237.96
O00007185,6,401.63000000000005
O00007186,1,81.17
O00007187,1,168.44
O00007188,2,1717.0
O00007189,5,553.29
O00007190,4,132.2
O00007191,4,84.11999999999999
O00007192,3,761.6
O00007193,7,3542.54
O00007194,2,179.19
O00007195,1,1206.27
O00007196,3,3232.29
O00007197,3,743.1899999999999
O00007198,6,382.52
O00007199,6,1460.75
O00007200,3,191.07
O00007201,3,716.41
O00007202,3,251.28
O00007203,4,2673.43
O00007204,2,115.07999999999998
O00007205,1,13.12
O00007206,4,598.5699999999999
O00007207,5,1198.8400000000001
O00007208,7,672.06
O00007209,1,122.71
O00007210,1,80.87
O00007211,3,381.35
O00007212,9,1955.02
O00007213,3,253.62
O00007214,3,278.81
O00007215,4,2155.3599999999997
O00007216,1,596.56
O00007217,4,2186.73
O00007218,4,2087.13
O00007219,2,94.82000000000001
O00007220,9,4092.12
O00007221,4,2572.96
O00007222,3,260.01
O00007223,1,12.46
O00007224,4,258.05
O00007225,2,18.5
O00007226,2,789.53
O00007227,5,149.01000000000002
O00007228,2,76.62
O00007229,1,21.06
O00007230,5,1514.12
O00007231,7,703.29
O00007232,2,355.9
O00007233,4,66.5
O00007234,5,1500.8700000000001
O00007235,3,783.2800000000001
O00007236,4,655.06
O00007237,4,2179.23
O00007238,5,257.31
O00007239,2,19.96
O00007240,2,99.4
O00007241,3,120.0
O00007242,1,221.26
O00007243,1,36.4
O00007244,1,58.1
O00007245,6,383.39
O00007246,3,1106.46
O00007247,4,2945.45
O00007248,1,51.04
O00007249,3,311.07
O00007250,2,63.35
O00007251,3,256.18
O00007252,3,497.67
O00007253,3,627.12
O00007254,4,912.4300000000001
O00007255,10,4783.84
O00007256,4,524.06
O00007257,3,393.48
O00007258,1,246.31
O00007259,1,985.35
O00007260,3,608.1099999999999
O00007261,1,543.31
O00007262,3,106.44
O00007263,2,93.14
O00007264,4,262.83
O00007265,7,235.02
O00007266,2,44.480000000000004
O00007267,4,145.04999999999998
O00007268,3,61.11
O00007269,1,11.37
O00007270,3,380.35
O00007271,1,214.62
O00007272,3,1599.25
O00007273,1,26.15
O00007274,4,222.69
O00007275,3,321.94
O00007276,2,383.78
O00007277,6,640.73
O00007278,2,40.28
O00007279,2,54.96
O00007280,3,208.02
O00007281,2,633.29
O00007282,5,892.41
O00007283,1,133.02
O00007284,2,2677.06
O00007285,1,57.46
O00007286,9,1732.27
O00007287,1,168.02
O00007288,2,152.74
O00007289,3,452.54
O00007290,4,511.58000000000004
O00007291,6,1155.57
O00007292,2,103.38
O00007293,4,233.87
O00007294,1,114.57
O00007295,3,214.69
O00007296,2,610.0
O00007297,6,1607.73
O00007298,1,47.03
O00007299,4,1904.76
O00007300,7,2670.31
O00007301,1,68.43
O00007302,3,29.94
O00007303,5,610.31
O00007304,3,1190.36
O00007305,4,764.24
O00007306,2,316.11
O00007307,1,97.63
O00007308,4,1445.44
O00007309,2,1403.03
O00007310,2,117.9
O00007311,5,452.15
O00007312,1,16.78
O00007313,5,258.99
O00007314,4,1424.27
O00007315,1,39.02
O00007316,6,5514.95
O00007317,5,414.82
O00007318,6,227.93
O00007319,4,225.5
O00007320,4,191.81
O00007321,5,619.33
O00007322,5,296.23
O00007323,1,11.8
O00007324,1,149.44
O00007325,4,723.9
O00007326,6,4315.17
O00007327,3,119.47999999999999
O00007328,1,313.89
O00007329,4,190.72
O00007330,1,205.73
O00007331,4,64.51
O00007332,6,2025.4999999999998
O00007333,2,130.12
O00007334,2,186.92000000000002
O00007335,1,8.24
O00007336,2,993.13
O00007337,2,439.59000000000003
O00007338,1,854.8
O00007339,2,23.24
O00007340,2,633.5
O00007341,3,243.96
O00007342,1,52.25
O00007343,4,316.46999999999997
O00007344,2,511.88
O00007345,5,676.68
O00007346,5,1040.49
O00007347,3,252.21
O00007348,3,1013.4
O00007349,6,495.76
O00007350,6,604.0799999999999
O00007351,6,2020.23
O00007352,7,1445.54
O00007353,1,3.69
O00007354,1,299.8
O00007355,1,273.91
O00007356,5,710.01
O00007357,1,974.16
O00007358,2,587.66
O00007359,2,326.46000000000004
O00007360,3,95.66000000000001
O00007361,1,226.36
O00007362,4,167.32
O00007363,6,1487.74
O00007364,2,106.39
O00007365,1,28.49
O00007366,1,8.24
O00007367,1,1205.1
O00007368,5,1154.9099999999999
O00007369,1,25.97
O00007370,3,504.96
O00007371,7,306.78000000000003
O00007372,6,463.02
O00007373,2,267.42
O00007374,1,30.81
O00007375,8,786.0500000000001
O00007376,3,126.55
O00007377,1,1287.95
O00007378,3,173.37
O00007379,4,1496.96
O00007380,3,1295.95
O00007381,1,109.05
O00007382,3,536.28
O00007383,1,31.7
O00007384,1,124.68
O00007385,1,649.28
O00007386,1,72.4
O00007387,6,1075.03
O00007388,2,154.82
O00007389,1,967.83
O00007390,5,419.12
O00007391,1,152.24
O00007392,1,40.03
O00007393,2,24.92
O00007394,2,860.5500000000001
O00007395,3,96.68
O00007396,1,944.56
O00007397,2,1542.16
O00007398,1,146.81
O00007399,1,293.47
O00007400,6,1879.62
O00007401,3,87.28
O00007402,6,5048.86
O00007403,8,378.23
O00007404,2,48.2
O00007405,1,68.12
O00007406,3,753.47
O00007407,1,22.53
O00007408,2,271.73
O00007409,2,545.59
O00007410,8,1395.25
O00007411,1,861.62
O00007412,1,9.74
O00007413,2,115.71000000000001
O00007414,1,317.38
O00007415,6,2275.56
O00007416,1,29.67
O00007417,3,335.3
O00007418,5,452.11
O00007419,3,1218.16
O00007420,2,1785.7199999999998
O00007421,1,79.29
O00007422,1,138.82
O00007423,1,71.29
O00007424,1,9.97
O00007425,5,145.37
O00007426,2,462.20000000000005
O00007427,2,234.84
O00007428,6,549.9
O00007429,2,339.43
O00007430,1,95.98
O00007431,1,460.66
O00007432,1,9.53
O00007433,8,188.28
O00007434,1,4.51
O00007435,2,652.02
O00007436,1,71.41
O00007437,4,550.78
O00007438,2,64.16
O00007439,1,15.79
O00007440,1,54.55
O00007441,3,1203.69
O00007442,2,90.03999999999999
O00007443,1,408.71
O00007444,1,86.34
O00007445,6,1182.8600000000001
O00007446,2,162.11
O00007447,2,1350.84
O00007448,3,339.42
O00007449,1,69.5
O00007450,1,128.31
O00007451,4,1435.87
O00007452,2,314.14
O00007453,3,992.63
O00007454,4,1254.74
O00007455,1,19.55
O00007456,1,81.57
O00007457,3,477.42
O00007458,1,327.68
O00007459,1,67.52
O00007460,1,30.81
O00007461,7,885.9200000000001
O00007462,2,414.39
O00007463,5,243.3
O00007464,6,2427.1000000000004
O00007465,6,405.87
O00007466,2,454.56
O00007467,5,110.36
O00007468,1,38.11
O00007469,3,409.24
O00007470,3,128.57
O00007471,5,1193.05
O00007472,1,496.78
O00007473,1,168.63
O00007474,5,1617.6999999999998
O00007475,2,771.19
O00007476,6,708.12
O00007477,8,1238.54
O00007478,2,318.28
O00007479,2,40.62
O00007480,5,1421.23
O00007481,1,63.31
O00007482,1,393.93
O00007483,2,35.769999999999996
O00007484,3,166.47
O00007485,6,490.28999999999996
O00007486,2,104.04
O00007487,2,70.72
O00007488,3,686.69
O00007489,4,253.54
O00007490,2,974.51
O00007491,1,36.94
O00007492,1,57.46
O00007493,2,300.65999999999997
O00007494,4,480.87
O00007495,2,197.16
O00007496,2,275.73
O00007497,2,243.85
O00007498,1,63.98
O00007499,2,104.31
O00007500,6,562.84
O00007501,5,406.76
O00007502,5,314.8
O00007503,2,330.02000000000004
O00007504,3,1534.3500000000001
O00007505,9,1310.13
O00007506,3,1187.89
O00007507,1,661.52
O00007508,5,676.49
O00007509,4,396.35
O00007510,1,20.84
O00007511,4,327.22
O00007512,4,1619.61
O00007513,9,1948.19
O00007514,3,124.1
O00007515,6,603.5
O00007516,3,459.33000000000004
O00007517,2,53.52
O00007518,6,565.23
O00007519,3,726.33
O00007520,1,49.59
O00007521,7,1200.99
O00007522,1,48.72
O00007523,5,378.91999999999996
O00007524,11,1042.85
O00007525,4,743.28
O00007526,1,32.07
O00007527,2,1509.75
O00007528,4,199.04000000000002
O00007529,4,1033.39
O00007530,6,1366.4399999999998
O00007531,4,400.73
O00007532,2,196.55
O00007533,1,10.78
O00007534,1,46.77
O00007535,1,33.86
O00007536,5,549.76
O00007537,2,216.65
O00007538,3,114.72
O00007539,6,1433.7799999999997
O00007540,3,450.53
O00007541,4,1968.38
O00007542,2,525.0
O00007543,1,96.97
O00007544,2,315.02
O00007545,2,797.64
O00007546,1,108.5
O00007547,1,90.15
O00007548,1,300.07
O00007549,1,52.1
O00007550,2,225.66
O00007551,1,50.17
O00007552,6,949.6999999999999
O00007553,1,1340.76
O00007554,6,569.0
O00007555,4,2324.44
O00007556,5,517.78
O00007557,1,34.13
O00007558,5,800.59
O00007559,2,424.56
O00007560,5,381.57
O00007561,3,183.18
O00007562,4,991.22
O00007563,3,769.12
O00007564,1,220.65
O00007565,6,574.06
O00007566,6,814.28
O00007567,1,479.8
O00007568,1,84.8
O00007569,1,40.7
O00007570,6,3350.08
O00007571,5,213.95
O00007572,8,969.96
O00007573,6,633.93
O00007574,2,200.85000000000002
O00007575,1,103.35
O00007576,1,100.3
O00007577,2,40.54
O00007578,2,38.8
O00007579,2,257.9
O00007580,3,390.18
O00007581,3,297.79
O00007582,1,137.88
O00007583,1,100.33
O00007584,2,185.82
O00007585,3,1841.9099999999999
O00007586,4,144.69
O00007587,3,85.89
O00007588,5,244.57000000000002
O00007589,2,2394.88
O00007590,1,307.54
O00007591,4,403.87
O00007592,1,60.85
O00007593,2,1072.06
O00007594,2,2227.85
O00007595,2,101.89999999999999
O00007596,4,2790.66
O00007597,1,156.31
O00007598,3,210.13
O00007599,3,327.15
O00007600,2,1134.78
O00007601,6,451.4
O00007602,6,752.88
O00007603,4,221.03
O00007604,2,294.46
O00007605,7,809.0799999999999
O00007606,5,211.81
O00007607,3,58.5
O00007608,1,7.56
O00007609,1,18.79
O00007610,6,271.75
O00007611,3,306.58000000000004
O00007612,1,104.12
O00007613,2,55.419999999999995
O00007614,1,178.31
O00007615,1,417.75
O00007616,1,2.83
O00007617,1,47.06
O00007618,5,3525.02
O00007619,8,2702.6
O00007620,2,40.82
O00007621,3,155.97
O00007622,4,531.7
O00007623,10,1759.1599999999999
O00007624,3,250.56
O00007625,4,1557.88
O00007626,1,154.67
O00007627,3,2143.25
O00007628,3,1226.13
O00007629,4,404.49
O00007630,2,289.9
O00007631,1,43.98
O00007632,2,103.5
O00007633,8,3618.88
O00007634,1,70.34
O00007635,5,1871.26
O00007636,5,373.13
O00007637,3,269.01
O00007638,3,94.29
O00007639,1,262.79
O00007640,2,21.560000000000002
O00007641,5,481.10999999999996
O00007642,2,561.49
O00007643,2,486.05
O00007644,1,96.75
O00007645,2,825.6
O00007646,1,117.09
O00007647,2,402.72
O00007648,3,101.9
O00007649,1,235.46
O00007650,3,128.22
O00007651,1,118.9
O00007652,2,108.96
O00007653,1,317.34
O00007654,2,421.28
O00007655,2,224.74
O00007656,2,128.92
O00007657,2,314.99
O00007658,4,319.75
O00007659,6,1493.94
O00007660,5,2000.67
O00007661,6,979.08
O00007662,4,1299.1299999999999
O00007663,10,2329.19
O00007664,6,1182.8300000000002
O00007665,3,1021.5
O00007666,1,70.7
O00007667,1,36.53
O00007668,4,172.07
O00007669,1,92.28
O00007670,6,611.5400000000001
O00007671,5,668.74
O00007672,2,809.6600000000001
O00007673,2,494.86
O00007674,1,22.11
O00007675,3,320.2
O00007676,3,1295.2800000000002
O00007677,3,282.78999999999996
O00007678,1,29.53
O00007679,1,46.36
O00007680,4,264.22
O00007681,2,126.16
O00007682,3,476.76
O00007683,3,147.41
O00007684,7,324.66
O00007685,8,2456.22
O00007686,6,1568.4600000000003
O00007687,1,949.73
O00007688,2,41.68
O00007689,12,1064.52
O00007690,2,163.5
O00007691,1,264.08
O00007692,1,47.96
O00007693,4,171.13000000000002
O00007694,1,72.69
O00007695,2,124.22
O00007696,1,78.26
O00007697,4,130.33
O00007698,1,94.95
O00007699,2,241.85
O00007700,4,563.01
O00007701,3,425.89
O00007702,4,1533.14
O00007703,1,183.59
O00007704,1,158.55
O00007705,1,132.56
O00007706,2,348.04999999999995
O00007707,1,955.5
O00007708,5,246.72000000000003
O00007709,2,102.71000000000001
O00007710,3,128.28
O00007711,2,316.12
O00007712,2,634.76
O00007713,3,1523.58
O00007714,1,62.62
O00007715,3,186.67000000000002
O00007716,3,1499.08
O00007717,1,492.48
O00007718,1,47.02
O00007719,2,208.52
O00007720,2,2410.2
O00007721,1,9.27
O00007722,1,8.44
O00007723,5,815.3800000000001
O00007724,2,84.66
O00007725,1,15.87
O00007726,2,488.72
O00007727,1,26.39
O00007728,6,546.73
O00007729,4,490.11
O00007730,2,19.96
O00007731,3,285.88
O00007732,5,275.36
O00007733,2,151.2
O00007734,1,7.37
O00007735,4,146.51
O00007736,7,874.79
O00007737,2,152.66
O00007738,4,545.51
O00007739,4,354.05
O00007740,7,864.28
O00007741,1,51.04
O00007742,5,286.94
O00007743,6,641.79
O00007744,2,332.74
O00007745,2,138.2
O00007746,5,1103.49
O00007747,1,44.55
O00007748,7,1318.97
O00007749,4,104.19
O00007750,2,1323.04
O00007751,1,126.24
O00007752,5,1609.31
O00007753,4,147.36
O00007754,2,699.31
O00007755,3,1006.8399999999999
O00007756,1,10.39
O00007757,3,507.89
O00007758,1,99.56
O00007759,2,95.94
O00007760,8,711.9100000000001
O00007761,3,408.36
O00007762,2,145.55
O00007763,1,143.9
O00007764,1,17.96
O00007765,1,236.97
O00007766,1,156.31
O00007767,3,306.39
O00007768,5,554.29
O00007769,3,571.23
O00007770,8,1090.6299999999999
O00007771,3,815.0
O00007772,2,250.56
O00007773,4,1538.18
O00007774,7,1179.1399999999999
O00007775,2,16.12
O00007776,4,2109.34
O00007777,2,139.31
O00007778,3,398.55
O00007779,2,62.45
O00007780,2,211.5
O00007781,5,228.9
O00007782,2,462.3
O00007783,1,161.15
O00007784,8,1104.46
O00007785,2,69.88
O00007786,3,109.55000000000001
O00007787,1,100.06
O00007788,2,105.08
O00007789,3,723.13
O00007790,2,621.8199999999999
O00007791,1,92.23
O00007792,3,240.3
O00007793,4,140.16
O00007794,3,466.1
O00007795,2,24.62
O00007796,6,483.15000000000003
O00007797,2,195.61
O00007798,3,395.90999999999997
O00007799,4,428.94000000000005
O00007800,3,191.73000000000002
O00007801,1,1603.75
O00007802,7,468.79999999999995
O00007803,2,519.44
O00007804,1,46.0
O00007805,4,151.94
O00007806,2,264.94
O00007807,3,262.38
O00007808,3,276.01
O00007809,1,51.45
O00007810,8,2545.55
O00007811,1,64.95
O00007812,4,1040.8899999999999
O00007813,3,311.05
O00007814,1,52.29
O00007815,5,1870.01
O00007816,6,1588.3
O00007817,2,349.82
O00007818,1,259.72
O00007819,4,1206.6499999999999
O00007820,7,304.71
O00007821,4,1341.1
O00007822,5,562.19
O00007823,6,676.3000000000001
O00007824,3,74.94
O00007825,3,73.81
O00007826,3,235.07
O00007827,4,274.81
O00007828,1,7.37
O00007829,1,81.49
O00007830,1,32.11
O00007831,1,2035.42
O00007832,1,17.35
O00007833,1,1511.11
O00007834,3,280.09000000000003
O00007835,4,1520.1699999999998
O00007836,3,1836.08
O00007837,4,493.6
O00007838,1,260.17
O00007839,4,509.59
O00007840,2,316.52
O00007841,3,268.09
O00007842,6,1109.1399999999999
O00007843,1,93.49
O00007844,7,1625.6599999999999
O00007845,6,251.84
O00007846,3,149.63
O00007847,1,100.3
O00007848,1,955.5
O00007849,4,297.95
O00007850,4,609.14
O00007851,6,742.25
O00007852,3,1047.49
O00007853,4,3547.33
O00007854,3,389.75
O00007855,5,3187.1800000000003
O00007856,1,46.89
O00007857,1,543.31
O00007858,2,758.1
O00007859,3,256.06
O00007860,3,116.76
O00007861,2,109.66
O00007862,3,1170.57
O00007863,4,484.07
O00007864,2,38.06
O00007865,1,40.24
O00007866,1,20.41
O00007867,5,1428.1200000000001
O00007868,1,100.06
O00007869,2,549.25
O00007870,3,1536.3200000000002
O00007871,2,181.14
O00007872,2,150.55
O00007873,2,28.200000000000003
O00007874,5,2758.41
O00007875,1,37.8
O00007876,2,415.34
O00007877,2,882.08
O00007878,10,3805.27
O00007879,7,1178.65
O00007880,6,1837.06
O00007881,1,183.58
O00007882,6,1410.9299999999998
O00007883,2,2364.73
O00007884,1,83.98
O00007885,2,91.48
O00007886,1,149.44
O00007887,5,1277.29
O00007888,3,174.76
O00007889,5,2608.7799999999997
O00007890,2,344.84
O00007891,1,97.78
O00007892,2,737.64
O00007893,3,1520.22
O00007894,1,100.06
O00007895,4,188.01000000000002
O00007896,1,69.07
O00007897,4,927.75
O00007898,1,495.1
O00007899,5,1102.97
O00007900,2,1569.6200000000001
O00007901,1,93.07
O00007902,4,125.95
O00007903,2,430.56
O00007904,3,57.269999999999996
O00007905,9,581.31
O00007906,3,223.8
O00007907,3,195.93
O00007908,2,141.96
O00007909,4,2765.46
O00007910,6,4031.7400000000002
O00007911,1,299.8
O00007912,6,1278.28
O00007913,1,260.9
O00007914,4,250.14000000000001
O00007915,1,2.47
O00007916,1,11.62
O00007917,1,19.09
O00007918,5,1977.15
O00007919,1,2.92
O00007920,2,146.04000000000002
O00007921,4,569.65
O00007922,3,1562.4
O00007923,5,375.84000000000003
O00007924,1,35.56
O00007925,6,1268.31
O00007926,1,213.25
O00007927,1,264.67
O00007928,4,1416.87
O00007929,3,1591.6
O00007930,4,605.17
O00007931,5,509.80999999999995
O00007932,4,315.81
O00007933,1,47.18
O00007934,3,2178.11
O00007935,1,9.74
O00007936,3,568.44
O00007937,2,222.17
O00007938,1,173.94
O00007939,1,61.15
O00007940,3,434.02
O00007941,2,111.63999999999999
O00007942,1,154.03
O00007943,2,110.42
O00007944,3,241.94
O00007945,4,235.58
O00007946,4,948.57
O00007947,4,204.66
O00007948,5,832.79
O00007949,1,221.48
O00007950,2,355.28
O00007951,5,492.09000000000003
O00007952,1,484.18
O00007953,5,1216.9499999999998
O00007954,4,206.98
O00007955,5,217.37
O00007956,1,26.28
O00007957,6,731.8
O00007958,4,478.91999999999996
O00007959,1,104.54
O00007960,7,1555.98
O00007961,1,88.68
O00007962,1,260.48
O00007963,11,2895.5099999999998
O00007964,3,207.87
O00007965,2,52.78
O00007966,1,53.39
O00007967,5,1195.61
O00007968,2,108.44
O00007969,5,811.21
O00007970,3,32.63
O00007971,8,598.3
O00007972,1,44.4
O00007973,1,29.15
O00007974,4,226.40999999999997
O00007975,3,1832.71
O00007976,1,401.23
O00007977,3,1022.07
O00007978,4,758.21
O00007979,2,99.74
O00007980,3,2644.0699999999997
O00007981,2,29.869999999999997
O00007982,1,19.09
O00007983,3,463.65999999999997
O00007984,6,527.09
O00007985,5,283.04999999999995
O00007986,3,2789.19
O00007987,1,320.65
O00007988,8,1366.1599999999999
O00007989,1,178.96
O00007990,3,685.14
O00007991,4,569.51
O00007992,2,208.18
O00007993,1,8.74
O00007994,4,1555.9499999999998
O00007995,2,64.86
O00007996,7,2985.27
O00007997,2,125.24
O00007998,5,888.34
O00007999,3,204.45000000000002
O00008000,2,183.65
O00008001,3,68.49000000000001
O00008002,2,572.62
O00008003,5,501.90999999999997
O00008004,1,43.24
O00008005,2,161.64000000000001
O00008006,2,480.8
O00008007,2,728.58
O00008008,3,24.21
O00008009,3,302.01
O00008010,3,135.84
O00008011,1,660.72
O00008012,5,115.38999999999999
O00008013,5,546.45
O00008014,1,318.51
O00008015,5,222.67
O00008016,4,455.55
O00008017,1,134.71
O00008018,1,32.43
O00008019,4,895.5999999999999
O00008020,1,26.74
O00008021,1,596.56
O00008022,2,664.9300000000001
O00008023,4,458.0
O00008024,6,1008.4100000000001
O00008025,4,513.36
O00008026,3,728.78
O00008027,1,54.01
O00008028,7,379.87
O00008029,8,1477.71
O00008030,3,226.2
O00008031,3,1026.27
O00008032,1,67.51
O00008033,4,156.85
O00008034,3,855.63
O00008035,4,376.35
O00008036,2,333.72
O00008037,4,136.07
O00008038,3,110.25
O00008039,2,231.26
O00008040,1,115.81
O00008041,2,901.26
O00008042,5,577.29
O00008043,1,69.5
O00008044,4,1177.9099999999999
O00008045,1,28.05
O00008046,2,353.21000000000004
O00008047,2,57.45
O00008048,5,5506.429999999999
O00008049,2,186.73000000000002
O00008050,2,135.39
O00008051,1,20.06
O00008052,1,86.67
O00008053,1,22.25
O00008054,4,1436.46
O00008055,3,129.57999999999998
O00008056,3,2160.15
O00008057,2,130.62
O00008058,1,494.84
O00008059,6,3700.0600000000004
O00008060,2,307.42
O00008061,2,33.16
O00008062,1,96.56
O00008063,3,1904.31
O00008064,1,182.11
O00008065,8,898.8100000000001
O00008066,3,139.76
O00008067,4,2063.86
O00008068,3,385.78
O00008069,2,98.47
O00008070,2,223.10999999999999
O00008071,2,296.45
O00008072,8,1523.5700000000002
O00008073,1,492.64
O00008074,3,159.74
O00008075,2,2774.78
O00008076,5,2470.13
O00008077,2,463.16
O00008078,1,639.96
O00008079,1,412.67
O00008080,2,124.09
O00008081,4,1373.78
O00008082,1,77.99
O00008083,1,418.78
O00008084,4,4067.69
O00008085,2,158.72
O00008086,6,942.18
O00008087,1,22.55
O00008088,4,158.42
O00008089,3,254.91
O00008090,6,470.47
O00008091,6,400.96
O00008092,6,389.34000000000003
O00008093,4,3127.9599999999996
O00008094,2,343.14
O00008095,4,469.91
O00008096,2,4339.96
O00008097,3,212.95
O00008098,4,1108.8899999999999
O00008099,5,680.71
O00008100,6,1448.4
O00008101,2,420.78
O00008102,1,17.5
O00008103,7,533.37
O00008104,5,220.16
O00008105,1,96.56
O00008106,4,941.24
O00008107,1,93.43
O00008108,1,46.0
O00008109,1,35.24
O00008110,3,1412.98
O00008111,2,210.96
O00008112,3,131.94
O00008113,3,276.88
O00008114,3,1300.1699999999998
O00008115,3,354.7
O00008116,8,2727.16
O00008117,1,177.95
O00008118,4,395.96000000000004
O00008119,1,161.29
O00008120,6,1382.8000000000002
O00008121,5,1966.68
O00008122,1,225.0
O00008123,2,73.43
O00008124,5,515.46
O00008125,7,2684.5699999999997
O00008126,1,255.94
O00008127,2,159.68
O00008128,1,241.98
O00008129,1,50.17
O00008130,5,345.18
O00008131,4,2040.79
O00008132,5,714.47
O00008133,1,26.34
O00008134,2,201.5
O00008135,5,424.63
O00008136,6,1048.26
O00008137,4,155.07999999999998
O00008138,2,1006.86
O00008139,7,3850.16
O00008140,2,85.48
O00008141,6,1807.67
O00008142,3,623.67
O00008143,1,82.85
O00008144,1,22.53
O00008145,1,209.1
O00008146,3,239.89999999999998
O00008147,1,106.52
O00008148,1,205.74
O00008149,3,168.83
O00008150,1,92.24
O00008151,2,40.26
O00008152,3,1413.8700000000001
O00008153,6,374.27
O00008154,1,69.29
O00008155,3,661.78
O00008156,4,597.59
O00008157,3,538.38
O00008158,1,13.34
O00008159,1,134.17
O00008160,4,1325.75
O00008161,3,119.9
O00008162,3,3075.93
O00008163,1,46.4
O00008164,1,265.37
O00008165,1,31.57
O00008166,3,1636.74
O00008167,1,18.38
O00008168,3,74.08
O00008169,6,474.34000000000003
O00008170,1,944.56
O00008171,1,81.52
O00008172,6,245.91
O00008173,5,357.12
O00008174,3,837.58
O00008175,5,711.5600000000001
O00008176,4,1698.23
O00008177,2,94.12
O00008178,1,187.75
O00008179,3,479.04
O00008180,3,166.78
O00008181,1,96.76
O00008182,6,420.34999999999997
O00008183,1,5.74
O00008184,3,27.69
O00008185,6,672.4399999999999
O00008186,11,2842.41
O00008187,5,1448.06
O00008188,2,351.26
O00008189,1,114.24
O00008190,2,598.9
O00008191,9,813.79
O00008192,7,545.77
O00008193,2,362.37
O00008194,4,387.7
O00008195,3,441.38
O00008196,5,515.32
O00008197,4,728.92
O00008198,1,76.18
O00008199,4,746.9100000000001
O00008200,4,1439.84
O00008201,1,160.19
O00008202,1,40.38
O00008203,1,387.23
O00008204,3,997.78
O00008205,2,484.22
O00008206,1,35.41
O00008207,4,228.58
O00008208,4,786.14
O00008209,1,134.22
O00008210,5,1603.6399999999999
O00008211,3,25.32
O00008212,1,119.52
O00008213,6,228.35
O00008214,1,383.26
O00008215,2,483.46
O00008216,1,50.81
O00008217,1,219.72
O00008218,2,879.02
O00008219,1,81.17
O00008220,2,122.3
O00008221,5,351.78999999999996
O00008222,1,643.14
O00008223,2,32.63
O00008224,3,158.85
O00008225,2,253.59
O00008226,1,52.83
O00008227,3,742.8299999999999
O00008228,1,326.01
O00008229,2,785.81
O00008230,5,1973.0400000000002
O00008231,9,1236.54
O00008232,4,268.47
O00008233,4,1174.37
O00008234,2,66.67999999999999
O00008235,1,118.8
O00008236,4,409.56
O00008237,2,672.8
O00008238,1,27.14
O00008239,3,184.0
O00008240,5,390.34
O00008241,1,85.29
O00008242,1,9.53
O00008243,1,283.47
O00008244,5,406.13
O00008245,1,97.46
O00008246,1,34.32
O00008247,3,176.16
O00008248,4,193.88
O00008249,2,835.9
O00008250,6,2036.3300000000002
O00008251,5,567.28
O00008252,8,905.2399999999999
O00008253,4,245.45
O00008254,3,174.07
O00008255,3,295.24
O00008256,8,892.23
O00008257,2,203.17000000000002
O00008258,4,244.08
O00008259,1,12.4
O00008260,5,1088.0
O00008261,3,272.23
O00008262,2,184.72
O00008263,3,86.97
O00008264,2,300.8
O00008265,3,685.4200000000001
O00008266,2,370.4
O00008267,1,970.1
O00008268,3,1220.8
O00008269,2,507.2
O00008270,1,22.47
O00008271,2,64.39
O00008272,1,100.62
O00008273,2,296.15000000000003
O00008274,4,515.65
O00008275,4,136.92
O00008276,2,82.31
O00008277,3,409.94
O00008278,1,183.87
O00008279,3,1186.0900000000001
O00008280,1,1217.83
O00008281,3,62.52
O00008282,4,1086.71
O00008283,3,217.26
O00008284,1,94.4
O00008285,4,922.4
O00008286,6,1413.25
O00008287,4,1103.28
O00008288,2,1468.52
O00008289,2,297.1
O00008290,4,520.58
O00008291,3,2218.56
O00008292,1,135.96
O00008293,3,251.94
O00008294,1,488.59
O00008295,1,2.75
O00008296,2,134.26999999999998
O00008297,5,233.44
O00008298,2,10.7
O00008299,5,102.79
O00008300,5,356.33
O00008301,5,1412.41
O00008302,3,1266.3400000000001
O00008303,1,51.33
O00008304,3,1764.29
O00008305,3,524.75
O00008306,2,149.22
O00008307,1,114.03
O00008308,3,114.42
O00008309,2,675.9
O00008310,4,1201.8200000000002
O00008311,1,53.88
O00008312,1,231.62
O00008313,5,378.59
O00008314,4,3267.2
O00008315,1,364.29
O00008316,1,26.0
O00008317,6,2842.51
O00008318,2,751.37
O00008319,2,231.84
O00008320,1,186.05
O00008321,5,1377.51
O00008322,4,626.27
O00008323,4,4573.76
O00008324,1,191.89
O00008325,3,771.84
O00008326,2,75.6
O00008327,5,2370.71
O00008328,3,1339.21
O00008329,3,468.21000000000004
O00008330,2,74.8
O00008331,6,678.27
O00008332,7,3388.8500000000004
O00008333,2,91.48
O00008334,3,143.18
O00008335,1,23.37
O00008336,3,40.8
O00008337,3,342.12
O00008338,2,318.28
O00008339,1,503.48
O00008340,4,59.510000000000005
O00008341,3,713.04
O00008342,1,78.11
O00008343,5,229.8
O00008344,4,140.04
O00008345,4,261.22
O00008346,2,145.28
O00008347,1,40.0
O00008348,4,566.9
O00008349,1,36.42
O00008350,2,130.23000000000002
O00008351,1,165.59
O00008352,2,1009.83
O00008353,1,576.97
O00008354,2,242.34
O00008355,7,228.10000000000002
O00008356,6,293.61
O00008357,1,84.79
O00008358,6,412.07000000000005
O00008359,2,257.03
O00008360,6,1720.46
O00008361,1,188.18
O00008362,6,461.2
O00008363,1,43.64
O00008364,2,574.56
O00008365,4,2555.4900000000002
O00008366,1,460.66
O00008367,6,1586.52
O00008368,2,304.83000000000004
O00008369,2,2389.88
O00008370,4,308.65
O00008371,3,3059.58
O00008372,3,1197.69
O00008373,4,128.2
O00008374,5,3121.09
O00008375,4,650.5600000000001
O00008376,2,688.52
O00008377,4,1084.26
O00008378,1,24.1
O00008379,6,1195.49
O00008380,3,1323.12
O00008381,9,514.28
O00008382,2,288.25
O00008383,2,112.45
O00008384,3,380.3
O00008385,9,424.99
O00008386,5,386.89
O00008387,4,1326.9499999999998
O00008388,3,142.08
O00008389,2,699.66
O00008390,4,912.6600000000001
O00008391,2,118.38
O00008392,3,1761.08
O00008393,1,163.08
O00008394,1,83.19
O00008395,6,339.49
O00008396,8,834.52
O00008397,5,1463.97
O00008398,5,1469.33
O00008399,2,2703.56
O00008400,2,413.72
O00008401,4,3211.6899999999996
O00008402,1,101.97
O00008403,3,34.78
O00008404,1,122.6
O00008405,2,1441.1499999999999
O00008406,2,304.33
O00008407,1,145.87
O00008408,3,615.0
O00008409,3,208.92
O00008410,1,1248.13
O00008411,1,318.64
O00008412,2,547.82
O00008413,4,113.32
O00008414,5,1073.48
O00008415,3,1153.44
O00008416,8,683.36
O00008417,1,21.71
O00008418,4,538.48
O00008419,3,204.76
O00008420,1,130.31
O00008421,5,893.85
O00008422,6,1937.9900000000002
O00008423,4,1322.52
O00008424,4,387.85999999999996
O00008425,5,1800.63
O00008426,5,1287.55
O00008427,1,65.37
O00008428,5,1582.2
O00008429,2,39.07
O00008430,2,85.22
O00008431,7,1843.8200000000002
O00008432,6,647.52
O00008433,1,9.28
O00008434,1,21.1
O00008435,3,62.42
O00008436,5,69.68
O00008437,5,94.6
O00008438,7,4585.26
O00008439,2,149.0
O00008440,1,152.63
O00008441,3,111.95
O00008442,4,188.82
O00008443,2,64.18
O00008444,5,678.36
O00008445,1,549.81
O00008446,4,647.51
O00008447,1,33.0
O00008448,6,1559.1299999999999
O00008449,2,214.98
O00008450,2,414.5
O00008451,1,50.81
O00008452,2,498.14
O00008453,3,220.82
O00008454,6,465.82
O00008455,3,1994.45
O00008456,4,364.68
O00008457,7,475.78999999999996
O00008458,4,423.17999999999995
O00008459,1,42.48
O00008460,4,5112.76
O00008461,2,2609.3
O00008462,2,316.15
O00008463,5,256.81
O00008464,1,244.29
O00008465,5,399.58000000000004
O00008466,1,337.8
O00008467,7,3611.16
O00008468,2,374.23
O00008469,1,189.79
O00008470,1,264.04
O00008471,3,55.35
O00008472,5,481.15999999999997
O00008473,2,371.6
O00008474,2,145.68
O00008475,3,179.45
O00008476,1,495.76
O00008477,4,266.66
O00008478,5,2797.3799999999997
O00008479,1,22.59
O00008480,5,1788.06
O00008481,2,77.87
O00008482,5,934.64
O00008483,3,725.02
O00008484,5,160.16000000000003
O00008485,2,118.54
O00008486,5,289.69
O00008487,3,484.5
O00008488,4,381.90000000000003
O00008489,1,38.32
O00008490,3,1177.77
O00008491,3,10.83
O00008492,1,129.7
O00008493,4,310.52
O00008494,3,261.97
O00008495,3,403.61
O00008496,2,127.11
O00008497,6,309.92
O00008498,2,326.38
O00008499,2,156.69
O00008500,4,35.019999999999996
O00008501,3,445.25
O00008502,4,800.61
O00008503,2,877.23
O00008504,2,23.86
O00008505,3,725.56
O00008506,4,834.6
O00008507,9,542.09
O00008508,1,1257.52
O00008509,5,1012.66
O00008510,8,957.21
O00008511,3,1059.06
O00008512,2,495.41
O00008513,7,3042.6000000000004
O00008514,4,1841.22
O00008515,1,612.23
O00008516,2,2205.08
O00008517,1,40.72
O00008518,2,707.67
O00008519,2,89.96000000000001
O00008520,4,1088.94
O00008521,3,446.37
O00008522,3,1312.51
O00008523,4,386.96000000000004
O00008524,3,1231.6
O00008525,1,505.82
O00008526,1,59.25
O00008527,1,202.98
O00008528,1,44.14
O00008529,2,128.66
O00008530,2,217.6
O00008531,2,177.89
O00008532,7,648.96
O00008533,3,200.91
O00008534,2,5.44
O00008535,6,1670.52
O00008536,4,3631.32
O00008537,3,1212.14
O00008538,5,658.37
O00008539,6,993.53
O00008540,6,1550.51
O00008541,1,48.72
O00008542,3,669.84
O00008543,1,81.47
O00008544,3,183.12
O00008545,3,153.07
O00008546,1,370.64
O00008547,1,65.6
O00008548,6,629.03
O00008549,2,751.16
O00008550,3,188.62
O00008551,6,935.89
O00008552,2,431.38
O00008553,1,10.35
O00008554,2,109.1
O00008555,1,165.03
O00008556,4,342.03999999999996
O00008557,4,2343.21
O00008558,3,364.1
O00008559,2,244.18
O00008560,3,152.88
O00008561,4,745.4200000000001
O00008562,2,178.11
O00008563,3,407.96999999999997
O00008564,1,43.64
O00008565,1,20.23
O00008566,1,47.18
O00008567,1,443.67
O00008568,6,301.22
O00008569,2,100.69999999999999
O00008570,2,38.18
O00008571,6,2654.98
O00008572,3,427.63
O00008573,2,286.97
O00008574,1,121.56
O00008575,2,206.7
O00008576,3,305.45
O00008577,1,513.32
O00008578,1,104.12
O00008579,2,351.66
O00008580,2,57.6
O00008581,4,197.35
O00008582,1,353.65
O00008583,1,1194.94
O00008584,3,818.4699999999999
O00008585,3,2309.13
O00008586,1,69.57
O00008587,4,1018.78
O00008588,1,84.37
O00008589,4,92.47999999999999
O00008590,1,70.39
O00008591,4,5821.54
O00008592,1,104.27
O00008593,2,255.21
O00008594,4,292.39
O00008595,3,375.18
O00008596,7,2735.7999999999997
O00008597,9,2499.55
O00008598,4,507.37
O00008599,1,2.41
O00008600,7,2958.01
O00008601,3,285.22
O00008602,3,224.75
O00008603,2,708.01
O00008604,5,154.51999999999998
O00008605,3,86.14999999999999
O00008606,2,1024.75
O00008607,2,356.62
O00008608,3,190.51999999999998
O00008609,7,2444.5699999999997
O00008610,1,434.67
O00008611,1,42.76
O00008612,1,738.47
O00008613,6,847.83
O00008614,2,107.6
O00008615,3,461.85
O00008616,1,56.87
O00008617,1,12.17
O00008618,3,135.06
O00008619,3,1029.84
O00008620,4,204.0
O00008621,1,239.55
O00008622,4,763.4399999999999
O00008623,3,152.88
O00008624,3,736.34
O00008625,4,137.95
O00008626,3,438.93
O00008627,1,398.82
O00008628,2,291.64
O00008629,4,492.15
O00008630,2,596.08
O00008631,2,102.08
O00008632,1,6.79
O00008633,1,234.99
O00008634,3,1203.69
O00008635,2,105.06
O00008636,1,37.4
O00008637,3,243.77
O00008638,3,265.28999999999996
O00008639,4,1474.87
O00008640,4,1312.97
O00008641,1,57.18
O00008642,3,83.09
O00008643,1,34.69
O00008644,6,1119.87
O00008645,2,203.87
O00008646,1,110.43
O00008647,1,62.17
O00008648,1,846.61
O00008649,6,1132.6399999999999
O00008650,6,440.46
O00008651,2,1388.64
O00008652,3,427.79
O00008653,3,73.8
O00008654,1,24.99
O00008655,3,148.6
O00008656,4,135.69
O00008657,2,319.76
O00008658,1,144.55
O00008659,7,1830.96
O00008660,5,2235.2200000000003
O00008661,1,120.32
O00008662,5,471.47
O00008663,4,289.36
O00008664,2,1326.24
O00008665,1,83.98
O00008666,2,334.32
O00008667,5,823.23
O00008668,3,202.7
O00008669,5,1610.3
O00008670,4,779.12
O00008671,2,197.76000000000002
O00008672,5,1183.55
O00008673,1,23.79
O00008674,2,375.68
O00008675,3,1269.75
O00008676,2,432.22
O00008677,4,61.88
O00008678,5,127.58
O00008679,3,312.76
O00008680,2,41.580000000000005
O00008681,1,67.08
O00008682,6,267.41999999999996
O00008683,5,621.31
O00008684,2,334.34
O00008685,1,27.23
O00008686,1,84.48
O00008687,6,53.08
O00008688,6,391.68
O00008689,2,984.96
O00008690,2,415.38
O00008691,5,264.78999999999996
O00008692,6,961.44
O00008693,2,963.2
O00008694,4,2973.0099999999998
O00008695,1,56.04
O00008696,1,11.37
O00008697,3,292.77
O00008698,2,358.92
O00008699,4,590.06
O00008700,2,172.94
O00008701,8,1484.43
O00008702,6,2266.94
O00008703,1,662.22
O00008704,1,35.41
O00008705,8,3006.2
O00008706,6,562.9300000000001
O00008707,1,30.77
O00008708,2,739.6500000000001
O00008709,1,53.51
O00008710,5,1839.8500000000001
O00008711,1,131.75
O00008712,2,331.65999999999997
O00008713,3,29.43
O00008714,1,237.68
O00008715,2,659.13
O00008716,2,198.46
O00008717,4,425.45
O00008718,1,10.45
O00008719,3,813.44
O00008720,6,1515.39
O00008721,4,90.86
O00008722,4,630.83
O00008723,1,68.37
O00008724,1,82.4
O00008725,5,631.38
O00008726,6,154.92
O00008727,5,517.16
O00008728,4,290.74
O00008729,1,23.71
O00008730,5,2861.48
O00008731,3,628.1700000000001
O00008732,6,364.81
O00008733,5,2573.05
O00008734,4,998.16
O00008735,5,148.82999999999998
O00008736,4,377.51
O00008737,3,562.64
O00008738,2,107.31
O00008739,4,112.03
O00008740,1,110.71
O00008741,3,157.67000000000002
O00008742,3,503.92
O00008743,3,148.77
O00008744,4,1081.09
O00008745,2,109.17999999999999
O00008746,3,249.79000000000002
O00008747,1,133.71
O00008748,4,92.52000000000001
O00008749,4,219.58
O00008750,4,461.47
O00008751,4,86.85
O00008752,7,1000.62
O00008753,1,538.42
O00008754,3,168.54
O00008755,1,41.44
O00008756,7,1149.62
O00008757,1,121.55
O00008758,4,925.97
O00008759,6,1885.35
O00008760,5,375.69
O00008761,3,38.28
O00008762,3,147.97
O00008763,5,261.69
O00008764,1,259.72
O00008765,4,70.05
O00008766,2,42.92
O00008767,6,1437.06
O00008768,2,237.46
O00008769,1,168.0
O00008770,7,3097.79
O00008771,6,2165.8599999999997
O00008772,6,1745.71
O00008773,6,393.3
O00008774,1,28.92
O00008775,1,94.58
O00008776,2,95.13
O00008777,6,3895.5
O00008778,4,1248.06
O00008779,1,135.38
O00008780,1,99.78
O00008781,1,33.99
O00008782,3,1846.1000000000001
O00008783,7,1393.78
O00008784,1,13.85
O00008785,3,982.5799999999999
O00008786,2,1394.14
O00008787,2,105.9
O00008788,4,2266.9900000000002
O00008789,2,130.45
O00008790,3,292.44
O00008791,3,72.72999999999999
O00008792,3,2347.58
O00008793,3,986.21
O00008794,4,1457.42
O00008795,1,30.76
O00008796,1,112.19
O00008797,1,260.02
O00008798,1,15.22
O00008799,4,689.59
O00008800,3,323.25
O00008801,4,1574.61
O00008802,1,29.1
O00008803,2,2926.52
O00008804,5,2698.71
O00008805,1,871.03
O00008806,1,570.57
O00008807,1,871.03
O00008808,2,102.94
O00008809,1,982.1
O00008810,3,1711.71
O00008811,4,529.79
O00008812,4,905.25
O00008813,1,33.02
O00008814,1,896.38
O00008815,5,2427.48
O00008816,3,475.65
O00008817,1,694.32
O00008818,1,17.5
O00008819,1,74.08
O00008820,1,82.98
O00008821,3,155.72
O00008822,4,220.89
O00008823,2,5.44
O00008824,4,186.82
O00008825,3,44.43
O00008826,3,191.63
O00008827,1,250.79
O00008828,1,441.37
O00008829,1,69.22
O00008830,1,98.15
O00008831,4,1934.81
O00008832,7,1989.11
O00008833,1,27.91
O00008834,1,1151.47
O00008835,1,97.57
O00008836,3,228.65
O00008837,2,152.3
O00008838,8,474.65
O00008839,3,618.01
O00008840,3,681.49
O00008841,7,3573.83
O00008842,1,521.0
O00008843,1,121.89
O00008844,2,103.6
O00008845,3,177.89000000000001
O00008846,1,182.11
O00008847,1,90.37
O00008848,4,429.77
O00008849,4,1977.6699999999998
O00008850,7,2000.14
O00008851,1,22.53
O00008852,2,144.71
O00008853,1,54.41
O00008854,1,64.46
O00008855,3,565.47
O00008856,2,450.64
O00008857,2,66.22
O00008858,6,402.31
O00008859,3,532.92
O00008860,1,92.24
O00008861,1,6.69
O00008862,8,1703.3100000000002
O00008863,3,355.16
O00008864,1,68.39
O00008865,1,49.62
O00008866,1,226.24
O00008867,1,56.77
O00008868,1,70.39
O00008869,4,866.6199999999999
O00008870,1,27.19
O00008871,1,25.95
O00008872,5,370.3
O00008873,1,364.29
O00008874,1,435.87
O00008875,1,106.99
O00008876,2,113.58000000000001
O00008877,5,683.31
O00008878,2,411.51
O00008879,1,57.18
O00008880,1,21.18
O00008881,1,835.66
O00008882,6,424.57
O00008883,1,1257.52
O00008884,4,2181.7400000000002
O00008885,1,36.42
O00008886,1,46.89
O00008887,7,4333.38
O00008888,3,474.84000000000003
O00008889,1,166.22
O00008890,4,1689.54
O00008891,3,491.66999999999996
O00008892,3,570.53
O00008893,1,228.61
O00008894,3,1204.25
O00008895,3,248.55
O00008896,1,65.6
O00008897,5,464.82
O00008898,1,138.24
O00008899,1,42.45
O00008900,2,502.83000000000004
O00008901,4,345.46999999999997
O00008902,3,902.4100000000001
O00008903,1,455.43
O00008904,2,515.84
O00008905,3,416.1
O00008906,1,259.72
O00008907,1,44.29
O00008908,6,151.81
O00008909,1,814.3
O00008910,6,2652.96
O00008911,2,438.93
O00008912,1,98.79
O00008913,5,1849.1399999999999
O00008914,4,343.21
O00008915,2,1081.5700000000002
O00008916,4,163.78
O00008917,4,250.0
O00008918,1,190.22
O00008919,3,283.2
O00008920,3,1982.3
O00008921,2,100.24000000000001
O00008922,1,132.7
O00008923,1,138.24
O00008924,1,59.91
O00008925,1,6.16
O00008926,2,401.28999999999996
O00008927,2,713.89
O00008928,2,160.61
O00008929,3,747.81
O00008930,4,256.75
O00008931,4,433.13
O00008932,4,1437.3
O00008933,3,2501.21
O00008934,5,572.11
O00008935,2,120.66
O00008936,1,422.22
O00008937,3,1345.13
O00008938,4,351.27
O00008939,1,101.93
O00008940,2,121.91999999999999
O00008941,1,52.95
O00008942,3,533.79
O00008943,2,1252.6899999999998
O00008944,3,292.45
O00008945,1,386.25
O00008946,2,789.84
O00008947,4,235.43
O00008948,4,246.95
O00008949,1,53.88
O00008950,3,388.63
O00008951,1,474.22
O00008952,4,247.12
O00008953,5,117.13
O00008954,3,78.0
O00008955,1,5.79
O00008956,4,774.94
O00008957,1,1352.63
O00008958,6,1082.15
O00008959,4,187.64999999999998
O00008960,1,58.46
O00008961,5,2594.0
O00008962,4,326.78000000000003
O00008963,2,94.7
O00008964,4,391.52000000000004
O00008965,2,1011.64
O00008966,8,3943.1200000000003
O00008967,3,1211.07
O00008968,5,82.05
O00008969,3,370.69
O00008970,2,193.94
O00008971,1,154.28
O00008972,2,251.36
O00008973,3,96.12
O00008974,2,1050.94
O00008975,1,134.95
O00008976,1,65.24
O00008977,12,1337.73
O00008978,3,2620.85
O00008979,12,790.24
O00008980,7,1801.19
O00008981,3,1577.57
O00008982,1,30.59
O00008983,1,600.89
O00008984,1,76.59
O00008985,6,451.45000000000005
O00008986,3,334.11
O00008987,1,127.26
O00008988,3,1222.88
O00008989,1,165.03
O00008990,6,182.28
O00008991,3,112.2
O00008992,1,658.35
O00008993,2,379.58
O00008994,3,279.63
O00008995,2,1523.8400000000001
O00008996,1,70.68
O00008997,2,113.2
O00008998,4,97.42
O00008999,5,920.3299999999999
O00009000,4,220.13
O00009001,3,261.1
O00009002,1,218.95
O00009003,5,450.69
O00009004,5,738.8399999999999
O00009005,4,489.95
O00009006,4,1706.17
O00009007,5,382.39
O00009008,2,1243.96
O00009009,1,244.16
O00009010,3,1702.6399999999999
O00009011,1,78.36
O00009012,4,140.8
O00009013,2,109.3
O00009014,1,51.94
O00009015,1,113.75
O00009016,4,2169.52
O00009017,4,248.54
O00009018,5,410.87
O00009019,3,159.2
O00009020,2,106.2
O00009021,2,138.44
O00009022,2,51.33
O00009023,1,297.5
O00009024,4,290.49
O00009025,3,1089.48
O00009026,2,219.55
O00009027,6,245.16
O00009028,1,116.26
O00009029,1,84.79
O00009030,8,544.47
O00009031,1,3.96
O00009032,5,884.25
O00009033,3,2028.22
O00009034,1,20.93
O00009035,7,2807.98
O00009036,6,806.72
O00009037,2,201.62
O00009038,4,192.98
O00009039,2,219.5
O00009040,2,388.0
O00009041,1,134.71
O00009042,7,741.57
O00009043,1,283.17
O00009044,3,346.84000000000003
O00009045,2,1473.46
O00009046,1,103.67
O00009047,1,710.57
O00009048,3,179.12
O00009049,3,427.71000000000004
O00009050,1,167.4
O00009051,1,27.91
O00009052,3,3035.13
O00009053,1,28.51
O00009054,1,16.35
O00009055,2,229.08
O00009056,5,944.6899999999999
O00009057,3,168.76999999999998
O00009058,10,977.8199999999999
O00009059,5,532.36
O00009060,3,559.13
O00009061,1,46.81
O00009062,6,447.28999999999996
O00009063,3,67.59
O00009064,2,2556.31
O00009065,6,602.85
O00009066,2,2201.62
O00009067,4,170.18
O00009068,2,177.94
O00009069,2,570.85
O00009070,5,977.24
O00009071,2,1419.5700000000002
O00009072,1,577.93
O00009073,4,505.68
O00009074,4,366.88
O00009075,5,365.13
O00009076,1,439.51
O00009077,6,2172.41
O00009078,1,66.33
O00009079,2,1291.3
O00009080,8,3417.8199999999997
O00009081,2,37.02
O00009082,3,518.53
O00009083,1,67.41
O00009084,1,294.72
O00009085,4,65.07
O00009086,2,119.1
O00009087,1,479.8
O00009088,4,380.78000000000003
O00009089,1,31.94
O00009090,2,81.24000000000001
O00009091,4,2199.33
O00009092,6,1021.04
O00009093,2,1628.6
O00009094,6,1676.3300000000002
O00009095,3,138.51
O00009096,5,372.81
O00009097,1,65.95
O00009098,5,1771.9
O00009099,1,203.57
O00009100,3,184.39999999999998
O00009101,3,88.32
O00009102,3,768.61
O00009103,6,659.22
O00009104,3,50.64
O00009105,1,2.83
O00009106,2,128.22
O00009107,3,138.36
O00009108,1,39.02
O00009109,1,71.59
O00009110,4,448.54
O00009111,2,1513.74
O00009112,5,1418.95
O00009113,4,352.9
O00009114,5,606.1099999999999
O00009115,1,25.48
O00009116,2,79.30000000000001
O00009117,7,627.5699999999999
O00009118,3,575.24
O00009119,4,282.51
O00009120,1,1.78
O00009121,4,409.09
O00009122,3,483.67
O00009123,3,428.04
O00009124,2,25.87
O00009125,6,1324.08
O00009126,7,2987.87
O00009127,4,1241.73
O00009128,3,351.53000000000003
O00009129,1,36.16
O00009130,9,489.38
O00009131,1,13.54
O00009132,2,6.64
O00009133,4,2207.96
O00009134,1,265.37
O00009135,4,1771.21
O00009136,1,11.83
O00009137,6,2828.55
O00009138,1,26.74
O00009139,7,1134.93
O00009140,2,379.76
O00009141,1,62.05
O00009142,1,65.06
O00009143,3,1847.41
O00009144,2,181.14
O00009145,5,124.95000000000002
O00009146,2,832.0799999999999
O00009147,1,27.65
O00009148,5,404.71999999999997
O00009149,2,899.17
O00009150,3,699.13
O00009151,2,285.15
O00009152,1,109.05
O00009153,2,266.28999999999996
O00009154,4,323.01
O00009155,1,181.88
O00009156,3,252.75
O00009157,4,211.63
O00009158,3,307.35
O00009159,1,124.91
O00009160,2,133.96
O00009161,5,1549.22
O00009162,3,769.01
O00009163,2,84.13
O00009164,2,24.8
O00009165,1,35.82
O00009166,2,353.20000000000005
O00009167,3,689.26
O00009168,2,237.03
O00009169,1,206.86
O00009170,1,10.2
O00009171,1,861.62
O00009172,1,6.58
O00009173,2,64.3
O00009174,1,69.29
O00009175,4,152.60000000000002
O00009176,2,580.06
O00009177,4,964.23
O00009178,1,667.59
O00009179,3,54.93
O00009180,1,51.96
O00009181,1,37.9
O00009182,5,238.53
O00009183,1,145.19
O00009184,1,1075.65
O00009185,2,204.76
O00009186,1,148.45
O00009187,2,1842.0
O00009188,3,25.41
O00009189,3,1175.49
O00009190,5,155.1
O00009191,4,2317.43
O00009192,8,1245.6
O00009193,7,1680.95
O00009194,5,311.33000000000004
O00009195,1,36.52
O00009196,3,69.42
O00009197,4,1839.8400000000001
O00009198,3,1507.0700000000002
O00009199,2,312.62
O00009200,6,521.1899999999999
O00009201,2,182.8
O00009202,3,884.34
O00009203,5,244.74
O00009204,3,267.58
O00009205,3,283.77
O00009206,3,104.6
O00009207,1,23.71
O00009208,5,487.58000000000004
O00009209,2,99.42
O00009210,1,41.51
O00009211,4,2811.96
O00009212,2,483.85
O00009213,3,134.79
O00009214,2,90.02
O00009215,2,196.32
O00009216,3,232.39
O00009217,2,74.37
O00009218,1,168.63
O00009219,4,290.73
O00009220,2,520.03
O00009221,3,319.97
O00009222,4,2221.0
O00009223,2,151.25
O00009224,2,197.86999999999998
O00009225,2,246.38
O00009226,3,776.21
O00009227,1,42.57
O00009228,2,169.57999999999998
O00009229,7,1169.58
O00009230,3,1366.79
O00009231,1,16.48
O00009232,3,718.9599999999999
O00009233,2,170.53
O00009234,3,213.84
O00009235,5,555.0
O00009236,1,54.36
O00009237,1,161.29
O00009238,3,1112.95
O00009239,2,193.12
O00009240,4,443.58
O00009241,4,130.62
O00009242,7,555.22
O00009243,6,1812.8600000000001
O00009244,3,51.34
O00009245,1,151.03
O00009246,5,1718.5
O00009247,10,737.58
O00009248,1,660.72
O00009249,5,802.2099999999999
O00009250,5,1135.81
O00009251,5,1323.86
O00009252,6,2048.97
O00009253,4,671.35
O00009254,2,972.34
O00009255,3,310.33
O00009256,4,2192.19
O00009257,3,163.76999999999998
O00009258,8,1400.72
O00009259,4,53.71
O00009260,4,278.82
O00009261,1,660.72
O00009262,5,383.87
O00009263,2,594.74
O00009264,1,20.18
O00009265,2,95.13
O00009266,1,51.61
O00009267,2,19.96
O00009268,1,190.38
O00009269,2,21.52
O00009270,5,2111.43
O00009271,4,142.26
O00009272,4,4221.43
O00009273,3,212.68
O00009274,2,810.11
O00009275,3,1056.56
O00009276,1,195.21
O00009277,1,67.11
O00009278,3,1632.64
O00009279,1,47.96
O00009280,3,107.66
O00009281,1,104.09
O00009282,2,344.64
O00009283,1,111.37
O00009284,4,235.65
O00009285,5,535.8299999999999
O00009286,1,22.53
O00009287,4,1696.8
O00009288,1,338.49
O00009289,2,173.6
O00009290,1,23.32
O00009291,3,39.12
O00009292,1,775.52
O00009293,7,1277.73
O00009294,4,580.69
O00009295,3,692.73
O00009296,8,1693.57
O00009297,1,1663.12
O00009298,9,2943.73
O00009299,4,332.69
O00009300,1,1287.95
O00009301,2,157.06
O00009302,4,1419.9
O00009303,1,307.27
O00009304,4,785.27
O00009305,5,245.8
O00009306,1,44.71
O00009307,2,388.72
O00009308,3,367.5
O00009309,5,636.85
O00009310,1,1797.55
O00009311,6,680.28
O00009312,3,574.5899999999999
O00009313,1,50.17
O00009314,2,267.01
O00009315,2,86.26
O00009316,1,18.47
O00009317,3,948.46
O00009318,1,29.9
O00009319,6,5397.05
O00009320,1,676.95
O00009321,3,297.78
O00009322,2,891.46
O00009323,7,550.3900000000001
O00009324,1,42.74
O00009325,1,108.57
O00009326,8,916.0899999999999
O00009327,2,1484.99
O00009328,4,2372.4100000000003
O00009329,3,128.39
O00009330,2,149.83
O00009331,1,930.47
O00009332,2,452.48
O00009333,3,351.55
O00009334,1,52.95
O00009335,3,161.06
O00009336,1,51.65
O00009337,1,12.42
O00009338,1,15.22
O00009339,1,97.42
O00009340,6,450.21000000000004
O00009341,1,176.19
O00009342,1,294.93
O00009343,2,333.72
O00009344,9,2919.65
O00009345,5,1208.95
O00009346,4,1001.02
O00009347,2,76.88
O00009348,2,11.16
O00009349,1,22.11
O00009350,4,590.12
O00009351,5,475.42
O00009352,5,652.6500000000001
O00009353,2,604.85
O00009354,1,36.34
O00009355,1,54.86
O00009356,1,94.71
O00009357,1,93.84
O00009358,3,710.91
O00009359,2,223.58
O00009360,3,176.69
O00009361,1,10.61
O00009362,4,352.3
O00009363,4,865.55
O00009364,1,49.62
O00009365,5,1324.21
O00009366,2,107.47000000000001
O00009367,3,1164.96
O00009368,1,488.59
O00009369,3,302.87
O00009370,8,2371.5699999999997
O00009371,3,620.65
O00009372,2,674.12
O00009373,1,36.36
O00009374,1,1700.35
O00009375,5,1072.18
O00009376,3,939.82
O00009377,4,1474.8300000000002
O00009378,1,98.55
O00009379,2,16.22
O00009380,6,606.51
O00009381,2,225.49
O00009382,1,44.23
O00009383,6,1229.1100000000001
O00009384,3,554.52
O00009385,6,461.06
O00009386,4,271.41
O00009387,3,212.24
O00009388,2,121.66
O00009389,1,953.03
O00009390,1,12.34
O00009391,2,101.4
O00009392,2,282.42
O00009393,2,261.26
O00009394,5,128.53
O00009395,1,209.1
O00009396,1,26.05
O00009397,2,78.3
O00009398,8,886.1
O00009399,4,466.52000000000004
O00009400,4,266.43
O00009401,1,18.51
O00009402,8,993.89
O00009403,4,1316.52
O00009404,1,86.67
O00009405,5,175.68
O00009406,3,1139.8600000000001
O00009407,4,3933.71
O00009408,1,9.25
O00009409,4,1606.18
O00009410,4,85.99
O00009411,3,568.98
O00009412,2,336.36
O00009413,3,290.28
O00009414,4,385.98
O00009415,7,3147.7599999999998
O00009416,1,88.97
O00009417,2,197.04
O00009418,6,1506.6999999999998
O00009419,1,37.23
O00009420,5,463.3
O00009421,1,23.52
O00009422,3,497.80999999999995
O00009423,3,114.63
O00009424,1,27.91
O00009425,3,742.9300000000001
O00009426,3,128.28
O00009427,5,4071.32
O00009428,3,32.88
O00009429,3,141.54000000000002
O00009430,5,267.84999999999997
O00009431,1,189.88
O00009432,1,220.65
O00009433,1,172.17
O00009434,2,544.6
O00009435,3,355.33
O00009436,1,18.51
O00009437,10,2071.64
O00009438,1,49.09
O00009439,4,724.22
O00009440,3,961.95
O00009441,5,878.73
O00009442,2,673.23
O00009443,1,70.68
O00009444,2,168.04
O00009445,3,354.19
O00009446,2,295.12
O00009447,1,15.29
O00009448,1,1413.41
O00009449,2,26.06
O00009450,3,174.35
O00009451,6,2768.64
O00009452,4,204.41
O00009453,1,73.31
O00009454,4,638.47
O00009455,1,1006.47
O00009456,7,944.36
O00009457,1,168.25
O00009458,6,263.03
O00009459,3,90.27
O00009460,1,1028.88
O00009461,6,611.69
O00009462,2,834.3
O00009463,2,22.16
O00009464,3,3772.56
O00009465,1,53.24
O00009466,3,135.01
O00009467,3,521.13
O00009468,4,2020.0
O00009469,1,31.39
O00009470,6,143.04000000000002
O00009471,2,57.699999999999996
O00009472,1,1047.18
O00009473,1,6.75
O00009474,1,49.7
O00009475,4,1159.92
O00009476,1,66.03
O00009477,1,146.49
O00009478,1,38.32
O00009479,3,202.1
O00009480,4,179.96
O00009481,4,603.12
O00009482,3,217.82999999999998
O00009483,3,468.93
O00009484,2,228.8
O00009485,1,146.49
O00009486,3,270.78
O00009487,5,103.43
O00009488,3,1253.26
O00009489,2,269.42
O00009490,5,489.31
O00009491,1,64.11
O00009492,9,727.69
O00009493,2,79.92
O00009494,1,223.69
O00009495,3,183.25
O00009496,2,214.64999999999998
O00009497,1,3.96
O00009498,6,246.95
O00009499,3,473.37
O00009500,1,165.59
O00009501,2,20.48
O00009502,4,263.28
O00009503,4,826.25
O00009504,2,150.32
O00009505,5,945.39
O00009506,4,98.24
O00009507,3,95.57
O00009508,7,1307.44
O00009509,10,962.1
O00009510,1,37.23
O00009511,7,1123.03
O00009512,7,572.41
O00009513,1,373.48
O00009514,1,11.4
O00009515,1,157.79
O00009516,3,627.45
O00009517,2,190.04
O00009518,5,511.43
O00009519,3,87.59
O00009520,5,357.59000000000003
O00009521,2,355.13
O00009522,4,27.4
O00009523,2,265.12
O00009524,1,21.91
O00009525,1,71.01
O00009526,3,89.88
O00009527,1,97.36
O00009528,2,327.61
O00009529,2,207.95000000000002
O00009530,1,61.15
O00009531,1,5.98
O00009532,1,28.05
O00009533,4,682.14
O00009534,1,443.67
O00009535,2,81.16
O00009536,1,132.71
O00009537,5,305.73
O00009538,4,1059.44
O00009539,3,145.2
O00009540,1,170.53
O00009541,3,136.91
O00009542,2,828.56
O00009543,4,652.11
O00009544,3,105.95
O00009545,5,1466.7
O00009546,4,1040.23
O00009547,1,92.24
O00009548,5,1485.25
O00009549,2,38.839999999999996
O00009550,6,887.6999999999999
O00009551,3,216.32999999999998
O00009552,3,84.52
O00009553,3,774.4100000000001
O00009554,6,864.52
O00009555,1,466.25
O00009556,3,74.94
O00009557,7,1194.97
O00009558,4,215.05
O00009559,1,115.92
O00009560,7,500.19
O00009561,1,9.98
O00009562,4,196.78
O00009563,3,787.0999999999999
O00009564,3,2434.4700000000003
O00009565,4,995.3100000000001
O00009566,1,16.35
O00009567,1,319.15
O00009568,5,621.12
O00009569,1,86.67
O00009570,5,719.6800000000001
O00009571,6,985.75
O00009572,1,108.38
O00009573,3,280.99
O00009574,1,15.79
O00009575,4,1539.4
O00009576,5,2193.24
O00009577,4,313.56
O00009578,2,77.64
O00009579,1,286.99
O00009580,4,289.53999999999996
O00009581,1,21.52
O00009582,1,32.02
O00009583,2,569.02
O00009584,1,80.1
O00009585,3,1168.3100000000002
O00009586,2,1513.74
O00009587,6,705.92
O00009588,1,15.85
O00009589,7,167.0
O00009590,8,4441.39
O00009591,2,484.29
O00009592,4,647.61
O00009593,3,658.3199999999999
O00009594,1,10.7
O00009595,3,168.1
O00009596,1,204.78
O00009597,2,470.92
O00009598,1,318.63
O00009599,5,432.49
O00009600,4,357.33
O00009601,3,1073.49
O00009602,7,512.41
O00009603,3,81.36
O00009604,1,91.33
O00009605,3,1179.34
O00009606,1,21.02
O00009607,5,90.91
O00009608,2,126.42
O00009609,2,1660.0900000000001
O00009610,9,580.48
O00009611,1,45.55
O00009612,6,848.26
O00009613,1,99.56
O00009614,5,212.67
O00009615,1,283.47
O00009616,4,1023.99
O00009617,7,418.21999999999997
O00009618,3,157.79000000000002
O00009619,2,268.36
O00009620,1,83.34
O00009621,6,227.75
O00009622,7,2379.84
O00009623,5,4789.0199999999995
O00009624,2,76.42
O00009625,4,388.64
O00009626,4,1076.6
O00009627,2,189.42
O00009628,8,1213.07
O00009629,1,96.75
O00009630,5,3923.66
O00009631,5,557.9300000000001
O00009632,4,146.94
O00009633,5,398.33
O00009634,1,56.34
O00009635,5,201.27
O00009636,2,316.08
O00009637,2,193.92
O00009638,1,297.23
O00009639,5,1066.0
O00009640,6,1253.52
O00009641,2,184.46
O00009642,2,6.9
O00009643,1,70.13
O00009644,2,145.93
O00009645,7,394.2
O00009646,5,797.74
O00009647,1,157.89
O00009648,3,315.23
O00009649,1,224.01
O00009650,4,432.3
O00009651,2,37.22
O00009652,1,61.86
O00009653,3,372.95
O00009654,1,225.87
O00009655,1,138.89
O00009656,2,26.68
O00009657,2,1027.0
O00009658,5,101.53
O00009659,1,13.83
O00009660,7,771.91
O00009661,6,1605.98
O00009662,1,29.68
O00009663,2,322.58
O00009664,2,404.22
O00009665,1,52.53
O00009666,3,526.09
O00009667,3,1216.4399999999998
O00009668,1,496.78
O00009669,4,1894.88
O00009670,1,42.45
O00009671,3,850.41
O00009672,3,1062.84
O00009673,2,249.36
O00009674,1,17.06
O00009675,1,40.54
O00009676,1,37.33
O00009677,2,99.74
O00009678,4,1221.08
O00009679,4,829.62
O00009680,4,3857.3399999999997
O00009681,1,28.51
O00009682,2,101.07
O00009683,2,57.98
O00009684,5,368.45
O00009685,5,332.65000000000003
O00009686,7,467.62
O00009687,2,153.34
O00009688,3,176.29000000000002
O00009689,4,461.43
O00009690,8,704.96
O00009691,6,610.2
O00009692,2,687.9300000000001
O00009693,4,840.42
O00009694,2,261.58
O00009695,2,108.08
O00009696,2,414.96
O00009697,10,1580.24
O00009698,4,2004.8000000000002
O00009699,2,89.07000000000001
O00009700,5,80.87
O00009701,5,91.03
O00009702,6,4267.5599999999995
O00009703,1,12.66
O00009704,4,339.4
O00009705,1,139.02
O00009706,5,1542.77
O00009707,2,194.94
O00009708,3,430.03
O00009709,1,605.36
O00009710,3,20.25
O00009711,2,176.2
O00009712,3,672.75
O00009713,5,165.95
O00009714,5,1580.95
O00009715,2,548.4000000000001
O00009716,6,151.47
O00009717,3,783.49
O00009718,2,1964.2
O00009719,5,613.5
O00009720,2,369.72
O00009721,1,231.49
O00009722,2,560.83
O00009723,1,36.42
O00009724,1,94.35
O00009725,8,1350.81
O00009726,1,53.16
O00009727,5,317.71000000000004
O00009728,1,209.1
O00009729,4,297.56
O00009730,3,310.05
O00009731,4,433.98
O00009732,2,305.38
O00009733,1,77.46
O00009734,4,1741.8700000000001
O00009735,1,58.73
O00009736,5,485.62
O00009737,1,71.72
O00009738,3,3030.5299999999997
O00009739,4,196.62
O00009740,2,364.22
O00009741,6,3867.93
O00009742,1,39.34
O00009743,4,2432.47
O00009744,2,34.12
O00009745,1,11.44
O00009746,5,426.29
O00009747,1,57.46
O00009748,1,32.78
O00009749,3,80.37
O00009750,1,82.2
O00009751,4,206.74
O00009752,2,280.6
O00009753,2,698.02
O00009754,1,161.15
O00009755,2,47.16
O00009756,8,1072.77
O00009757,2,24.66
O00009758,5,1866.45
O00009759,1,19.09
O00009760,1,71.59
O00009761,7,1535.4
O00009762,1,3.57
O00009763,3,617.1700000000001
O00009764,1,9.8
O00009765,2,76.75999999999999
O00009766,5,239.47
O00009767,3,1388.44
O00009768,6,486.77
O00009769,6,766.8599999999999
O00009770,3,2733.32
O00009771,5,243.36999999999998
O00009772,4,110.55000000000001
O00009773,1,84.8
O00009774,3,218.8
O00009775,2,262.2
O00009776,1,113.67
O00009777,1,110.33
O00009778,4,474.18000000000006
O00009779,1,172.42
O00009780,2,176.78
O00009781,1,57.54
O00009782,4,367.27
O00009783,4,1727.3
O00009784,6,540.24
O00009785,1,209.1
O00009786,3,384.7
O00009787,1,264.67
O00009788,1,118.51
O00009789,3,927.72
O00009790,7,3500.0199999999995
O00009791,1,210.39
O00009792,1,104.38
O00009793,7,342.46000000000004
O00009794,3,340.33000000000004
O00009795,5,475.28999999999996
O00009796,2,57.32
O00009797,3,229.29999999999998
O00009798,6,322.65999999999997
O00009799,2,37.02
O00009800,3,326.97
O00009801,1,233.7
O00009802,3,59.199999999999996
O00009803,3,166.01999999999998
O00009804,2,311.4
O00009805,5,408.8
O00009806,3,131.6
O00009807,2,90.56
O00009808,3,532.71
O00009809,4,2396.79
O00009810,2,106.48
O00009811,3,168.63
O00009812,3,247.88
O00009813,3,976.26
O00009814,2,45.16
O00009815,1,14.44
O00009816,1,186.4
O00009817,4,609.78
O00009818,2,65.83
O00009819,9,957.33
O00009820,4,241.45
O00009821,5,288.96000000000004
O00009822,2,1023.5
O00009823,9,1945.89
O00009824,5,127.54
O00009825,1,99.56
O00009826,1,349.01
O00009827,1,278.74
O00009828,3,272.36
O00009829,1,20.58
O00009830,1,786.4
O00009831,2,158.5
O00009832,1,264.04
O00009833,6,2951.22
O00009834,1,97.68
O00009835,5,102.66
O00009836,1,244.36
O00009837,1,188.48
O00009838,1,59.97
O00009839,4,2244.9199999999996
O00009840,2,70.2
O00009841,2,161.12
O00009842,3,297.78000000000003
O00009843,2,33.49
O00009844,2,19.06
O00009845,1,168.03
O00009846,3,78.0
O00009847,2,379.65999999999997
O00009848,1,84.97
O00009849,2,167.45000000000002
O00009850,4,285.70000000000005
O00009851,2,90.36
O00009852,2,1510.92
O00009853,2,134.39
O00009854,2,26.06
O00009855,3,60.78
O00009856,3,895.3500000000001
O00009857,3,1274.1399999999999
O00009858,5,844.51
O00009859,4,1212.08
O00009860,5,250.07
O00009861,1,158.55
O00009862,1,86.47
O00009863,2,72.5
O00009864,8,630.84
O00009865,4,1849.31
O00009866,1,85.22
O00009867,7,1499.58
O00009868,3,379.69
O00009869,2,23.38
O00009870,1,51.45
O00009871,4,758.63
O00009872,3,597.8
O00009873,1,10.96
O00009874,6,999.1700000000001
O00009875,5,97.65
O00009876,3,41.55
O00009877,6,705.02
O00009878,3,1266.66
O00009879,2,47.16
O00009880,7,553.29
O00009881,1,32.16
O00009882,3,135.24
O00009883,4,256.55
O00009884,9,557.83
O00009885,1,176.48
O00009886,2,186.51
O00009887,2,31.74
O00009888,8,660.6500000000001
O00009889,4,207.4
O00009890,4,209.43
O00009891,7,5637.41
O00009892,5,644.87
O00009893,1,46.64
O00009894,1,1127.47
O00009895,4,1283.78
O00009896,3,529.12
O00009897,6,5711.62
O00009898,3,199.56
O00009899,5,1239.8899999999999
O00009900,1,83.6
O00009901,1,1197.44
O00009902,2,220.34
O00009903,6,4216.53
O00009904,5,1124.55
O00009905,4,1639.46
O00009906,3,122.89
O00009907,1,45.32
O00009908,3,249.51
O00009909,5,548.4000000000001
O00009910,3,36.64
O00009911,3,563.96
O00009912,2,53.870000000000005
O00009913,1,75.93
O00009914,3,804.49
O00009915,3,1979.79
O00009916,6,131.03
O00009917,1,36.2
O00009918,3,174.65
O00009919,3,2626.65
O00009920,1,19.14
O00009921,6,853.46
O00009922,9,837.12
O00009923,3,647.78
O00009924,4,211.70999999999998
O00009925,1,17.6
O00009926,2,875.51
O00009927,4,1891.78
O00009928,1,17.57
O00009929,3,1895.27
O00009930,5,954.24
O00009931,1,157.79
O00009932,5,955.4000000000001
O00009933,2,507.58
O00009934,1,96.63
O00009935,2,55.15
O00009936,3,294.34000000000003
O00009937,4,474.86
O00009938,5,260.74
O00009939,6,4460.94
O00009940,3,632.0
O00009941,1,72.87
O00009942,5,1662.63
O00009943,4,675.5899999999999
O00009944,3,182.07999999999998
O00009945,2,49.870000000000005
O00009946,3,520.39
O00009947,3,878.41
O00009948,8,1038.73
O00009949,3,22.11
O00009950,3,723.64
O00009951,7,650.61
O00009952,1,191.89
O00009953,1,209.1
O00009954,4,1644.9099999999999
O00009955,2,347.29
O00009956,3,101.25999999999999
O00009957,5,2358.7700000000004
O00009958,2,598.9
O00009959,5,241.49
O00009960,3,132.3
O00009961,4,441.06
O00009962,1,120.33
O00009963,5,3087.3300000000004
O00009964,2,71.12
O00009965,3,162.56
O00009966,1,704.13
O00009967,5,484.38
O00009968,3,286.31
O00009969,2,404.6
O00009970,8,756.4300000000001
O00009971,4,591.55
O00009972,3,494.34000000000003
O00009973,4,404.55
O00009974,6,1282.99
O00009975,4,401.39
O00009976,2,2262.6
O00009977,1,63.38
O00009978,1,103.59
O00009979,3,951.9000000000001
O00009980,2,228.51000000000002
O00009981,5,4354.039999999999
O00009982,3,85.51
O00009983,8,2032.5
O00009984,3,116.80000000000001
O00009985,3,434.43999999999994
O00009986,4,827.5999999999999
O00009987,7,244.31
O00009988,3,250.57999999999998
O00009989,5,1271.09
O00009990,3,34.71
O00009991,4,238.88000000000002
O00009992,2,85.78
O00009993,2,76.38
O00009994,6,1476.54
O00009995,4,2976.7
O00009996,2,161.88
O00009997,2,130.0
O00009998,2,79.47
O00009999,1,21.06
O00010000,1,125.02
O00010001,2,38.1
O00010002,2,777.87
O00010003,1,85.2
O00010004,5,1053.1399999999999
O00010005,9,3915.18
O00010006,1,14.3
O00010007,1,1217.83
O00010008,1,7.85
O00010009,2,75.76
O00010010,3,79.34
O00010011,2,231.06
O00010012,1,20.71
O00010013,1,42.47
O00010014,2,502.1
O00010015,6,2179.46
O00010016,1,59.15
O00010017,3,263.84000000000003
O00010018,1,667.59
O00010019,5,1556.06
O00010020,3,462.58000000000004
O00010021,2,184.46
O00010022,3,718.9
O00010023,2,197.53
O00010024,1,96.56
O00010025,3,287.94
O00010026,2,1906.06
O00010027,4,236.52
O00010028,2,193.06
O00010029,3,551.33
O00010030,2,213.62
O00010031,3,837.27
O00010032,1,35.82
O00010033,2,77.06
O00010034,2,102.08
O00010035,3,401.84000000000003
O00010036,3,934.8900000000001
O00010037,1,293.83
O00010038,1,236.97
O00010039,2,116.32
O00010040,7,2179.7799999999997
O00010041,2,26.08
O00010042,5,278.0
O00010043,4,3078.25
O00010044,1,503.43
O00010045,4,376.99
O00010046,4,363.96000000000004
O00010047,4,447.01
O00010048,9,3438.1400000000003
O00010049,2,260.17
O00010050,7,877.44
O00010051,1,401.23
O00010052,1,40.71
O00010053,1,175.83
O00010054,2,66.56
O00010055,1,73.01
O00010056,4,1947.85
O00010057,2,111.08000000000001
O00010058,1,108.27
O00010059,4,999.7199999999999
O00010060,1,470.89
O00010061,1,108.57
O00010062,3,757.86
O00010063,1,252.09
O00010064,5,794.29
O00010065,1,113.14
O00010066,6,940.0699999999999
O00010067,1,295.31
O00010068,1,8.07
O00010069,4,664.03
O00010070,1,386.25
O00010071,3,266.03999999999996
O00010072,3,783.72
O00010073,5,226.31
O00010074,2,146.62
O00010075,2,1339.68
O00010076,3,125.89
O00010077,2,50.2
O00010078,3,606.44
O00010079,4,394.8
O00010080,2,459.15
O00010081,1,96.96
O00010082,3,1105.8
O00010083,4,196.56
O00010084,3,1196.31
O00010085,3,117.69
O00010086,1,55.11
O00010087,3,485.06999999999994
O00010088,1,7.76
O00010089,6,1459.28
O00010090,1,35.24
O00010091,2,254.98000000000002
O00010092,4,495.18999999999994
O00010093,1,1033.13
O00010094,3,334.25
O00010095,1,133.34
O00010096,1,409.61
O00010097,2,64.22
O00010098,2,154.92
O00010099,4,1483.46
O00010100,3,32.85
O00010101,1,1205.1
O00010102,2,218.08
O00010103,1,769.71
O00010104,5,7950.740000000001
O00010105,2,155.76000000000002
O00010106,2,488.72
O00010107,4,57.6
O00010108,3,162.42000000000002
O00010109,2,214.76
O00010110,1,840.01
O00010111,4,860.41
O00010112,1,788.84
O00010113,3,47.55
O00010114,1,698.45
O00010115,1,769.71
O00010116,6,184.18
O00010117,4,2379.68
O00010118,3,102.72
O00010119,6,2038.74
O00010120,6,1245.03
O00010121,3,52.71
O00010122,6,501.28999999999996
O00010123,3,516.91
O00010124,4,1540.53
O00010125,7,281.4
O00010126,5,275.72
O00010127,2,20.4
O00010128,1,51.75
O00010129,1,9.0
O00010130,4,123.78
O00010131,4,4019.32
O00010132,7,963.51
O00010133,5,823.6899999999999
O00010134,3,315.86
O00010135,1,70.68
O00010136,2,74.32000000000001
O00010137,1,443.67
O00010138,6,263.88
O00010139,4,673.74
O00010140,7,1971.77
O00010141,7,822.26
O00010142,1,51.8
O00010143,1,115.63
O00010144,3,244.91
O00010145,4,310.09000000000003
O00010146,4,237.83
O00010147,5,770.87
O00010148,1,20.31
O00010149,1,1.49
O00010150,5,818.03
O00010151,4,255.91
O00010152,8,665.14
O00010153,5,442.28000000000003
O00010154,6,841.74
O00010155,2,31.32
O00010156,1,43.35
O00010157,3,234.33
O00010158,1,412.8
O00010159,3,66.45
O00010160,8,2592.94
O00010161,4,2291.1
O00010162,6,223.09
O00010163,4,233.85
O00010164,1,72.0
O00010165,9,1772.36
O00010166,1,47.14
O00010167,3,1429.08
O00010168,1,63.96
O00010169,6,286.88
O00010170,4,416.87
O00010171,8,5374.660000000001
O00010172,2,31.24
O00010173,4,478.57000000000005
O00010174,3,1755.68
O00010175,3,541.73
O00010176,1,554.93
O00010177,1,43.13
O00010178,4,137.64999999999998
O00010179,1,55.44
O00010180,2,708.58
O00010181,2,713.4
O00010182,4,674.6800000000001
O00010183,2,710.28
O00010184,3,80.06
O00010185,6,763.27
O00010186,1,344.26
O00010187,1,181.88
O00010188,3,2004.6100000000001
O00010189,1,786.4
O00010190,3,406.98
O00010191,2,671.45
O00010192,1,223.28
O00010193,1,351.45
O00010194,5,743.74
O00010195,1,197.07
O00010196,3,1409.37
O00010197,2,655.9100000000001
O00010198,3,482.06
O00010199,3,106.11
O00010200,1,61.35
O00010201,1,182.33
O00010202,1,12.42
O00010203,3,681.52
O00010204,5,217.88
O00010205,1,58.1
O00010206,3,301.4
O00010207,3,277.67
O00010208,3,585.59
O00010209,3,115.62
O00010210,7,1264.72
O00010211,3,1511.46
O00010212,1,1028.88
O00010213,2,51.14
O00010214,3,565.65
O00010215,2,121.29
O00010216,2,655.36
O00010217,1,11.4
O00010218,5,338.25
O00010219,1,527.87
O00010220,4,1871.28
O00010221,3,451.77
O00010222,2,50.879999999999995
O00010223,1,172.17
O00010224,5,247.78
O00010225,1,16.78
O00010226,4,279.52
O00010227,1,366.84
O00010228,1,22.25
O00010229,5,1368.04
O00010230,4,174.57
O00010231,1,78.11
O00010232,1,874.11
O00010233,3,15.33
O00010234,1,101.71
O00010235,3,165.4
O00010236,4,1390.56
O00010237,2,171.16
O00010238,1,40.84
O00010239,7,977.9699999999999
O00010240,3,519.75
O00010241,3,1250.34
O00010242,1,479.8
O00010243,4,1051.42
O00010244,3,123.31
O00010245,1,104.09
O00010246,4,362.23
O00010247,1,61.86
O00010248,1,70.33
O00010249,2,486.67999999999995
O00010250,1,46.5
O00010251,2,358.92
O00010252,2,330.96
O00010253,2,423.09000000000003
O00010254,2,1280.15
O00010255,6,311.35
O00010256,3,974.0
O00010257,6,2524.83
O00010258,1,18.79
O00010259,5,898.96
O00010260,5,360.68
O00010261,2,1010.31
O00010262,4,3130.18
O00010263,1,170.53
O00010264,4,326.15999999999997
O00010265,4,756.03
O00010266,6,493.7
O00010267,3,85.41999999999999
O00010268,5,1398.44
O00010269,8,866.96
O00010270,5,292.35
O00010271,1,15.04
O00010272,5,798.25
O00010273,1,24.61
O00010274,3,886.21
O00010275,1,299.66
O00010276,1,83.13
O00010277,7,546.88
O00010278,4,1082.45
O00010279,1,191.69
O00010280,6,239.15999999999997
O00010281,5,3930.41
O00010282,3,580.09
O00010283,1,18.38
O00010284,1,100.66
O00010285,1,992.56
O00010286,1,97.36
O00010287,5,999.91
O00010288,2,154.51999999999998
O00010289,1,36.32
O00010290,2,54.64
O00010291,5,672.85
O00010292,1,238.36
O00010293,1,157.79
O00010294,1,64.45
O00010295,3,440.88
O00010296,6,1560.8400000000001
O00010297,5,201.8
O00010298,2,410.74
O00010299,4,757.66
O00010300,2,3595.1
O00010301,1,236.97
O00010302,4,252.06
O00010303,7,1965.6799999999998
O00010304,4,179.11
O00010305,6,898.82
O00010306,3,161.25
O00010307,5,2018.66
O00010308,3,222.79999999999998
O00010309,4,184.95999999999998
O00010310,1,21.38
O00010311,3,709.5799999999999
O00010312,5,1001.6800000000001
O00010313,2,509.86
O00010314,6,1902.83
O00010315,2,249.36
O00010316,3,280.36
O00010317,2,250.53
O00010318,4,334.79
O00010319,13,508.36
O00010320,5,346.04999999999995
O00010321,2,1096.07
O00010322,3,809.94
O00010323,2,661.96
O00010324,4,587.6
O00010325,1,134.24
O00010326,1,33.99
O00010327,4,358.53000000000003
O00010328,6,1029.54
O00010329,3,420.42999999999995
O00010330,6,1195.3799999999999
O00010331,3,469.25
O00010332,1,186.13
O00010333,3,160.17
O00010334,4,659.5600000000001
O00010335,2,81.16
O00010336,1,148.66
O00010337,3,91.52
O00010338,1,3.69
O00010339,1,13.83
O00010340,1,992.56
O00010341,1,168.44
O00010342,3,304.74
O00010343,4,226.26
O00010344,8,2308.62
O00010345,4,505.48
O00010346,6,1580.08
O00010347,5,140.99
O00010348,2,169.4
O00010349,1,165.03
O00010350,5,529.2
O00010351,8,885.2700000000001
O00010352,3,1093.62
O00010353,5,865.9300000000001
O00010354,7,486.89
O00010355,5,107.65
O00010356,6,708.09
O00010357,1,115.46
O00010358,1,20.23
O00010359,4,651.7
O00010360,1,339.43
O00010361,1,108.18
O00010362,2,676.98
O00010363,1,32.02
O00010364,5,105.19
O00010365,3,215.20999999999998
O00010366,2,191.96
O00010367,4,566.9
O00010368,4,382.78
O00010369,3,2051.98
O00010370,3,222.85000000000002
O00010371,1,50.17
O00010372,5,877.05
O00010373,1,64.76
O00010374,3,153.63
O00010375,1,98.15
O00010376,1,146.49
O00010377,1,83.34
O00010378,6,390.24
O00010379,3,271.08
O00010380,1,83.41
O00010381,1,10.47
O00010382,5,359.0
O00010383,4,305.41999999999996
O00010384,5,311.49
O00010385,7,3968.58
O00010386,6,91.87
O00010387,5,136.72
O00010388,4,287.5
O00010389,3,521.16
O00010390,1,9.53
O00010391,5,519.78
O00010392,1,83.41
O00010393,2,399.56
O00010394,3,8.25
O00010395,2,79.26
O00010396,5,480.19
O00010397,3,429.21000000000004
O00010398,1,957.88
O00010399,1,195.39
O00010400,1,35.41
O00010401,3,4862.16
O00010402,2,79.08
O00010403,1,182.33
O00010404,1,41.44
O00010405,1,15.11
O00010406,4,177.29
O00010407,1,264.08
O00010408,3,130.34
O00010409,4,620.9000000000001
O00010410,7,573.13
O00010411,3,901.24
O00010412,4,640.52
O00010413,1,199.79
O00010414,7,4921.97
O00010415,2,164.07
O00010416,1,134.24
O00010417,5,326.15
O00010418,3,69.59
O00010419,3,134.49
O00010420,5,1892.71
O00010421,2,229.25
O00010422,6,1071.58
O00010423,2,165.22
O00010424,1,5.53
O00010425,5,643.26
O00010426,4,1269.84
O00010427,2,61.809999999999995
O00010428,1,400.2
O00010429,9,502.19
O00010430,2,31.35
O00010431,1,81.17
O00010432,3,179.99
O00010433,1,210.15
O00010434,1,134.22
O00010435,8,5091.84
O00010436,3,1092.48
O00010437,2,227.96
O00010438,6,836.55
O00010439,3,210.57999999999998
O00010440,3,372.17
O00010441,8,427.51
O00010442,2,123.14
O00010443,9,770.8199999999999
O00010444,2,228.64
O00010445,4,597.03
O00010446,3,1645.55
O00010447,3,2318.98
O00010448,2,417.21000000000004
O00010449,1,108.5
O00010450,2,833.56
O00010451,3,383.06
O00010452,1,86.67
O00010453,7,808.5999999999999
O00010454,3,28.47
O00010455,2,837.56
O00010456,1,490.48
O00010457,3,1113.29
O00010458,6,404.39
O00010459,3,148.26999999999998
O00010460,3,78.4
O00010461,4,588.41
O00010462,3,86.91
O00010463,6,853.07
O00010464,1,147.47
O00010465,2,417.5
O00010466,2,133.96
O00010467,1,20.26
O00010468,5,595.45
O00010469,3,243.82
O00010470,3,494.82
O00010471,2,207.74
O00010472,2,334.9
O00010473,2,1331.4699999999998
O00010474,5,533.19
O00010475,2,1193.12
O00010476,2,768.36
O00010477,1,101.71
O00010478,3,78.74
O00010479,5,1293.17
O00010480,5,321.93
O00010481,1,88.96
O00010482,3,887.11
O00010483,1,83.98
O00010484,2,892.75
O00010485,1,90.57
O00010486,1,455.43
O00010487,1,554.93
O00010488,1,22.62
O00010489,3,187.92000000000002
O00010490,1,54.65
O00010491,3,261.87
O00010492,3,225.07999999999998
O00010493,5,465.3
O00010494,6,361.84
O00010495,2,390.1
O00010496,6,2540.2200000000003
O00010497,1,35.82
O00010498,7,273.09000000000003
O00010499,2,417.2
O00010500,8,2805.83
O00010501,4,472.61
O00010502,3,527.04
O00010503,3,905.69
O00010504,3,80.44
O00010505,5,459.82
O00010506,5,901.34
O00010507,3,2217.1
O00010508,4,122.6
O00010509,2,495.53000000000003
O00010510,3,195.48000000000002
O00010511,3,533.52
O00010512,2,189.35000000000002
O00010513,1,22.44
O00010514,1,64.46
O00010515,1,9.81
O00010516,3,15.6
O00010517,4,201.1
O00010518,4,83.25
O00010519,1,42.47
O00010520,2,1097.66
O00010521,1,20.41
O00010522,2,145.42
O00010523,2,138.29000000000002
O00010524,9,948.21
O00010525,2,108.68
O00010526,1,142.38
O00010527,8,243.26
O00010528,3,100.17
O00010529,1,224.43
O00010530,8,442.23
O00010531,4,206.43
O00010532,6,282.35
O00010533,4,1346.32
O00010534,3,355.91
O00010535,2,167.96
O00010536,4,1251.01
O00010537,1,110.43
O00010538,1,28.77
O00010539,4,351.4
O00010540,4,162.11
O00010541,4,325.82
O00010542,6,1165.32
O00010543,5,352.24
O00010544,6,1187.3
O00010545,1,215.62
O00010546,4,516.84
O00010547,2,1018.95
O00010548,1,99.54
O00010549,4,98.56
O00010550,1,423.67
O00010551,6,586.84
O00010552,4,1385.83
O00010553,2,1017.1099999999999
O00010554,2,672.06
O00010555,7,826.62
O00010556,1,55.14
O00010557,5,339.0
O00010558,6,307.04
O00010559,5,126.62
O00010560,1,35.56
O00010561,6,3310.83
O00010562,3,515.42
O00010563,1,6.52
O00010564,2,135.02
O00010565,1,129.49
O00010566,6,1598.44
O00010567,4,1767.6599999999999
O00010568,2,1331.51
O00010569,7,1769.3200000000002
O00010570,4,2395.23
O00010571,1,65.24
O00010572,2,119.07
O00010573,1,39.02
O00010574,1,128.31
O00010575,3,327.78999999999996
O00010576,8,611.97
O00010577,5,1171.5900000000001
O00010578,1,12.4
O00010579,3,767.4100000000001
O00010580,5,1522.1200000000001
O00010581,6,377.85
O00010582,3,2224.2599999999998
O00010583,3,71.50999999999999
O00010584,2,132.06
O00010585,2,45.3
O00010586,4,308.42
O00010587,3,253.37
O00010588,2,74.02
O00010589,3,248.94
O00010590,1,101.93
O00010591,1,21.36
O00010592,4,315.95000000000005
O00010593,4,841.84
O00010594,5,125.18
O00010595,3,1729.22
O00010596,3,1192.85
O00010597,3,668.57
O00010598,1,20.84
O00010599,4,470.59000000000003
O00010600,2,189.42
O00010601,5,1868.93
O00010602,1,223.92
O00010603,1,835.66
O00010604,4,2905.02
O00010605,3,1103.78
O00010606,2,242.04
O00010607,1,201.36
O00010608,1,46.0
O00010609,1,120.82
O00010610,3,987.13
O00010611,4,134.98
O00010612,3,127.25999999999999
O00010613,6,661.75
O00010614,2,926.48
O00010615,7,273.29
O00010616,4,1055.15
O00010617,2,260.53999999999996
O00010618,1,479.8
O00010619,1,63.5
O00010620,8,1164.76
O00010621,5,160.03
O00010622,1,628.13
O00010623,6,718.21
O00010624,3,1267.89
O00010625,3,74.77
O00010626,7,5785.1
O00010627,1,184.85
O00010628,4,379.76
O00010629,3,194.81
O00010630,4,192.0
O00010631,1,51.94
O00010632,1,188.49
O00010633,1,1603.75
O00010634,2,305.96000000000004
O00010635,4,365.74
O00010636,4,2442.9900000000002
O00010637,2,360.05
O00010638,6,908.88
O00010639,3,451.04
O00010640,2,529.34
O00010641,2,576.03
O00010642,2,483.94
O00010643,2,125.84
O00010644,1,173.94
O00010645,3,86.89
O00010646,5,1053.35
O00010647,2,559.7
O00010648,9,1905.02
O00010649,2,264.21
O00010650,1,46.36
O00010651,1,23.87
O00010652,7,502.36
O00010653,3,384.93
O00010654,1,728.97
O00010655,10,3896.1
O00010656,3,905.37
O00010657,2,122.09
O00010658,2,174.51
O00010659,2,262.95
O00010660,3,252.48000000000002
O00010661,2,186.14
O00010662,1,130.87
O00010663,2,768.8
O00010664,6,1172.24
O00010665,2,127.89000000000001
O00010666,2,21.56
O00010667,2,318.01000000000005
O00010668,2,837.99
O00010669,1,19.22
O00010670,5,2988.09
O00010671,2,368.86
O00010672,10,1689.22
O00010673,2,476.16
O00010674,1,235.11
O00010675,1,112.83
O00010676,4,1271.76
O00010677,6,2209.9700000000003
O00010678,3,226.17000000000002
O00010679,7,311.96
O00010680,4,1495.08
O00010681,2,42.4
O00010682,4,260.1
O00010683,4,219.95
O00010684,2,349.88
O00010685,3,137.14999999999998
O00010686,6,1620.42
O00010687,2,73.88
O00010688,3,817.5
O00010689,1,83.34
O00010690,1,72.64
O00010691,2,1630.94
O00010692,1,172.42
O00010693,4,743.23
O00010694,7,4123.5
O00010695,2,132.06
O00010696,9,504.42
O00010697,3,1124.92
O00010698,8,861.84
O00010699,1,24.35
O00010700,1,85.2
O00010701,3,2500.6800000000003
O00010702,2,194.65
O00010703,4,120.91
O00010704,1,462.62
O00010705,1,118.51
O00010706,4,1019.86
O00010707,4,764.44
O00010708,1,99.23
O00010709,2,1577.04
O00010710,1,297.5
O00010711,6,434.12
O00010712,5,788.68
O00010713,2,241.23000000000002
O00010714,2,75.61
O00010715,5,2831.3599999999997
O00010716,2,20.7
O00010717,2,143.16
O00010718,1,56.44
O00010719,1,50.01
O00010720,7,1228.41
O00010721,1,660.72
O00010722,2,948.32
O00010723,2,700.89
O00010724,1,40.84
O00010725,3,690.9200000000001
O00010726,5,2064.91
O00010727,2,113.84
O00010728,1,5.67
O00010729,1,96.96
O00010730,2,797.84
O00010731,2,128.36
O00010732,6,324.65
O00010733,2,130.41
O00010734,1,58.41
O00010735,5,292.79
O00010736,1,20.4
O00010737,4,320.9
O00010738,3,171.75
O00010739,3,312.52
O00010740,2,87.88
O00010741,1,638.51
O00010742,6,907.64
O00010743,4,370.14000000000004
O00010744,4,479.38
O00010745,1,29.24
O00010746,4,474.82
O00010747,3,448.32
O00010748,3,4042.37
O00010749,6,234.10999999999999
O00010750,2,183.84
O00010751,5,1832.76
O00010752,1,112.71
O00010753,6,1057.09
O00010754,1,92.24
O00010755,1,53.19
O00010756,1,12.34
O00010757,1,17.73
O00010758,5,882.0799999999999
O00010759,1,20.74
O00010760,3,219.57999999999998
O00010761,1,488.59
O00010762,3,595.36
O00010763,8,3029.4800000000005
O00010764,4,458.23999999999995
O00010765,2,202.58
O00010766,4,202.54999999999998
O00010767,1,25.66
O00010768,3,222.21
O00010769,1,146.49
O00010770,5,424.69
O00010771,2,566.94
O00010772,1,401.23
O00010773,5,396.55
O00010774,1,734.26
O00010775,2,139.36
O00010776,1,390.19
O00010777,2,129.64
O00010778,5,346.25
O00010779,1,484.18
O00010780,3,325.81
O00010781,3,1201.63
O00010782,2,769.41
O00010783,2,942.5899999999999
O00010784,4,178.78
O00010785,2,1880.55
O00010786,2,240.91
O00010787,3,286.75
O00010788,1,343.28
O00010789,3,216.31
O00010790,2,209.89000000000001
O00010791,6,2939.45
O00010792,3,4270.41
O00010793,3,1432.15
O00010794,3,208.92
O00010795,3,541.8299999999999
O00010796,2,1984.58
O00010797,4,1009.21
O00010798,4,208.60999999999999
O00010799,1,12.42
O00010800,3,293.07
O00010801,1,363.12
O00010802,5,859.04
O00010803,2,79.6
O00010804,4,1215.02
O00010805,1,152.24
O00010806,3,460.74
O00010807,1,26.28
O00010808,1,20.37
O00010809,4,831.9000000000001
O00010810,8,709.5
O00010811,8,2667.1499999999996
O00010812,4,1494.3300000000002
O00010813,5,3677.89
O00010814,3,389.66999999999996
O00010815,3,27.69
O00010816,5,785.7
O00010817,4,371.57
O00010818,5,295.08000000000004
O00010819,1,22.44
O00010820,1,12.76
O00010821,1,18.77
O00010822,2,77.08
O00010823,3,1268.44
O00010824,4,463.15
O00010825,5,360.74
O00010826,3,285.38
O00010827,3,61.89
O00010828,2,329.24
O00010829,2,586.94
O00010830,1,40.72
O00010831,2,219.54
O00010832,4,672.9100000000001
O00010833,2,20.84
O00010834,4,785.75
O00010835,1,165.59
O00010836,1,705.88
O00010837,9,1271.91
O00010838,1,72.64
O00010839,1,4.51
O00010840,4,4513.75
O00010841,4,309.11
O00010842,3,176.71
O00010843,1,96.97
O00010844,8,768.14
O00010845,2,160.85
O00010846,6,276.7
O00010847,3,464.36
O00010848,5,2457.51
O00010849,9,796.79
O00010850,1,7.41
O00010851,2,474.15
O00010852,2,118.62
O00010853,3,166.47
O00010854,3,69.95
O00010855,3,700.35
O00010856,1,57.52
O00010857,1,75.93
O00010858,1,612.23
O00010859,5,1815.06
O00010860,8,874.5
O00010861,7,441.71999999999997
O00010862,3,216.24
O00010863,3,545.64
O00010864,5,1049.3
O00010865,1,152.38
O00010866,1,31.28
O00010867,1,34.32
O00010868,11,1530.6000000000001
O00010869,3,78.86
O00010870,7,1346.0500000000002
O00010871,1,32.73
O00010872,4,140.12
O00010873,4,1619.3700000000001
O00010874,3,190.88
O00010875,1,49.15
O00010876,8,3220.86
O00010877,6,565.3700000000001
O00010878,6,472.77
O00010879,3,563.6899999999999
O00010880,6,423.86
O00010881,4,1175.3700000000001
O00010882,6,341.82000000000005
O00010883,5,1188.6200000000001
O00010884,1,264.04
O00010885,2,44.4
O00010886,1,40.72
O00010887,1,11.44
O00010888,2,872.83
O00010889,3,645.1
O00010890,1,21.74
O00010891,4,294.88
O00010892,7,544.14
O00010893,3,698.17
O00010894,2,127.92
O00010895,1,80.66
O00010896,8,1660.14
O00010897,5,1092.38
O00010898,2,465.11
O00010899,2,468.67
O00010900,3,192.29
O00010901,4,595.56
O00010902,1,96.63
O00010903,3,2063.7
O00010904,1,215.69
O00010905,1,113.12
O00010906,2,162.64
O00010907,3,135.62
O00010908,8,2812.92
O00010909,2,48.34
O00010910,1,83.6
O00010911,2,54.16
O00010912,5,1059.1299999999999
O00010913,3,57.51
O00010914,5,2927.15
O00010915,2,200.66
O00010916,6,324.57
O00010917,3,29.43
O00010918,1,46.0
O00010919,3,141.93
O00010920,3,470.25
O00010921,1,28.99
O00010922,3,1055.3700000000001
O00010923,3,234.33
O00010924,2,472.38
O00010925,2,629.28
O00010926,5,299.44
O00010927,1,18.84
O00010928,1,46.5
O00010929,6,358.32
O00010930,1,513.32
O00010931,2,1092.45
O00010932,1,26.76
O00010933,2,158.29999999999998
O00010934,5,506.24
O00010935,4,494.5
O00010936,1,990.68
O00010937,1,643.14
O00010938,1,97.57
O00010939,7,2179.6400000000003
O00010940,5,565.9200000000001
O00010941,1,12.34
O00010942,1,14.59
O00010943,3,106.28999999999999
O00010944,5,1148.5900000000001
O00010945,1,1197.44
O00010946,2,460.04
O00010947,4,980.78
O00010948,8,1271.03
O00010949,1,160.18
O00010950,3,236.64
O00010951,2,638.05
O00010952,2,428.95
O00010953,9,1788.65
O00010954,2,88.2
O00010955,2,228.69
O00010956,1,61.9
O00010957,4,587.5600000000001
O00010958,1,154.29
O00010959,2,139.44
O00010960,1,16.79
O00010961,1,323.14
O00010962,1,60.11
O00010963,2,377.14
O00010964,3,121.47
O00010965,3,486.44000000000005
O00010966,3,623.01
O00010967,2,236.06
O00010968,2,437.38
O00010969,1,179.46
O00010970,4,172.67000000000002
O00010971,3,832.43
O00010972,1,63.98
O00010973,6,359.25
O00010974,1,30.76
O00010975,1,52.25
O00010976,4,2236.6
O00010977,3,92.24
O00010978,1,701.36
O00010979,2,167.8
O00010980,5,750.04
O00010981,3,278.72
O00010982,3,166.61
O00010983,1,94.62
O00010984,2,357.41
O00010985,2,241.01
O00010986,4,881.4300000000001
O00010987,4,1361.0
O00010988,1,278.14
O00010989,4,753.6700000000001
O00010990,2,6.9
O00010991,7,1056.58
O00010992,1,182.11
O00010993,1,96.51
O00010994,3,312.62
O00010995,1,138.82
O00010996,7,1174.07
O00010997,1,354.29
O00010998,4,419.83000000000004
O00010999,1,418.78
O00011000,7,1063.77
O00011001,2,161.28
O00011002,2,48.349999999999994
O00011003,2,58.35
O00011004,3,969.23
O00011005,2,172.13
O00011006,1,175.83
O00011007,2,161.23000000000002
O00011008,2,1286.28
O00011009,2,72.84
O00011010,3,613.1500000000001
O00011011,2,303.21000000000004
O00011012,1,17.96
O00011013,1,159.29
O00011014,1,435.72
O00011015,6,561.58
O00011016,7,1124.9099999999999
O00011017,7,2155.65
O00011018,1,78.16
O00011019,3,3245.4
O00011020,1,61.59
O00011021,3,156.3
O00011022,4,346.07
O00011023,2,116.78
O00011024,1,605.36
O00011025,4,2139.98
O00011026,5,2101.5299999999997
O00011027,1,44.59
O00011028,1,40.38
O00011029,8,1613.29
O00011030,2,1493.02
O00011031,1,59.15
O00011032,5,647.96
O00011033,7,892.23
O00011034,5,643.86
O00011035,3,203.24
O00011036,4,1194.99
O00011037,5,334.37
O00011038,5,582.1
O00011039,6,867.0000000000001
O00011040,1,1816.28
O00011041,1,23.71
O00011042,4,103.28999999999999
O00011043,1,1233.14
O00011044,12,1480.65
O00011045,1,28.77
O00011046,4,95.47999999999999
O00011047,2,591.68
O00011048,6,1091.95
O00011049,2,165.68
O00011050,2,84.68
O00011051,4,827.0600000000001
O00011052,6,2553.64
O00011053,4,380.92
O00011054,4,541.01
O00011055,4,543.78
O00011056,1,278.14
O00011057,4,2042.39
O00011058,4,637.74
O00011059,2,703.14
O00011060,4,1501.6
O00011061,1,237.68
O00011062,2,105.14
O00011063,2,1036.8200000000002
O00011064,3,332.16
O00011065,1,33.99
O00011066,4,682.02
O00011067,6,679.29
O00011068,4,558.79
O00011069,1,1011.71
O00011070,1,74.86
O00011071,1,273.91
O00011072,1,401.23
O00011073,4,349.82
O00011074,3,320.77
O00011075,1,84.37
O00011076,4,333.22999999999996
O00011077,4,320.95
O00011078,5,531.5
O00011079,4,1409.6999999999998
O00011080,3,102.30000000000001
O00011081,1,38.53
O00011082,2,986.58
O00011083,13,3604.8999999999996
O00011084,4,290.96000000000004
O00011085,6,434.02
O00011086,3,341.96
O00011087,1,45.66
O00011088,3,867.49
O00011089,3,1185.73
O00011090,1,15.29
O00011091,2,70.05
O00011092,1,17.03
O00011093,7,307.36
O00011094,3,3615.3
O00011095,2,183.13
O00011096,1,6.95
O00011097,2,59.04
O00011098,4,1048.1200000000001
O00011099,3,67.59
O00011100,1,81.47
O00011101,2,195.26
O00011102,1,52.53
O00011103,5,185.5
O00011104,5,157.56
O00011105,1,47.02
O00011106,3,201.33
O00011107,4,143.13
O00011108,1,30.81
O00011109,1,143.79
O00011110,10,775.99
O00011111,1,111.42
O00011112,3,391.09000000000003
O00011113,1,63.31
O00011114,5,1056.43
O00011115,5,779.45
O00011116,1,71.41
O00011117,2,1197.26
O00011118,4,397.1
O00011119,5,584.59
O00011120,1,18.45
O00011121,3,307.44
O00011122,1,115.81
O00011123,5,597.88
O00011124,4,91.05
O00011125,1,20.77
O00011126,4,236.62
O00011127,1,51.52
O00011128,1,22.15
O00011129,4,1150.11
O00011130,5,538.54
O00011131,3,2011.89
O00011132,2,44.89
O00011133,4,308.97
O00011134,4,1345.8200000000002
O00011135,1,250.41
O00011136,1,85.46
O00011137,1,33.99
O00011138,6,430.56
O00011139,3,63.089999999999996
O00011140,4,41.23
O00011141,2,30.099999999999998
O00011142,1,22.55
O00011143,2,249.82
O00011144,3,1677.6
O00011145,2,736.51
O00011146,1,61.86
O00011147,4,150.94
O00011148,4,247.95999999999998
O00011149,1,54.86
O00011150,2,229.02
O00011151,8,795.7
O00011152,1,357.87
O00011153,1,142.94
O00011154,1,22.47
O00011155,1,84.48
O00011156,3,525.77
O00011157,9,1750.97
O00011158,2,101.57000000000001
O00011159,2,67.86
O00011160,1,128.31
O00011161,7,522.8399999999999
O00011162,4,2078.82
O00011163,1,109.53
O00011164,1,82.85
O00011165,1,40.03
O00011166,1,14.96
O00011167,6,889.14
O00011168,3,253.01
O00011169,1,4.51
O00011170,1,455.43
O00011171,1,61.39
O00011172,2,81.54
O00011173,4,71.03999999999999
O00011174,3,297.56
O00011175,1,181.12
O00011176,3,130.56
O00011177,2,167.02
O00011178,6,680.62
O00011179,3,196.71
O00011180,4,851.0699999999999
O00011181,4,606.25
O00011182,2,291.74
O00011183,7,1561.41
O00011184,4,1799.9899999999998
O00011185,1,56.05
O00011186,8,1073.3300000000002
O00011187,6,330.83000000000004
O00011188,3,413.46
O00011189,4,104.19
O00011190,3,153.82999999999998
O00011191,9,809.06
O00011192,2,175.43
O00011193,1,366.84
O00011194,5,180.69
O00011195,1,925.17
O00011196,3,778.48
O00011197,1,115.22
O00011198,3,458.59
O00011199,2,108.02
O00011200,2,94.97999999999999
O00011201,5,1113.5
O00011202,2,213.98
O00011203,2,221.44
O00011204,3,696.8000000000001
O00011205,5,577.72
O00011206,7,934.28
O00011207,8,1075.4
O00011208,1,20.31
O00011209,5,681.6500000000001
O00011210,1,204.47
O00011211,3,136.75
O00011212,8,829.4200000000001
O00011213,1,1511.11
O00011214,1,169.79
O00011215,2,1348.97
O00011216,5,300.8
O00011217,2,113.38000000000001
O00011218,5,170.39
O00011219,3,649.79
O00011220,4,1017.72
O00011221,1,165.89
O00011222,2,26.26
O00011223,1,548.83
O00011224,2,100.03
O00011225,1,239.55
O00011226,1,35.1
O00011227,1,299.45
O00011228,6,1260.88
O00011229,2,180.56
O00011230,6,1404.6599999999999
O00011231,5,214.22
O00011232,2,99.52
O00011233,1,108.57
O00011234,4,68.12
O00011235,4,797.93
O00011236,4,183.11
O00011237,5,1488.57
O00011238,2,1650.34
O00011239,2,52.41
O00011240,7,361.15
O00011241,4,313.38
O00011242,2,70.48
O00011243,2,180.89999999999998
O00011244,2,161.53
O00011245,2,377.1
O00011246,4,600.52
O00011247,1,21.1
O00011248,5,1055.43
O00011249,8,457.74
O00011250,1,163.19
O00011251,4,1222.5600000000002
O00011252,1,241.73
O00011253,5,742.29
O00011254,3,349.68999999999994
O00011255,8,5734.88
O00011256,4,340.6
O00011257,2,117.71000000000001
O00011258,4,732.19
O00011259,4,346.77
O00011260,5,495.38
O00011261,7,535.19
O00011262,3,1048.45
O00011263,2,780.58
O00011264,1,462.62
O00011265,1,19.08
O00011266,5,1378.25
O00011267,4,391.20000000000005
O00011268,4,1154.01
O00011269,1,52.18
O00011270,1,250.41
O00011271,2,110.88
O00011272,10,2079.21
O00011273,3,342.1
O00011274,2,72.32
O00011275,1,403.08
O00011276,2,105.66
O00011277,1,293.24
O00011278,1,612.23
O00011279,1,535.69
O00011280,1,19.09
O00011281,3,91.96000000000001
O00011282,3,401.45
O00011283,6,325.91
O00011284,4,347.47
O00011285,5,1939.93
O00011286,6,484.13
O00011287,1,47.18
O00011288,5,315.45
O00011289,3,2105.63
O00011290,1,273.71
O00011291,1,1025.31
O00011292,1,138.89
O00011293,1,13.24
O00011294,4,645.8299999999999
O00011295,7,386.4
O00011296,1,7.92
O00011297,1,123.68
O00011298,3,189.24
O00011299,2,131.21
O00011300,3,739.68
O00011301,2,485.7
O00011302,1,18.65
O00011303,7,175.03
O00011304,4,541.36
O00011305,1,31.17
O00011306,1,14.81
O00011307,1,63.98
O00011308,5,529.2
O00011309,3,686.14
O00011310,2,293.62
O00011311,1,104.27
O00011312,3,96.48
O00011313,6,3060.97
O00011314,2,1332.31
O00011315,2,83.63
O00011316,4,380.51
O00011317,5,535.1700000000001
O00011318,3,366.14
O00011319,2,326.57
O00011320,5,1305.2400000000002
O00011321,4,1268.12
O00011322,3,895.51
O00011323,1,1233.14
O00011324,3,336.66
O00011325,4,346.98
O00011326,1,133.71
O00011327,1,127.26
O00011328,4,1834.76
O00011329,6,2232.17
O00011330,6,698.65
O00011331,5,243.88
O00011332,4,475.17
O00011333,1,52.54
O00011334,2,315.61
O00011335,1,73.01
O00011336,2,577.95
O00011337,3,104.84
O00011338,11,2158.91
O00011339,1,168.32
O00011340,2,276.23999999999995
O00011341,1,84.79
O00011342,2,14.739999999999998
O00011343,2,209.36
O00011344,3,653.49
O00011345,1,166.22
O00011346,6,1807.47
O00011347,4,219.98000000000002
O00011348,4,1736.98
O00011349,1,68.12
O00011350,3,784.78
O00011351,3,1486.6200000000001
O00011352,3,135.56
O00011353,4,711.98
O00011354,1,95.08
O00011355,5,452.52
O00011356,1,974.16
O00011357,3,465.44
O00011358,2,11.05
O00011359,2,670.9200000000001
O00011360,3,134.35
O00011361,4,381.53
O00011362,3,890.67
O00011363,4,830.73
O00011364,8,819.38
O00011365,4,571.9
O00011366,1,87.46
O00011367,5,146.65
O00011368,7,2445.04
O00011369,4,236.35
O00011370,1,44.59
O00011371,2,45.1
O00011372,1,56.03
O00011373,2,104.17999999999999
O00011374,5,537.67
O00011375,3,238.54000000000002
O00011376,6,3109.92
O00011377,5,898.36
O00011378,8,3151.2200000000003
O00011379,2,266.42
O00011380,7,1827.88
O00011381,1,62.05
O00011382,4,405.97
O00011383,4,241.67
O00011384,7,1022.3199999999999
O00011385,3,719.0000000000001
O00011386,4,248.41
O00011387,3,541.49
O00011388,3,761.47
O00011389,3,136.65
O00011390,1,299.66
O00011391,1,1352.63
O00011392,2,1704.24
O00011393,1,293.24
O00011394,8,419.78999999999996
O00011395,1,314.95
O00011396,3,238.35
O00011397,5,1162.1200000000001
O00011398,11,1036.32
O00011399,1,218.95
O00011400,1,21.74
O00011401,8,750.8
O00011402,5,368.78000000000003
O00011403,6,415.0
O00011404,5,420.24
O00011405,1,33.0
O00011406,1,215.6
O00011407,4,155.29999999999998
O00011408,4,860.27
O00011409,3,248.07
O00011410,8,1936.92
O00011411,1,694.64
O00011412,4,875.12
O00011413,2,1552.58
O00011414,1,44.55
O00011415,2,439.88
O00011416,4,269.63
O00011417,1,83.34
O00011418,1,215.62
O00011419,2,189.9
O00011420,2,455.77000000000004
O00011421,6,359.43
O00011422,6,2289.1099999999997
O00011423,2,144.0
O00011424,2,307.78999999999996
O00011425,3,106.68
O00011426,2,165.51999999999998
O00011427,2,156.1
O00011428,1,865.55
O00011429,1,19.77
O00011430,1,182.33
O00011431,1,54.01
O00011432,1,51.94
O00011433,2,751.42
O00011434,1,70.32
O00011435,3,1876.45
O00011436,1,131.29
O00011437,1,110.72
O00011438,2,191.15
O00011439,1,32.06
O00011440,6,309.40999999999997
O00011441,4,203.7
O00011442,1,42.15
O00011443,3,285.92
O00011444,6,829.37
O00011445,4,2374.8199999999997
O00011446,3,478.25
O00011447,1,82.68
O00011448,4,399.3
O00011449,8,2228.31
O00011450,10,4106.99
O00011451,1,53.26
O00011452,1,61.15
O00011453,11,4636.09
O00011454,1,120.82
O00011455,2,33.76
O00011456,1,5.74
O00011457,1,140.52
O00011458,3,140.37
O00011459,1,47.02
O00011460,1,34.0
O00011461,2,295.71
O00011462,1,13.13
O00011463,1,742.47
O00011464,7,584.32
O00011465,2,521.8
O00011466,1,49.15
O00011467,1,72.21
O00011468,3,251.94
O00011469,3,2979.41
O00011470,3,71.76
O00011471,1,13.29
O00011472,2,469.67
O00011473,1,326.01
O00011474,1,96.76
O00011475,1,319.47
O00011476,1,71.07
O00011477,3,117.53
O00011478,2,42.92
O00011479,1,390.56
O00011480,5,955.36
O00011481,3,1457.43
O00011482,3,246.85
O00011483,1,70.39
O00011484,1,226.24
O00011485,3,1497.45
O00011486,5,741.6
O00011487,1,63.71
O00011488,1,81.32
O00011489,1,435.72
O00011490,1,295.05
O00011491,2,33.58
O00011492,4,758.6899999999999
O00011493,6,244.97
O00011494,1,79.6
O00011495,2,189.18
O00011496,11,2013.19
O00011497,5,1465.21
O00011498,1,15.79
O00011499,5,684.35
O00011500,4,2817.69
O00011501,1,4.87
O00011502,1,6.52
O00011503,1,93.1
O00011504,4,767.21
O00011505,2,208.24
O00011506,3,211.32
O00011507,7,710.14
O00011508,4,774.7700000000001
O00011509,4,591.49
O00011510,3,225.23000000000002
O00011511,3,218.7
O00011512,5,554.48
O00011513,7,685.75
O00011514,3,1052.5700000000002
O00011515,3,458.76
O00011516,1,208.05
O00011517,2,781.4399999999999
O00011518,3,504.67
O00011519,1,12.4
O00011520,2,361.38
O00011521,1,11.71
O00011522,2,122.3
O00011523,8,598.96
O00011524,1,9.31
O00011525,1,191.69
O00011526,2,595.0
O00011527,2,132.51
O00011528,6,1564.97
O00011529,3,60.0
O00011530,2,105.06
O00011531,8,5183.18
O00011532,1,11.71
O00011533,6,374.25
O00011534,1,53.51
O00011535,3,516.78
O00011536,7,1027.7
O00011537,1,494.84
O00011538,2,834.3
O00011539,3,71.97
O00011540,1,5.67
O00011541,6,246.39999999999998
O00011542,3,226.87
O00011543,3,545.1999999999999
O00011544,4,228.69
O00011545,1,4.51
O00011546,3,2209.02
O00011547,2,84.94
O00011548,4,122.78999999999999
O00011549,1,120.33
O00011550,1,44.33
O00011551,2,76.06
O00011552,4,261.88
O00011553,1,32.25
O00011554,3,753.85
O00011555,8,514.1700000000001
O00011556,2,901.02
O00011557,4,324.95000000000005
O00011558,6,1308.97
O00011559,2,127.96
O00011560,3,143.24
O00011561,2,246.47
O00011562,3,223.82000000000002
O00011563,3,375.39
O00011564,5,2934.17
O00011565,6,1458.53
O00011566,5,238.66
O00011567,4,195.40999999999997
O00011568,3,477.85
O00011569,3,174.23
O00011570,2,809.6700000000001
O00011571,2,99.74
O00011572,3,3226.11
O00011573,1,134.54
O00011574,5,531.46
O00011575,1,53.16
O00011576,5,709.85
O00011577,2,410.90999999999997
O00011578,2,989.68
O00011579,2,148.16
O00011580,4,256.15999999999997
O00011581,2,115.91
O00011582,1,121.55
O00011583,4,390.60999999999996
O00011584,1,165.03
O00011585,3,188.22
O00011586,1,67.54
O00011587,3,1320.8000000000002
O00011588,1,35.24
O00011589,5,385.3
O00011590,3,228.26
O00011591,2,51.46
O00011592,6,912.72
O00011593,3,360.44
O00011594,1,1663.12
O00011595,1,79.35
O00011596,2,985.0999999999999
O00011597,5,90.88
O00011598,1,186.05
O00011599,1,158.55
O00011600,6,1397.49
O00011601,2,36.52
O00011602,9,4028.21
O00011603,5,346.65000000000003
O00011604,1,114.66
O00011605,5,207.15
O00011606,5,167.1
O00011607,2,629.16
O00011608,5,384.06
O00011609,1,19.17
O00011610,5,1415.31
O00011611,6,1847.15
O00011612,2,361.42
O00011613,5,1229.92
O00011614,3,527.7
O00011615,3,457.92
O00011616,1,103.54
O00011617,4,296.68
O00011618,3,52.089999999999996
O00011619,4,124.07
O00011620,3,273.92
O00011621,4,4177.5
O00011622,7,3090.2
O00011623,5,1244.51
O00011624,1,1338.53
O00011625,1,44.57
O00011626,5,853.7
O00011627,1,769.71
O00011628,6,468.49
O00011629,1,142.59
O00011630,2,23.42
O00011631,1,139.02
O00011632,3,10.71
O00011633,4,1971.3799999999999
O00011634,3,642.25
O00011635,4,236.77
O00011636,1,67.54
O00011637,1,22.55
O00011638,5,418.59
O00011639,1,338.0
O00011640,1,1411.81
O00011641,3,714.12
O00011642,3,70.56
O00011643,4,274.0
O00011644,4,114.53
O00011645,4,726.4399999999999
O00011646,1,3.69
O00011647,6,122.69
O00011648,12,3083.37
O00011649,5,406.31
O00011650,2,65.92
O00011651,3,304.08
O00011652,3,1309.3899999999999
O00011653,3,726.43
O00011654,7,2752.62
O00011655,2,671.22
O00011656,6,2751.7200000000003
O00011657,1,45.74
O00011658,4,608.02
O00011659,2,150.94
O00011660,4,191.52
O00011661,9,1398.18
O00011662,2,204.39
O00011663,3,73.56
O00011664,3,141.13
O00011665,3,523.6600000000001
O00011666,4,1103.0300000000002
O00011667,2,62.34
O00011668,1,11.41
O00011669,5,103.51
O00011670,3,231.04999999999998
O00011671,1,12.72
O00011672,3,763.0
O00011673,4,1017.35
O00011674,4,1587.73
O00011675,4,867.1500000000001
O00011676,1,81.57
O00011677,1,205.0
O00011678,1,117.72
O00011679,1,28.05
O00011680,3,428.15
O00011681,5,645.12
O00011682,5,773.3100000000001
O00011683,4,1441.65
O00011684,1,257.21
O00011685,2,323.55
O00011686,6,389.54
O00011687,5,7490.93
O00011688,1,140.3
O00011689,5,64.74
O00011690,2,557.48
O00011691,6,925.72
O00011692,1,83.13
O00011693,6,409.95000000000005
O00011694,3,343.53
O00011695,1,70.23
O00011696,6,2325.7200000000003
O00011697,3,444.03999999999996
O00011698,1,161.15
O00011699,5,899.3299999999999
O00011700,3,422.99
O00011701,3,94.23
O00011702,3,545.64
O00011703,1,12.66
O00011704,4,275.3
O00011705,1,244.29
O00011706,1,10.2
O00011707,1,214.62
O00011708,2,424.2
O00011709,7,1392.6100000000001
O00011710,1,74.6
O00011711,2,53.48
O00011712,1,1238.93
O00011713,1,2.92
O00011714,4,1165.39
O00011715,1,166.04
O00011716,2,419.77
O00011717,1,361.55
O00011718,5,786.46
O00011719,6,463.70000000000005
O00011720,4,307.06000000000006
O00011721,3,284.85
O00011722,3,884.88
O00011723,1,62.47
O00011724,3,1421.07
O00011725,3,169.62
O00011726,6,2084.73
O00011727,1,50.66
O00011728,3,527.15
O00011729,1,100.33
O00011730,4,423.02
O00011731,1,1260.68
O00011732,3,214.0
O00011733,3,784.07
O00011734,1,30.76
O00011735,2,762.39
O00011736,1,195.21
O00011737,1,142.59
O00011738,3,612.28
O00011739,1,36.94
O00011740,1,9.98
O00011741,5,388.28999999999996
O00011742,3,438.15
O00011743,1,32.11
O00011744,1,44.1
O00011745,4,1124.73
O00011746,8,442.75
O00011747,7,307.53000000000003
O00011748,1,1181.64
O00011749,1,131.16
O00011750,4,546.01
O00011751,4,1148.47
O00011752,7,396.1
O00011753,3,365.89
O00011754,2,720.58
O00011755,4,803.84
O00011756,1,1816.28
O00011757,6,413.78
O00011758,4,3261.3199999999997
O00011759,7,2731.48
O00011760,1,48.72
O00011761,4,254.06
O00011762,7,763.6600000000001
O00011763,5,1274.72
O00011764,1,98.25
O00011765,1,73.71
O00011766,6,1944.31
O00011767,1,20.84
O00011768,1,4.68
O00011769,7,612.23
O00011770,4,1821.99
O00011771,3,1873.93
O00011772,4,400.6
O00011773,1,27.08
O00011774,8,901.46
O00011775,1,10.39
O00011776,5,864.6999999999999
O00011777,8,602.72
O00011778,4,1428.84
O00011779,1,66.52
O00011780,4,64.51
O00011781,2,202.75
O00011782,3,524.19
O00011783,6,657.3399999999999
O00011784,2,138.49
O00011785,11,2221.4900000000002
O00011786,2,832.48
O00011787,4,1258.5800000000002
O00011788,2,150.38
O00011789,9,869.0699999999999
O00011790,2,438.09999999999997
O00011791,1,120.82
O00011792,2,1140.55
O00011793,5,363.03
O00011794,2,44.510000000000005
O00011795,4,320.95000000000005
O00011796,4,294.06
O00011797,1,74.41
O00011798,2,270.67
O00011799,2,282.23
O00011800,1,236.97
O00011801,4,226.51
O00011802,4,562.9
O00011803,4,1246.26
O00011804,1,794.73
O00011805,2,706.44
O00011806,5,890.5699999999999
O00011807,1,67.54
O00011808,1,1194.94
O00011809,3,55.35
O00011810,2,68.2
O00011811,2,136.66
O00011812,3,385.59
O00011813,1,75.81
O00011814,1,161.29
O00011815,4,797.71
O00011816,7,983.57
O00011817,1,1835.32
O00011818,1,145.87
O00011819,1,97.57
O00011820,2,154.92
O00011821,1,168.44
O00011822,1,473.62
O00011823,6,651.3100000000001
O00011824,1,73.31
O00011825,3,652.3499999999999
O00011826,3,637.27
O00011827,6,85.73
O00011828,8,2601.1
O00011829,7,357.12
O00011830,6,505.22
O00011831,1,108.18
O00011832,2,947.24
O00011833,5,328.84000000000003
O00011834,4,631.53
O00011835,5,270.69
O00011836,5,632.85
O00011837,5,368.86
O00011838,2,637.28
O00011839,4,1134.96
O00011840,1,29.3
O00011841,7,606.03
O00011842,1,43.7
O00011843,1,56.11
O00011844,2,42.69
O00011845,2,31.32
O00011846,2,1093.37
O00011847,1,484.18
O00011848,10,2644.85
O00011849,2,171.63
O00011850,5,1437.3500000000001
O00011851,5,1124.1
O00011852,5,1524.1200000000001
O00011853,2,60.18
O00011854,7,3393.6800000000003
O00011855,2,237.02
O00011856,3,1225.23
O00011857,1,72.49
O00011858,1,10.35
O00011859,5,584.18
O00011860,8,1514.24
O00011861,3,263.51
O00011862,10,2053.48
O00011863,2,63.4
O00011864,5,481.52
O00011865,3,165.3
O00011866,3,388.46000000000004
O00011867,2,815.9300000000001
O00011868,1,168.03
O00011869,1,32.09
O00011870,1,166.04
O00011871,8,1772.61
O00011872,3,1196.8500000000001
O00011873,5,289.56
O00011874,3,1572.6799999999998
O00011875,1,687.01
O00011876,4,370.71
O00011877,4,313.83000000000004
O00011878,4,358.24
O00011879,4,1036.92
O00011880,6,732.1300000000001
O00011881,2,43.43
O00011882,6,4347.07
O00011883,2,230.74
O00011884,1,70.33
O00011885,3,576.0
O00011886,3,392.48
O00011887,1,15.64
O00011888,3,498.57
O00011889,1,142.7
O00011890,1,58.95
O00011891,5,316.57
O00011892,5,463.98
O00011893,3,301.02
O00011894,1,5.2
O00011895,6,483.74
O00011896,4,679.87
O00011897,2,434.71000000000004
O00011898,9,1942.87
O00011899,6,810.53
O00011900,4,947.98
O00011901,5,201.41
O00011902,1,49.62
O00011903,1,43.13
O00011904,1,50.42
O00011905,3,485.03
O00011906,7,214.60999999999999
O00011907,2,1381.38
O00011908,1,94.95
O00011909,8,1084.07
O00011910,2,669.63
O00011911,5,460.9
O00011912,2,243.31
O00011913,3,184.77
O00011914,5,1976.9
O00011915,1,24.6
O00011916,1,30.81
O00011917,3,212.28
O00011918,1,802.45
O00011919,1,270.85
O00011920,2,46.56
O00011921,4,492.85999999999996
O00011922,1,86.16
O00011923,2,51.46
O00011924,4,118.35
O00011925,3,50.47
O00011926,2,1935.66
O00011927,2,134.22
O00011928,2,103.4
O00011929,2,23.86
O00011930,4,461.88
O00011931,1,86.34
O00011932,3,252.06
O00011933,1,237.68
O00011934,1,61.59
O00011935,2,508.93000000000006
O00011936,4,920.5
O00011937,9,1965.44
O00011938,9,1003.1800000000001
O00011939,2,37.54
O00011940,5,223.3
O00011941,4,2192.13
O00011942,3,93.21000000000001
O00011943,4,1725.93
O00011944,5,359.27
O00011945,1,12.72
O00011946,2,1186.42
O00011947,4,316.05
O00011948,6,454.3
O00011949,2,338.67
O00011950,3,1599.55
O00011951,1,263.8
O00011952,1,28.92
O00011953,4,293.19
O00011954,1,21.11
O00011955,3,490.62
O00011956,5,243.03
O00011957,1,125.56
O00011958,3,1702.17
O00011959,4,1799.5
O00011960,4,198.48000000000002
O00011961,6,293.34000000000003
O00011962,1,196.49
O00011963,9,1675.3700000000001
O00011964,5,632.9300000000001
O00011965,1,76.19
O00011966,3,942.85
O00011967,1,61.39
O00011968,3,805.22
O00011969,1,33.0
O00011970,5,836.76
O00011971,4,1045.6
O00011972,4,317.21000000000004
O00011973,4,284.58
O00011974,7,1449.16
O00011975,11,5180.76
O00011976,2,139.36
O00011977,2,152.77
O00011978,1,41.49
O00011979,4,250.75
O00011980,1,26.1
O00011981,7,1603.1
O00011982,3,838.72
O00011983,2,219.84
O00011984,3,173.67
O00011985,3,300.9
O00011986,1,49.59
O00011987,4,596.0
O00011988,4,122.73
O00011989,2,265.42
O00011990,3,156.07999999999998
O00011991,4,799.92
O00011992,5,1565.82
O00011993,5,440.63
O00011994,2,555.41
O00011995,8,607.2
O00011996,3,840.48
O00011997,5,916.67
O00011998,4,1223.0200000000002
O00011999,7,2702.39
O00012000,4,2262.26
O00012001,9,2439.87
O00012002,3,1947.49
O00012003,2,205.95
O00012004,2,314.46000000000004
O00012005,2,1491.5700000000002
O00012006,3,1371.52
O00012007,2,1229.16
O00012008,2,260.96000000000004
O00012009,2,433.51
O00012010,1,521.0
O00012011,4,44.03
O00012012,1,22.11
O00012013,5,1674.33
O00012014,8,2960.66
O00012015,3,508.48
O00012016,3,16.65
O00012017,11,1499.66
O00012018,4,333.65999999999997
O00012019,2,1906.06
O00012020,2,206.5
O00012021,6,2941.5699999999997
O00012022,5,315.73
O00012023,2,32.96
O00012024,2,451.74
O00012025,3,507.85999999999996
O00012026,1,108.97
O00012027,1,54.74
O00012028,1,538.42
O00012029,2,301.21
O00012030,2,52.06
O00012031,1,9.98
O00012032,1,55.21
O00012033,5,176.02
O00012034,2,720.58
O00012035,1,871.03
O00012036,1,3.61
O00012037,1,9.1
O00012038,1,2.75
O00012039,2,478.39
O00012040,6,580.0
O00012041,2,331.18
O00012042,1,56.87
O00012043,3,363.88
O00012044,2,227.34
O00012045,4,451.0
O00012046,2,21.56
O00012047,4,336.3
O00012048,6,1515.25
O00012049,6,1410.73
O00012050,1,108.39
O00012051,2,330.06
O00012052,2,359.35
O00012053,2,452.48
O00012054,4,4036.64
O00012055,2,197.58999999999997
O00012056,1,157.95
O00012057,1,180.9
O00012058,1,734.26
O00012059,4,521.5
O00012060,2,966.1600000000001
O00012061,1,31.98
O00012062,2,318.58
O00012063,6,104.12
O00012064,3,295.59
O00012065,2,19.6
O00012066,3,272.23
O00012067,1,128.53
O00012068,4,564.28
O00012069,3,76.50999999999999
O00012070,1,567.39
O00012071,4,2326.46
O00012072,4,435.19
O00012073,1,52.53
O00012074,4,1764.16
O00012075,2,92.94000000000001
O00012076,2,38.43
O00012077,1,600.89
O00012078,4,536.83
O00012079,6,279.33000000000004
O00012080,7,787.77
O00012081,1,401.23
O00012082,1,150.4
O00012083,2,411.48
O00012084,1,408.71
O00012085,5,1199.3899999999999
O00012086,6,1004.9499999999999
O00012087,4,173.25
O00012088,3,255.39
O00012089,1,65.0
O00012090,6,1054.01
O00012091,6,1758.9199999999998
O00012092,1,223.28
O00012093,1,697.76
O00012094,5,570.7
O00012095,2,1487.03
O00012096,2,1827.2199999999998
O00012097,2,412.36
O00012098,1,166.04
O00012099,2,35.3
O00012100,2,375.98
O00012101,3,223.62
O00012102,1,46.89
O00012103,2,285.4
O00012104,5,294.35
O00012105,1,38.54
O00012106,2,478.82000000000005
O00012107,3,182.55
O00012108,3,930.9100000000001
O00012109,4,323.01
O00012110,1,82.77
O00012111,2,73.95
O00012112,5,918.87
O00012113,4,608.47
O00012114,4,3145.64
O00012115,1,95.02
O00012116,2,837.0899999999999
O00012117,3,1060.43
O00012118,3,152.69
O00012119,3,1240.26
O00012120,1,307.27
O00012121,1,52.25
O00012122,1,658.35
O00012123,2,99.54
O00012124,5,661.82
O00012125,4,1599.6
O00012126,1,29.08
O00012127,1,154.67
O00012128,1,54.34
O00012129,10,430.87
O00012130,3,1209.24
O00012131,2,87.61
O00012132,3,368.07
O00012133,1,66.33
O00012134,1,37.23
O00012135,7,848.23
O00012136,7,876.3900000000001
O00012137,1,49.09
O00012138,2,46.97
O00012139,1,151.5
O00012140,1,18.89
O00012141,1,66.52
O00012142,7,284.87
O00012143,4,290.02
O00012144,1,108.97
O00012145,1,56.04
O00012146,2,217.05
O00012147,2,774.46
O00012148,5,3202.5499999999997
O00012149,4,845.0400000000001
O00012150,3,304.42
O00012151,1,33.41
O00012152,6,1253.29
O00012153,3,670.61
O00012154,3,218.74
O00012155,1,238.36
O00012156,3,153.88
O00012157,3,147.17000000000002
O00012158,10,704.1800000000001
O00012159,4,206.57999999999998
O00012160,1,13.85
O00012161,1,72.33
O00012162,1,15.79
O00012163,1,71.4
O00012164,5,406.83
O00012165,6,655.1899999999999
O00012166,3,1742.92
O00012167,3,253.86
O00012168,1,120.33
O00012169,4,573.9200000000001
O00012170,1,157.95
O00012171,1,227.28
O00012172,5,289.08
O00012173,4,161.2
O00012174,1,90.57
O00012175,1,529.54
O00012176,3,210.69
O00012177,3,2384.19
O00012178,7,710.86
O00012179,4,52.12
O00012180,1,15.26
O00012181,1,264.08
O00012182,1,26.74
O00012183,2,89.11
O00012184,4,145.05
O00012185,1,30.81
O00012186,2,842.9
O00012187,1,181.12
O00012188,9,994.8399999999999
O00012189,1,8.74
O00012190,6,437.46999999999997
O00012191,3,1130.78
O00012192,6,904.12
O00012193,2,236.24
O00012194,4,848.79
O00012195,2,77.11
O00012196,4,50.17
O00012197,1,209.1
O00012198,2,801.37
O00012199,3,1600.58
O00012200,1,71.29
O00012201,3,285.71
O00012202,1,435.87
O00012203,2,1030.18
O00012204,5,220.47000000000003
O00012205,4,655.22
O00012206,8,1440.19
O00012207,7,3097.17
O00012208,1,146.81
O00012209,1,208.34
O00012210,3,1266.66
O00012211,1,1001.67
O00012212,2,714.6
O00012213,3,1448.3400000000001
O00012214,2,584.6500000000001
O00012215,1,18.45
O00012216,5,837.5
O00012217,4,410.63
O00012218,4,724.42
O00012219,5,379.87
O00012220,5,3441.2
O00012221,7,1860.9499999999998
O00012222,4,229.15000000000003
O00012223,3,85.53
O00012224,3,74.05
O00012225,5,228.95
O00012226,2,197.6
O00012227,6,2339.08
O00012228,4,414.34
O00012229,1,5.98
O00012230,1,92.24
O00012231,3,259.96
O00012232,3,105.3
O00012233,9,532.49
O00012234,4,691.77
O00012235,5,1041.93
O00012236,4,1670.0800000000002
O00012237,8,2323.6800000000003
O00012238,3,68.67
O00012239,5,588.11
O00012240,2,85.43
O00012241,1,1011.71
O00012242,2,220.65
O00012243,4,467.01
O00012244,2,590.1
O00012245,2,30.72
O00012246,1,13.77
O00012247,9,465.73
O00012248,8,833.84
O00012249,3,560.82
O00012250,7,1075.79
O00012251,4,304.3
O00012252,11,986.3299999999999
O00012253,1,29.24
O00012254,3,899.4
O00012255,2,34.56
O00012256,3,1254.82
O00012257,6,1102.2
O00012258,2,174.96
O00012259,6,552.77
O00012260,1,5.66
O00012261,9,2963.59
O00012262,2,41.54
O00012263,6,1101.2
O00012264,1,56.37
O00012265,5,3527.91
O00012266,2,224.44
O00012267,10,1887.88
O00012268,7,978.48
O00012269,1,1025.31
O00012270,3,1501.76
O00012271,4,217.9
O00012272,2,549.5699999999999
O00012273,7,2643.46
O00012274,4,1218.91
O00012275,1,205.74
O00012276,4,113.5
O00012277,1,115.81
O00012278,3,1452.31
O00012279,5,759.21
O00012280,7,296.11
O00012281,1,189.79
O00012282,4,758.8199999999999
O00012283,1,992.56
O00012284,5,870.03
O00012285,1,98.79
O00012286,1,26.74
O00012287,3,220.06
O00012288,3,87.38
O00012289,3,862.4200000000001
O00012290,2,113.2
O00012291,2,209.1
O00012292,3,217.99
O00012293,2,1424.38
O00012294,4,370.04999999999995
O00012295,2,379.98
O00012296,5,746.45
O00012297,3,433.98
O00012298,1,124.31
O00012299,8,333.86
O00012300,2,230.57
O00012301,3,636.3399999999999
O00012302,1,60.7
O00012303,2,135.23
O00012304,1,5.79
O00012305,3,94.26
O00012306,1,529.54
O00012307,7,2058.99
O00012308,7,846.79
O00012309,1,83.34
O00012310,1,84.07
O00012311,1,40.8
O00012312,9,1637.04
O00012313,2,29.62
O00012314,2,827.91
O00012315,1,18.26
O00012316,2,36.269999999999996
O00012317,1,1197.44
O00012318,5,3765.65
O00012319,6,1224.53
O00012320,3,69.85000000000001
O00012321,3,671.24
O00012322,1,163.08
O00012323,3,238.04
O00012324,3,593.14
O00012325,4,3049.7799999999997
O00012326,1,79.18
O00012327,4,442.77
O00012328,3,277.46
O00012329,5,659.19
O00012330,6,564.41
O00012331,6,3312.0299999999997
O00012332,4,584.28
O00012333,1,52.95
O00012334,3,218.14000000000001
O00012335,1,73.31
O00012336,5,3806.33
O00012337,7,865.78
O00012338,5,315.85
O00012339,4,265.37
O00012340,2,124.2
O00012341,4,363.9
O00012342,1,142.27
O00012343,7,716.39
O00012344,4,207.17
O00012345,4,233.57999999999998
O00012346,3,207.43
O00012347,4,1893.4399999999998
O00012348,3,186.97
O00012349,1,134.99
O00012350,1,3.32
O00012351,4,314.62
O00012352,1,97.46
O00012353,5,1166.49
O00012354,5,275.91
O00012355,7,2406.0099999999998
O00012356,6,1246.87
O00012357,1,48.15
O00012358,4,1979.71
O00012359,3,109.69999999999999
O00012360,2,113.47
O00012361,1,350.41
O00012362,1,71.91
O00012363,5,1092.14
O00012364,1,443.67
O00012365,3,352.97
O00012366,3,59.19
O00012367,3,979.97
O00012368,1,114.66
O00012369,2,507.88
O00012370,4,478.96999999999997
O00012371,5,857.27
O00012372,8,685.74
O00012373,2,97.61
O00012374,5,321.0
O00012375,4,1153.85
O00012376,2,232.26
O00012377,2,1268.3600000000001
O00012378,2,1322.18
O00012379,2,52.95
O00012380,2,153.72
O00012381,1,238.36
O00012382,2,202.72
O00012383,2,181.51
O00012384,1,22.47
O00012385,1,18.51
O00012386,2,735.2
O00012387,2,4675.7
O00012388,1,27.46
O00012389,2,143.82
O00012390,1,52.93
O00012391,5,397.96999999999997
O00012392,1,82.77
O00012393,4,639.7800000000001
O00012394,3,40.02
O00012395,3,1223.44
O00012396,1,125.02
O00012397,1,76.59
O00012398,1,195.39
O00012399,5,462.58
O00012400,3,4799.94
O00012401,1,103.59
O00012402,6,504.36
O00012403,2,219.76
O00012404,8,3371.57
O00012405,2,121.58999999999999
O00012406,2,61.14
O00012407,7,1369.3
O00012408,2,75.38
O00012409,1,32.46
O00012410,4,84.80000000000001
O00012411,3,1818.1
O00012412,1,112.83
O00012413,1,64.45
O00012414,5,230.03
O00012415,3,152.43
O00012416,5,269.19
O00012417,1,64.95
O00012418,4,416.17
O00012419,6,403.58
O00012420,1,303.15
O00012421,6,714.78
O00012422,4,826.8499999999999
O00012423,3,1057.3400000000001
O00012424,2,376.14
O00012425,4,268.66999999999996
O00012426,8,2304.06
O00012427,6,923.07
O00012428,4,886.47
O00012429,5,313.12
O00012430,7,612.5200000000001
O00012431,1,130.56
O00012432,2,671.71
O00012433,1,418.78
O00012434,4,532.4
O00012435,1,99.54
O00012436,4,253.12
O00012437,6,857.57
O00012438,1,181.88
O00012439,5,1011.51
O00012440,3,302.05
O00012441,2,190.65
O00012442,3,367.8
O00012443,6,981.4
O00012444,4,1567.63
O00012445,3,286.62
O00012446,4,121.32000000000001
O00012447,1,756.87
O00012448,5,1609.06
O00012449,1,100.62
O00012450,7,1094.25
O00012451,3,914.46
O00012452,5,122.03
O00012453,8,699.56
O00012454,1,94.35
O00012455,6,239.99
O00012456,5,214.25
O00012457,3,1832.3799999999999
O00012458,5,1372.29
O00012459,1,470.89
O00012460,2,254.52
O00012461,3,820.17
O00012462,4,701.84
O00012463,1,59.9
O00012464,3,618.47
O00012465,2,684.6600000000001
O00012466,3,76.49
O00012467,2,119.82
O00012468,1,104.54
O00012469,1,130.56
O00012470,3,757.5
O00012471,6,1407.57
O00012472,1,132.7
O00012473,1,64.27
O00012474,4,684.78
O00012475,4,958.95
O00012476,1,13.49
O00012477,4,376.37
O00012478,5,2295.83
O00012479,5,600.51
O00012480,6,384.73
O00012481,1,90.57
O00012482,3,102.68
O00012483,1,21.52
O00012484,6,197.5
O00012485,2,56.76
O00012486,3,410.12
O00012487,2,169.58
O00012488,2,1420.71
O00012489,3,1550.71
O00012490,3,351.48
O00012491,2,131.76
O00012492,3,165.4
O00012493,1,97.46
O00012494,4,818.4
O00012495,3,1161.93
O00012496,4,1079.48
O00012497,4,828.5300000000001
O00012498,7,396.25
O00012499,1,6.85
O00012500,2,1631.07
O00012501,2,792.5
O00012502,1,45.32
O00012503,3,196.8
O00012504,2,1628.6
O00012505,1,24.52
O00012506,4,571.58
O00012507,2,265.95
O00012508,1,63.71
O00012509,4,50.14
O00012510,5,888.73
O00012511,1,49.66
O00012512,2,688.52
O00012513,2,451.74
O00012514,1,59.25
O00012515,2,775.64
O00012516,6,477.66
O00012517,1,31.7
O00012518,3,563.23
O00012519,2,112.68
O00012520,1,93.84
O00012521,4,204.94
O00012522,2,306.12
O00012523,4,99.02000000000001
O00012524,2,258.34000000000003
O00012525,4,2319.38
O00012526,8,3066.6800000000003
O00012527,3,875.5799999999999
O00012528,1,134.24
O00012529,5,279.05
O00012530,2,119.97999999999999
O00012531,1,14.09
O00012532,1,105.48
O00012533,2,2681.52
O00012534,5,1557.48
O00012535,9,4813.35
O00012536,2,45.92999999999999
O00012537,3,2468.0099999999998
O00012538,3,573.4
O00012539,1,114.24
O00012540,1,462.76
O00012541,1,20.18
O00012542,3,262.46000000000004
O00012543,4,1718.01
O00012544,3,203.57999999999998
O00012545,3,1279.29
O00012546,3,317.25
O00012547,6,688.21
O00012548,7,1370.9
O00012549,1,570.57
O00012550,2,196.25
O00012551,1,902.48
O00012552,1,22.26
O00012553,1,8.99
O00012554,3,1539.8899999999999
O00012555,1,815.01
O00012556,4,134.65
O00012557,7,1709.98
O00012558,3,420.35
O00012559,2,1416.99
O00012560,3,147.29
O00012561,4,552.57
O00012562,2,23.6
O00012563,4,718.31
O00012564,5,241.08999999999997
O00012565,1,202.98
O00012566,2,99.35
O00012567,5,1917.51
O00012568,2,360.8
O00012569,2,2.22
O00012570,6,1712.95
O00012571,4,49.97
O00012572,3,342.96
O00012573,3,138.74
O00012574,3,370.83
O00012575,2,104.84
O00012576,4,1258.25
O00012577,1,69.64
O00012578,2,315.22
O00012579,1,24.97
O00012580,1,183.58
O00012581,5,3593.95
O00012582,6,1714.8899999999999
O00012583,1,44.4
O00012584,1,529.06
O00012585,1,305.0
O00012586,3,198.58999999999997
O00012587,1,46.89
O00012588,4,1152.19
O00012589,2,54.16
O00012590,1,21.18
O00012591,1,54.55
O00012592,1,492.48
O00012593,1,37.56
O00012594,2,201.32999999999998
O00012595,5,318.86
O00012596,1,51.45
O00012597,1,26.31
O00012598,4,2566.81
O00012599,3,309.95
O00012600,3,16.619999999999997
O00012601,1,124.31
O00012602,2,60.61
O00012603,2,348.96000000000004
O00012604,3,157.07
O00012605,6,245.21
O00012606,4,434.9
O00012607,1,35.41
O00012608,1,61.15
O00012609,5,1655.4299999999998
O00012610,1,1463.26
O00012611,2,1249.04
O00012612,1,3.69
O00012613,2,136.13
O00012614,6,1423.17
O00012615,3,602.52
O00012616,6,690.4699999999999
O00012617,1,331.98
O00012618,4,677.3000000000001
O00012619,2,139.93
O00012620,2,347.45
O00012621,4,903.95
O00012622,1,70.34
O00012623,3,538.87
O00012624,8,509.40999999999997
O00012625,4,153.72
O00012626,4,267.98
O00012627,2,34.26
O00012628,3,151.2
O00012629,5,1523.23
O00012630,2,1792.76
O00012631,4,135.43
O00012632,3,202.57
O00012633,2,173.79
O00012634,3,245.6
O00012635,10,1140.8700000000001
O00012636,3,121.53999999999999
O00012637,4,186.17
O00012638,4,1141.06
O00012639,3,352.75
O00012640,1,45.35
O00012641,2,88.58
O00012642,7,1021.01
O00012643,5,982.01
O00012644,3,1068.13
O00012645,2,142.04
O00012646,2,1700.73
O00012647,2,313.84000000000003
O00012648,7,1599.6100000000001
O00012649,3,201.81
O00012650,4,462.34999999999997
O00012651,2,452.26
O00012652,4,755.52
O00012653,8,2286.32
O00012654,6,2631.23
O00012655,3,511.04
O00012656,1,78.11
O00012657,4,2922.92
O00012658,1,51.04
O00012659,3,197.0
O00012660,4,1576.8999999999999
O00012661,5,767.54
O00012662,1,60.11
O00012663,1,253.68
O00012664,2,48.870000000000005
O00012665,1,147.47
O00012666,1,27.24
O00012667,1,186.13
O00012668,4,542.71
O00012669,5,734.83
O00012670,2,175.44
O00012671,1,69.29
O00012672,1,225.99
O00012673,2,173.11
O00012674,9,576.4
O00012675,1,894.8
O00012676,8,1001.17
O00012677,3,361.8
O00012678,4,2221.77
O00012679,1,153.06
O00012680,2,1680.02
O00012681,2,100.03
O00012682,1,151.5
O00012683,4,761.87
O00012684,1,68.12
O00012685,2,165.38
O00012686,4,76.81
O00012687,1,26.74
O00012688,3,317.61
O00012689,1,114.57
O00012690,3,189.24
O00012691,1,37.01
O00012692,3,237.26000000000002
O00012693,1,219.69
O00012694,3,89.98
O00012695,1,815.47
O00012696,7,1277.65
O00012697,4,185.4
O00012698,2,124.25999999999999
O00012699,5,830.46
O00012700,7,807.76
O00012701,4,621.8599999999999
O00012702,1,71.01
O00012703,3,2474.7400000000002
O00012704,3,509.14
O00012705,2,783.7900000000001
O00012706,3,128.43
O00012707,6,1069.6100000000001
O00012708,4,518.48
O00012709,1,367.54
O00012710,1,98.25
O00012711,1,232.25
O00012712,1,3.61
O00012713,1,40.79
O00012714,7,2284.29
O00012715,1,27.14
O00012716,1,61.9
O00012717,5,83.72
O00012718,3,384.69
O00012719,6,618.99
O00012720,3,1044.8899999999999
O00012721,5,1065.77
O00012722,4,456.29999999999995
O00012723,3,66.48
O00012724,2,124.34
O00012725,4,738.26
O00012726,2,273.48
O00012727,1,18.38
O00012728,3,1244.34
O00012729,2,199.12
O00012730,5,3152.3
O00012731,2,147.68
O00012732,3,284.58
O00012733,2,63.650000000000006
O00012734,2,177.36
O00012735,4,253.7
O00012736,5,249.04
O00012737,4,2033.3500000000001
O00012738,2,11.89
O00012739,1,3.37
O00012740,5,471.27
O00012741,5,918.99
O00012742,2,207.57
O00012743,3,180.6
O00012744,3,721.24
O00012745,2,156.73
O00012746,2,316.06
O00012747,3,232.07999999999998
O00012748,4,95.48
O00012749,6,1109.8600000000001
O00012750,1,643.14
O00012751,1,38.79
O00012752,1,1835.32
O00012753,7,1486.49
O00012754,1,112.71
O00012755,1,11.57
O00012756,2,263.01
O00012757,2,541.54
O00012758,2,207.94
O00012759,7,479.08
O00012760,2,117.46
O00012761,1,51.78
O00012762,1,685.59
O00012763,6,416.66
O00012764,2,1160.35
O00012765,1,248.05
O00012766,1,90.37
O00012767,4,159.87
O00012768,1,16.14
O00012769,3,829.95
O00012770,1,375.91
O00012771,2,879.02
O00012772,1,503.43
O00012773,4,1551.44
O00012774,3,458.68
O00012775,3,312.58
O00012776,4,292.48
O00012777,1,30.59
O00012778,5,1982.17
O00012779,1,46.77
O00012780,1,59.96
O00012781,1,43.13
O00012782,2,439.65999999999997
O00012783,3,226.45999999999998
O00012784,1,224.01
O00012785,3,350.18
O00012786,5,513.5999999999999
O00012787,1,373.48
O00012788,2,2350.16
O00012789,1,126.29
O00012790,4,490.17999999999995
O00012791,5,813.1800000000001
O00012792,5,750.4399999999999
O00012793,3,145.39
O00012794,2,375.85
O00012795,7,397.02
O00012796,4,182.81
O00012797,6,958.92
O00012798,3,369.90000000000003
O00012799,4,1510.53
O00012800,3,229.2
O00012801,4,1912.29
O00012802,1,45.55
O00012803,3,154.35
O00012804,1,92.89
O00012805,1,41.44
O00012806,3,1001.03
O00012807,6,758.5500000000001
O00012808,3,398.53000000000003
O00012809,4,257.32
O00012810,4,287.26
O00012811,1,9.92
O00012812,2,580.2900000000001
O00012813,5,663.84
O00012814,1,254.08
O00012815,4,801.0
O00012816,2,506.23
O00012817,6,525.6
O00012818,1,63.38
O00012819,1,26.13
O00012820,6,980.3
O00012821,3,2564.4
O00012822,2,129.42000000000002
O00012823,2,848.35
O00012824,2,366.24
O00012825,1,84.86
O00012826,10,3397.59
O00012827,3,208.02
O00012828,3,340.58000000000004
O00012829,2,126.49000000000001
O00012830,5,1568.51
O00012831,3,140.31
O00012832,5,655.6
O00012833,4,526.84
O00012834,2,952.72
O00012835,3,195.47
O00012836,1,476.36
O00012837,5,336.88
O00012838,4,1572.57
O00012839,1,705.88
O00012840,1,541.41
O00012841,2,409.2
O00012842,6,612.71
O00012843,6,183.7
O00012844,1,188.49
O00012845,2,119.86
O00012846,4,373.91
O00012847,3,878.1999999999999
O00012848,1,2.99
O00012849,1,38.11
O00012850,2,14.330000000000002
O00012851,1,85.2
O00012852,6,2084.53
O00012853,2,47.74
O00012854,5,213.59
O00012855,1,145.19
O00012856,1,32.16
O00012857,1,20.14
O00012858,1,81.88
O00012859,1,19.09
O00012860,1,77.34
O00012861,1,660.72
O00012862,9,883.67
O00012863,7,3601.3
O00012864,1,11.34
O00012865,1,17.35
O00012866,2,953.52
O00012867,5,501.68
O00012868,2,103.23
O00012869,2,980.2
O00012870,1,100.33
O00012871,7,388.11
O00012872,2,130.74
O00012873,4,923.0899999999999
O00012874,1,236.7
O00012875,4,406.79
O00012876,1,85.64
O00012877,3,289.24
O00012878,5,395.06
O00012879,4,345.64
O00012880,1,227.28
O00012881,10,2434.89
O00012882,3,698.24
O00012883,2,62.88
O00012884,1,52.89
O00012885,4,256.58
O00012886,3,652.2
O00012887,1,105.48
O00012888,5,934.0500000000001
O00012889,3,2258.2
O00012890,1,913.33
O00012891,1,318.51
O00012892,3,439.9
O00012893,3,166.77
O00012894,5,1457.94
O00012895,5,970.2900000000001
O00012896,3,575.07
O00012897,1,554.93
O00012898,2,131.45999999999998
O00012899,7,348.75
O00012900,2,189.24
O00012901,5,117.2
O00012902,2,1121.87
O00012903,9,2858.0
O00012904,3,75.15
O00012905,6,1887.1
O00012906,7,828.88
O00012907,5,3434.29
O00012908,1,10.35
O00012909,4,211.19
O00012910,1,43.4
O00012911,2,53.58
O00012912,5,1500.03
O00012913,1,513.32
O00012914,1,65.21
O00012915,8,1986.27
O00012916,1,335.61
O00012917,5,331.52
O00012918,3,31.05
O00012919,1,108.97
O00012920,5,402.94
O00012921,1,243.43
O00012922,2,310.4
O00012923,1,63.48
O00012924,2,1421.14
O00012925,2,83.02
O00012926,1,372.7
O00012927,2,43.95
O00012928,1,36.2
O00012929,8,2307.15
O00012930,1,852.12
O00012931,7,3753.8999999999996
O00012932,2,11.1
O00012933,1,181.71
O00012934,2,1859.46
O00012935,1,119.52
O00012936,1,33.11
O00012937,2,159.54000000000002
O00012938,5,472.32
O00012939,1,1477.45
O00012940,1,56.87
O00012941,1,160.18
O00012942,7,1466.77
O00012943,2,18.5
O00012944,1,40.0
O00012945,1,10.62
O00012946,4,1874.69
O00012947,6,176.71
O00012948,7,260.87
O00012949,6,1777.98
O00012950,4,710.0200000000001
O00012951,2,797.86
O00012952,1,492.81
O00012953,6,1161.9
O00012954,2,214.32999999999998
O00012955,1,392.65
O00012956,1,407.98
O00012957,2,46.93
O00012958,4,56.65
O00012959,2,134.03
O00012960,5,106.93
O00012961,6,2256.52
O00012962,5,1063.49
O00012963,7,854.8399999999999
O00012964,4,2294.51
O00012965,2,250.04
O00012966,5,1187.92
O00012967,9,461.08
O00012968,3,807.1700000000001
O00012969,1,1.78
O00012970,5,1113.21
O00012971,3,188.98
O00012972,3,137.64000000000001
O00012973,2,494.94
O00012974,3,245.34
O00012975,2,52.66
O00012976,1,94.4
O00012977,4,194.5
O00012978,4,2177.8999999999996
O00012979,3,374.84000000000003
O00012980,9,5717.67
O00012981,2,658.6099999999999
O00012982,2,177.92
O00012983,5,1560.63
O00012984,4,329.78
O00012985,1,393.93
O00012986,5,1352.36
O00012987,6,539.17
O00012988,1,110.43
O00012989,2,252.58
O00012990,7,1042.6299999999999
O00012991,3,110.18
O00012992,1,19.09
O00012993,1,224.01
O00012994,6,1090.83
O00012995,2,155.86
O00012996,6,2572.37
O00012997,4,666.8
O00012998,7,279.09
O00012999,2,236.37
O00013000,1,967.83
O00013001,4,498.92999999999995
O00013002,5,2009.56
O00013003,4,700.04
O00013004,4,339.38
O00013005,3,321.92
O00013006,2,52.14
O00013007,2,599.32
O00013008,1,25.99
O00013009,2,33.29
O00013010,4,1286.75
O00013011,2,394.37
O00013012,2,172.82
O00013013,3,363.5
O00013014,2,119.92
O00013015,6,815.49
O00013016,1,21.91
O00013017,3,1017.35
O00013018,4,1104.67
O00013019,2,43.11
O00013020,1,18.76
O00013021,3,251.28
O00013022,3,150.0
O00013023,1,28.77
O00013024,2,316.08
O00013025,1,48.64
O00013026,6,561.75
O00013027,3,316.62
O00013028,2,229.32
O00013029,1,31.04
O00013030,5,165.32
O00013031,1,2337.85
O00013032,3,372.54999999999995
O00013033,7,4143.52
O00013034,1,631.36
O00013035,3,367.04999999999995
O00013036,5,1193.97
O00013037,3,254.51
O00013038,1,97.72
O00013039,5,3064.3199999999997
O00013040,1,110.71
O00013041,2,283.07
O00013042,2,259.15
O00013043,3,612.07
O00013044,3,887.0600000000001
O00013045,1,18.65
O00013046,5,1114.88
O00013047,1,180.71
O00013048,1,10.29
O00013049,5,951.8399999999999
O00013050,3,643.41
O00013051,4,282.05
O00013052,2,554.78
O00013053,7,4994.42
O00013054,1,1463.26
O00013055,5,380.28
O00013056,3,126.45
O00013057,6,1389.04
O00013058,6,398.22
O00013059,3,597.82
O00013060,3,626.9100000000001
O00013061,4,830.55
O00013062,1,20.74
O00013063,6,1413.34
O00013064,1,1047.18
O00013065,3,314.74
O00013066,2,372.8
O00013067,1,8.47
O00013068,8,419.31
O00013069,3,1247.67
O00013070,1,36.32
O00013071,5,182.42000000000002
O00013072,1,893.72
O00013073,3,50.58
O00013074,1,1001.67
O00013075,3,271.14
O00013076,2,236.66
O00013077,2,225.2
O00013078,3,626.4499999999999
O00013079,3,2484.27
O00013080,3,273.46999999999997
O00013081,2,149.22
O00013082,2,119.83000000000001
O00013083,4,2181.05
O00013084,1,494.84
O00013085,8,1855.58
O00013086,2,676.98
O00013087,1,363.12
O00013088,1,22.53
O00013089,1,305.0
O00013090,2,380.44
O00013091,1,685.59
O00013092,1,36.52
O00013093,2,1217.05
O00013094,4,912.6
O00013095,4,420.32
O00013096,4,1399.27
O00013097,5,3475.9700000000003
O00013098,3,444.15000000000003
O00013099,2,472.81
O00013100,7,1885.1999999999998
O00013101,1,22.15
O00013102,1,294.72
O00013103,1,51.57
O00013104,3,238.05
O00013105,1,111.06
O00013106,5,327.86
O00013107,4,482.45
O00013108,1,8.47
O00013109,4,341.3
O00013110,6,388.21999999999997
O00013111,1,3.61
O00013112,5,2331.2200000000003
O00013113,4,278.82
O00013114,5,637.52
O00013115,3,316.56
O00013116,1,3.45
O00013117,1,742.47
O00013118,5,484.26
O00013119,2,2389.88
O00013120,3,344.32
O00013121,3,346.22
O00013122,4,492.41
O00013123,1,567.39
O00013124,4,602.4300000000001
O00013125,3,172.54
O00013126,1,244.44
O00013127,2,741.28
O00013128,3,1292.9100000000003
O00013129,2,50.12
O00013130,1,19.76
O00013131,10,973.5699999999999
O00013132,1,140.3
O00013133,1,71.41
O00013134,1,159.29
O00013135,2,320.13
O00013136,3,897.97
O00013137,6,1403.52
O00013138,1,71.4
O00013139,6,819.76
O00013140,3,800.95
O00013141,5,4311.05
O00013142,4,4879.42
O00013143,5,441.16999999999996
O00013144,4,1707.82
O00013145,2,244.4
O00013146,3,1033.52
O00013147,1,42.91
O00013148,1,7.56
O00013149,2,335.44
O00013150,2,56.31999999999999
O00013151,5,2638.32
O00013152,1,23.87
O00013153,5,460.08
O00013154,3,824.25
O00013155,1,113.12
O00013156,1,113.67
O00013157,2,2302.94
O00013158,2,735.91
O00013159,1,51.33
O00013160,1,5.67
O00013161,4,468.94
O00013162,1,38.92
O00013163,2,2705.26
O00013164,4,730.49
O00013165,3,568.42
O00013166,3,52.05
O00013167,2,90.33
O00013168,2,175.10000000000002
O00013169,1,221.26
O00013170,4,501.71
O00013171,7,1493.98
O00013172,4,290.39
O00013173,1,643.14
O00013174,7,4978.389999999999
O00013175,4,225.42000000000002
O00013176,4,282.51
O00013177,1,15.21
O00013178,2,26.08
O00013179,4,1495.59
O00013180,1,152.1
O00013181,5,426.42
O00013182,1,57.46
O00013183,5,96.43
O00013184,3,80.33
O00013185,3,139.3
O00013186,1,200.84
O00013187,1,531.53
O00013188,3,180.56
O00013189,6,1613.8
O00013190,1,98.52
O00013191,2,251.5
O00013192,6,1378.97
O00013193,1,70.32
O00013194,2,40.64
O00013195,2,222.74
O00013196,4,678.54
O00013197,1,79.36
O00013198,2,249.52999999999997
O00013199,5,2002.61
O00013200,1,20.84
O00013201,2,41.36
O00013202,1,564.72
O00013203,6,63.379999999999995
O00013204,1,441.37
O00013205,6,3975.71
O00013206,2,65.3
O00013207,4,335.0
O00013208,6,2897.9500000000003
O00013209,4,1892.57
O00013210,1,79.6
O00013211,3,943.4100000000001
O00013212,3,596.15
O00013213,8,1505.83
O00013214,1,136.74
O00013215,7,4115.099999999999
O00013216,1,233.7
O00013217,1,182.11
O00013218,5,2373.36
O00013219,2,88.76
O00013220,5,1435.85
O00013221,4,347.86
O00013222,6,1004.12
O00013223,2,235.77
O00013224,3,441.53
O00013225,2,130.83
O00013226,4,108.65
O00013227,4,1236.76
O00013228,1,20.15
O00013229,5,540.3299999999999
O00013230,1,124.91
O00013231,3,373.1
O00013232,4,238.53
O00013233,6,2459.69
O00013234,2,864.94
O00013235,7,668.7299999999999
O00013236,4,2731.04
O00013237,2,43.010000000000005
O00013238,2,404.91999999999996
O00013239,4,297.74
O00013240,1,72.71
O00013241,5,620.06
O00013242,7,618.0799999999999
O00013243,2,58.2
O00013244,1,68.43
O00013245,3,484.72
O00013246,1,124.68
O00013247,1,40.71
O00013248,2,1298.89
O00013249,4,537.14
O00013250,3,139.75
O00013251,5,759.01
O00013252,2,73.64
O00013253,2,20.94
O00013254,1,5.11
O00013255,3,86.76
O00013256,4,233.20000000000002
O00013257,6,1452.17
O00013258,4,1627.5
O00013259,1,137.82
O00013260,5,459.05
O00013261,1,7.92
O00013262,5,696.9100000000001
O00013263,1,32.43
O00013264,2,51.97
O00013265,1,357.87
O00013266,2,177.94
O00013267,6,654.9
O00013268,2,732.77
O00013269,3,154.29
O00013270,4,442.26
O00013271,8,662.8299999999999
O00013272,2,32.9
O00013273,2,529.34
O00013274,5,376.38
O00013275,3,877.15
O00013276,1,69.46
O00013277,5,1379.87
O00013278,2,358.38
O00013279,1,79.35
O00013280,5,927.6
O00013281,4,610.6800000000001
O00013282,1,59.97
O00013283,2,436.41999999999996
O00013284,3,364.18
O00013285,3,305.86
O00013286,3,107.83
O00013287,6,913.97
O00013288,1,76.86
O00013289,2,273.31
O00013290,7,3888.36
O00013291,3,911.9
O00013292,1,202.3
O00013293,5,428.49
O00013294,3,182.85
O00013295,2,304.78999999999996
O00013296,4,593.58
O00013297,3,442.31
O00013298,2,533.78
O00013299,2,309.34
O00013300,2,253.2
O00013301,3,791.78
O00013302,2,155.96
O00013303,1,253.94
O00013304,4,149.66
O00013305,4,162.5
O00013306,2,380.0
O00013307,3,205.35000000000002
O00013308,1,189.88
O00013309,3,356.48
O00013310,8,1057.74
O00013311,2,107.12
O00013312,3,102.57
O00013313,5,702.03
O00013314,1,596.56
O00013315,3,215.55
O00013316,4,658.1
O00013317,4,427.34000000000003
O00013318,4,231.51
O00013319,1,41.57
O00013320,1,215.62
O00013321,1,92.24
O00013322,3,1800.5099999999998
O00013323,1,925.17
O00013324,2,41.269999999999996
O00013325,2,104.66
O00013326,1,22.01
O00013327,1,54.42
O00013328,1,32.06
O00013329,2,837.26
O00013330,1,253.6
O00013331,2,360.8
O00013332,1,53.26
O00013333,7,3889.3300000000004
O00013334,2,18.2
O00013335,2,260.94
O00013336,8,547.15
O00013337,2,175.38
O00013338,3,77.92
O00013339,1,601.59
O00013340,2,181.87
O00013341,5,647.37
O00013342,2,241.88
O00013343,2,297.32
O00013344,2,63.14
O00013345,3,193.61
O00013346,5,141.24
O00013347,4,352.88
O00013348,6,781.11
O00013349,2,1261.19
O00013350,2,469.85999999999996
O00013351,1,52.18
O00013352,2,138.95
O00013353,5,839.3
O00013354,1,111.48
O00013355,4,181.65
O00013356,2,131.35
O00013357,2,120.78
O00013358,7,187.47
O00013359,6,1523.53
O00013360,3,126.3
O00013361,3,58.2
O00013362,5,149.86
O00013363,2,923.52
O00013364,4,1893.58
O00013365,2,297.29999999999995
O00013366,3,176.63
O00013367,2,52.14
O00013368,7,2132.47
O00013369,4,1071.0
O00013370,1,88.66
O00013371,4,1574.68
O00013372,6,334.52
O00013373,1,187.75
O00013374,2,135.05
O00013375,1,11.67
O00013376,2,139.14
O00013377,3,96.48
O00013378,4,1722.89
O00013379,5,637.3000000000001
O00013380,1,70.33
O00013381,3,55.53
O00013382,1,59.93
O00013383,6,5368.25
O00013384,1,13.6
O00013385,1,601.59
O00013386,3,105.24
O00013387,2,146.99
O00013388,1,46.81
O00013389,2,28.409999999999997
O00013390,5,419.09000000000003
O00013391,7,2124.65
O00013392,3,1364.43
O00013393,1,69.1
O00013394,6,436.74
O00013395,4,2088.64
O00013396,1,58.46
O00013397,1,38.31
O00013398,7,1257.26
O00013399,4,134.95
O00013400,2,587.66
O00013401,3,2414.96
O00013402,1,658.02
O00013403,3,805.42
O00013404,7,1110.32
O00013405,3,717.31
O00013406,3,1478.43
O00013407,4,341.05
O00013408,1,104.38
O00013409,6,463.83
O00013410,2,11.96
O00013411,6,509.63
O00013412,1,232.34
O00013413,1,20.06
O00013414,2,212.76000000000002
O00013415,3,318.6
O00013416,5,537.91
O00013417,7,2523.6499999999996
O00013418,1,391.83
O00013419,2,92.60999999999999
O00013420,2,361.4
O00013421,1,270.85
O00013422,2,292.34
O00013423,2,732.9599999999999
O00013424,6,562.67
O00013425,3,1077.36
O00013426,3,400.81
O00013427,5,1298.33
O00013428,2,32.96
O00013429,3,377.31
O00013430,2,835.5
O00013431,5,615.84
O00013432,1,31.39
O00013433,3,72.18
O00013434,4,1924.1399999999999
O00013435,5,1468.1399999999999
O00013436,3,1017.6500000000001
O00013437,2,233.79999999999998
O00013438,2,1680.02
O00013439,1,67.54
O00013440,1,390.56
O00013441,4,1364.5700000000002
O00013442,1,257.28
O00013443,2,188.95999999999998
O00013444,7,2218.59
O00013445,9,1019.97
O00013446,4,272.28000000000003
O00013447,2,2420.82
O00013448,4,252.1
O00013449,5,509.55
O00013450,7,1297.72
O00013451,4,388.91
O00013452,4,143.51999999999998
O00013453,1,56.44
O00013454,5,417.57
O00013455,5,233.6
O00013456,1,27.47
O00013457,2,96.9
O00013458,2,39.98
O00013459,6,172.88
O00013460,5,626.95
O00013461,5,819.24
O00013462,4,386.64
O00013463,8,1594.21
O00013464,3,213.15
O00013465,3,177.51
O00013466,2,1080.54
O00013467,7,489.99
O00013468,3,2763.0
O00013469,6,3553.06
O00013470,2,359.40999999999997
O00013471,2,110.88
O00013472,1,318.23
O00013473,4,793.26
O00013474,5,1763.77
O00013475,4,97.91
O00013476,2,930.98
O00013477,3,161.87
O00013478,3,167.23000000000002
O00013479,1,431.12
O00013480,2,1743.84
O00013481,2,330.06
O00013482,5,716.43
O00013483,5,1189.18
O00013484,3,268.2
O00013485,5,199.05
O00013486,4,407.44
O00013487,1,181.12
O00013488,1,108.39
O00013489,2,58.519999999999996
O00013490,2,64.12
O00013491,3,177.91
O00013492,2,228.8
O00013493,2,103.21
O00013494,5,332.33
O00013495,5,2158.15
O00013496,2,165.1
O00013497,2,1551.04
O00013498,2,152.33
O00013499,3,284.34000000000003
O00013500,7,764.9
O00013501,5,1069.84
O00013502,5,2095.37
O00013503,3,380.43
O00013504,3,469.1
O00013505,6,166.41
O00013506,7,1703.42
O00013507,1,42.5
O00013508,2,137.64
O00013509,5,904.13
O00013510,5,1757.33
O00013511,3,150.01
O00013512,5,967.92
O00013513,11,2319.17
O00013514,1,293.24
O00013515,3,245.23
O00013516,1,5.55
O00013517,2,82.88
O00013518,1,19.35
O00013519,3,586.11
O00013520,3,242.66
O00013521,8,717.56
O00013522,1,20.32
O00013523,5,2357.06
O00013524,1,756.87
O00013525,2,1474.17
O00013526,3,175.38
O00013527,3,295.65999999999997
O00013528,6,403.64
O00013529,3,3665.37
O00013530,4,199.13
O00013531,3,915.0
O00013532,5,151.19
O00013533,1,124.59
O00013534,3,143.08
O00013535,2,69.34
O00013536,2,135.56
O00013537,1,375.68
O00013538,3,386.35
O00013539,6,232.8
O00013540,1,66.74
O00013541,2,855.23
O00013542,1,65.6
O00013543,1,259.69
O00013544,2,124.34
O00013545,3,813.82
O00013546,9,3499.6299999999997
O00013547,2,86.8
O00013548,3,330.05
O00013549,3,1495.26
O00013550,2,91.84
O00013551,5,1391.14
O00013552,1,115.46
O00013553,4,664.3299999999999
O00013554,2,5.98
O00013555,3,456.31
O00013556,1,236.97
O00013557,5,397.66999999999996
O00013558,1,68.33
O00013559,6,210.85000000000002
O00013560,2,49.08
O00013561,4,938.58
O00013562,8,6360.110000000001
O00013563,7,755.4
O00013564,2,109.96000000000001
O00013565,2,20.09
O00013566,1,697.76
O00013567,4,155.63
O00013568,1,117.09
O00013569,6,1261.84
O00013570,1,377.51
O00013571,6,646.02
O00013572,4,394.21000000000004
O00013573,2,253.56
O00013574,1,48.22
O00013575,5,815.9
O00013576,1,33.02
O00013577,4,630.8299999999999
O00013578,3,112.57000000000001
O00013579,5,493.96000000000004
O00013580,2,236.34
O00013581,2,103.3
O00013582,3,66.78
O00013583,3,252.09000000000003
O00013584,6,974.9
O00013585,5,411.53000000000003
O00013586,1,22.48
O00013587,5,773.8199999999999
O00013588,3,70.56
O00013589,2,439.38
O00013590,4,1772.84
O00013591,1,2.72
O00013592,2,685.12
O00013593,4,222.62
O00013594,2,70.16
O00013595,8,2301.88
O00013596,2,68.50999999999999
O00013597,3,292.26
O00013598,7,1119.8600000000001
O00013599,5,385.4
O00013600,1,178.96
O00013601,1,15.21
O00013602,3,1511.3
O00013603,7,1120.58
O00013604,1,6.6
O00013605,2,886.37
O00013606,9,657.09
O00013607,1,14.59
O00013608,3,2597.43
O00013609,5,749.52
O00013610,7,2951.7200000000003
O00013611,2,135.88
O00013612,5,1583.67
O00013613,3,292.26
O00013614,4,367.67
O00013615,6,1055.26
O00013616,2,354.74
O00013617,3,233.91000000000003
O00013618,1,15.41
O00013619,7,614.29
O00013620,3,419.54999999999995
O00013621,1,775.52
O00013622,6,1702.1100000000001
O00013623,1,291.84
O00013624,2,170.19
O00013625,1,24.98
O00013626,3,473.7
O00013627,1,9.8
O00013628,5,1155.43
O00013629,3,252.10999999999999
O00013630,2,727.7199999999999
O00013631,6,1373.18
O00013632,1,57.52
O00013633,1,49.62
O00013634,9,3529.45
O00013635,2,365.83000000000004
O00013636,7,470.17999999999995
O00013637,2,199.93
O00013638,1,36.53
O00013639,7,915.66
O00013640,1,295.27
O00013641,1,178.96
O00013642,1,103.35
O00013643,3,953.29
O00013644,6,1887.94
O00013645,1,283.47
O00013646,4,272.53000000000003
O00013647,3,351.09000000000003
O00013648,1,70.32
O00013649,2,153.41
O00013650,2,82.3
O00013651,3,283.2
O00013652,4,3487.2200000000003
O00013653,1,25.95
O00013654,1,20.06
O00013655,5,300.03
O00013656,1,566.53
O00013657,4,3522.8399999999997
O00013658,1,69.5
O00013659,1,68.33
O00013660,2,1153.94
O00013661,1,108.39
O00013662,4,2422.46
O00013663,2,3199.96
O00013664,3,1587.18
O00013665,7,1063.4299999999998
O00013666,2,1360.3
O00013667,5,1050.42
O00013668,2,41.19
O00013669,4,2941.96
O00013670,1,293.24
O00013671,3,886.57
O00013672,1,16.35
O00013673,1,5.74
O00013674,4,154.64000000000001
O00013675,1,7.41
O00013676,3,215.73
O00013677,1,902.48
O00013678,3,464.09
O00013679,3,474.12
O00013680,1,295.31
O00013681,6,813.89
O00013682,6,1023.37
O00013683,3,214.39
O00013684,3,2122.4
O00013685,4,145.48
O00013686,1,104.68
O00013687,2,1300.08
O00013688,1,79.42
O00013689,1,88.96
O00013690,2,30.82
O00013691,6,2353.6600000000003
O00013692,4,572.09
O00013693,3,82.8
O00013694,1,44.29
O00013695,6,4022.23
O00013696,1,1011.71
O00013697,3,75.02
O00013698,6,3949.42
O00013699,2,347.09
O00013700,3,582.1800000000001
O00013701,7,665.02
O00013702,5,407.17
O00013703,6,1632.06
O00013704,3,139.22
O00013705,3,596.72
O00013706,5,1492.13
O00013707,6,770.8199999999999
O00013708,1,21.73
O00013709,3,10.71
O00013710,5,352.53000000000003
O00013711,6,503.68
O00013712,5,919.5699999999999
O00013713,2,373.88
O00013714,1,56.04
O00013715,4,999.18
O00013716,3,1579.78
O00013717,4,1721.96
O00013718,7,787.11
O00013719,4,3317.72
O00013720,3,2968.76
O00013721,2,487.42
O00013722,4,52.99
O00013723,1,148.55
O00013724,4,285.96
O00013725,1,54.22
O00013726,3,22.11
O00013727,5,217.38
O00013728,4,230.41
O00013729,8,1554.08
O00013730,1,103.47
O00013731,2,194.72
O00013732,3,432.91999999999996
O00013733,1,375.68
O00013734,3,140.31
O00013735,1,19.08
O00013736,5,327.72
O00013737,2,360.8
O00013738,1,68.6
O00013739,1,33.99
O00013740,3,177.42
O00013741,5,115.31
O00013742,1,53.8
O00013743,1,58.73
O00013744,1,1338.53
O00013745,1,106.99
O00013746,2,366.06
O00013747,1,94.95
O00013748,5,556.23
O00013749,1,25.96
O00013750,4,1393.78
O00013751,3,81.63
O00013752,5,363.58000000000004
O00013753,3,139.77
O00013754,1,769.71
O00013755,9,1236.22
O00013756,5,1648.3000000000002
O00013757,3,196.9
O00013758,7,2610.31
O00013759,4,1124.67
O00013760,6,2108.67
O00013761,2,192.44
O00013762,4,697.8
O00013763,3,210.99
O00013764,1,204.78
O00013765,2,571.69
O00013766,2,123.62
O00013767,1,97.78
O00013768,4,87.58
O00013769,2,119.82
O00013770,5,3330.56
O00013771,5,729.78
O00013772,2,126.74000000000001
O00013773,10,962.03
O00013774,3,3368.72
O00013775,1,344.26
O00013776,1,10.47
O00013777,1,278.74
O00013778,3,96.06
O00013779,3,9.96
O00013780,5,369.92
O00013781,2,43.47
O00013782,5,1351.92
O00013783,1,97.46
O00013784,4,68.15
O00013785,3,3169.33
O00013786,2,135.85
O00013787,9,7452.9400000000005
O00013788,2,51.9
O00013789,2,1615.42
O00013790,3,2207.65
O00013791,1,257.99
O00013792,4,55.66
O00013793,2,56.45
O00013794,2,1124.8700000000001
O00013795,1,32.06
O00013796,3,1076.07
O00013797,1,45.66
O00013798,4,137.51
O00013799,1,134.65
O00013800,3,346.5
O00013801,1,40.03
O00013802,3,297.78
O00013803,3,253.22000000000003
O00013804,5,2923.12
O00013805,4,315.57000000000005
O00013806,8,1243.81
O00013807,2,1426.75
O00013808,1,253.68
O00013809,3,140.54000000000002
O00013810,4,776.65
O00013811,2,424.27
O00013812,1,63.5
O00013813,3,73.69
O00013814,1,148.55
O00013815,4,1468.32
O00013816,1,43.39
O00013817,1,66.03
O00013818,5,255.93
O00013819,8,2131.63
O00013820,2,205.07000000000002
O00013821,3,465.75
O00013822,3,925.8000000000001
O00013823,1,88.39
O00013824,4,188.31
O00013825,2,111.52
O00013826,7,531.65
O00013827,2,234.27
O00013828,1,72.21
O00013829,1,25.57
O00013830,7,746.97
O00013831,6,163.11
O00013832,3,502.25
O00013833,5,1304.17
O00013834,3,1274.8999999999999
O00013835,1,54.86
O00013836,3,652.23
O00013837,2,178.76999999999998
O00013838,2,158.60999999999999
O00013839,1,66.11
O00013840,6,497.96999999999997
O00013841,4,3051.2000000000003
O00013842,2,230.92
O00013843,7,1115.16
O00013844,3,150.36
O00013845,2,345.11
O00013846,8,731.77
O00013847,1,763.34
O00013848,2,180.74
O00013849,1,28.49
O00013850,5,554.29
O00013851,4,1841.68
O00013852,3,503.56
O00013853,1,79.42
O00013854,1,62.1
O00013855,3,529.3100000000001
O00013856,2,128.69
O00013857,2,136.37
O00013858,1,698.45
O00013859,10,3677.37
O00013860,3,710.1
O00013861,1,10.29
O00013862,2,676.97
O00013863,1,46.64
O00013864,5,2980.46
O00013865,6,1154.5
O00013866,2,708.22
O00013867,4,761.98
O00013868,3,510.26
O00013869,8,2228.42
O00013870,2,101.89
O00013871,1,11.31
O00013872,4,190.87
O00013873,2,78.51
O00013874,8,3249.14
O00013875,2,129.48
O00013876,1,152.63
O00013877,3,250.98
O00013878,3,434.69
O00013879,2,138.68
O00013880,3,302.04
O00013881,4,487.39
O00013882,5,1083.34
O00013883,1,99.78
O00013884,2,48.66
O00013885,2,527.6
O00013886,6,1567.1000000000001
O00013887,4,339.58000000000004
O00013888,4,377.44
O00013889,1,36.16
O00013890,4,1372.6100000000001
O00013891,3,51.18
O00013892,4,446.97
O00013893,1,8.74
O00013894,2,486.86
O00013895,3,521.5500000000001
O00013896,3,1376.72
O00013897,3,418.72
O00013898,4,777.9200000000001
O00013899,4,1985.2
O00013900,3,2592.57
O00013901,7,626.03
O00013902,4,214.22
O00013903,3,355.83
O00013904,4,97.30000000000001
O00013905,3,255.97
O00013906,7,613.69
O00013907,2,39.87
O00013908,2,208.49
O00013909,3,1811.86
O00013910,1,18.64
O00013911,3,664.44
O00013912,5,423.76
O00013913,1,4.19
O00013914,1,98.25
O00013915,6,1864.9199999999998
O00013916,3,211.73
O00013917,3,413.64
O00013918,7,715.1899999999999
O00013919,2,209.57
O00013920,7,467.3
O00013921,1,52.54
O00013922,7,277.12
O00013923,4,542.0699999999999
O00013924,5,1335.8999999999999
O00013925,6,393.8
O00013926,3,524.82
O00013927,4,760.74
O00013928,2,34.12
O00013929,5,1112.34
O00013930,1,955.5
O00013931,1,460.66
O00013932,6,563.19
O00013933,5,542.77
O00013934,3,186.89000000000001
O00013935,2,156.52
O00013936,3,667.0699999999999
O00013937,7,1265.3
O00013938,3,242.82
O00013939,8,1065.18
O00013940,1,84.97
O00013941,2,1179.54
O00013942,1,84.37
O00013943,5,1507.3999999999999
O00013944,6,382.42
O00013945,8,1152.27
O00013946,2,357.51
O00013947,2,566.94
O00013948,6,936.6400000000001
O00013949,6,1640.19
O00013950,8,779.19
O00013951,6,186.08
O00013952,2,133.98
O00013953,2,590.1
O00013954,1,643.14
O00013955,1,1075.65
O00013956,3,338.22
O00013957,2,52.62
O00013958,2,65.69
O00013959,3,265.7
O00013960,3,31.35
O00013961,4,285.63
O00013962,4,238.51
O00013963,1,408.71
O00013964,5,802.68
O00013965,3,401.13
O00013966,5,2573.59
O00013967,1,96.19
O00013968,1,253.6
O00013969,6,912.32
O00013970,4,601.4300000000001
O00013971,3,225.61
O00013972,2,285.18
O00013973,5,510.71000000000004
O00013974,2,918.2
O00013975,2,189.9
O00013976,1,150.71
O00013977,2,1677.0900000000001
O00013978,2,715.74
O00013979,3,697.8800000000001
O00013980,1,992.56
O00013981,4,3022.2599999999998
O00013982,4,185.21
O00013983,3,67.22
O00013984,2,353.31000000000006
O00013985,4,191.91
O00013986,7,948.6100000000001
O00013987,3,127.86
O00013988,2,14.330000000000002
O00013989,2,529.55
O00013990,3,414.46999999999997
O00013991,2,10.7
O00013992,4,258.84
O00013993,3,263.07
O00013994,1,53.8
O00013995,5,571.67
O00013996,1,113.75
O00013997,2,173.15
O00013998,2,384.39
O00013999,3,696.75
O00014000,3,742.2900000000001
O00014001,3,120.02000000000001
O00014002,4,721.12
O00014003,1,74.86
O00014004,5,618.41
O00014005,5,1322.71
O00014006,1,3.42
O00014007,2,360.31000000000006
O00014008,1,631.36
O00014009,1,50.17
O00014010,1,80.56
O00014011,5,819.49
O00014012,1,21.73
O00014013,5,135.82999999999998
O00014014,2,111.89
O00014015,1,118.9
O00014016,2,974.35
O00014017,2,275.76
O00014018,5,1355.3700000000001
O00014019,3,671.07
O00014020,1,28.92
O00014021,2,605.04
O00014022,2,650.4399999999999
O00014023,5,1348.57
O00014024,1,104.38
O00014025,3,406.28
O00014026,6,346.19
O00014027,1,32.69
O00014028,4,218.32
O00014029,4,131.2
O00014030,1,16.79
O00014031,4,327.97
O00014032,5,276.49
O00014033,6,477.81
O00014034,1,207.26
O00014035,1,155.2
O00014036,3,89.04
O00014037,4,1661.84
O00014038,2,1475.29
O00014039,2,877.78
O00014040,2,467.22
O00014041,2,360.07000000000005
O00014042,7,244.70000000000002
O00014043,2,1428.4499999999998
O00014044,2,1429.8899999999999
O00014045,3,805.66
O00014046,2,116.0
O00014047,2,93.1
O00014048,1,63.08
O00014049,8,667.32
O00014050,1,63.98
O00014051,6,945.15
O00014052,5,1836.44
O00014053,1,29.52
O00014054,2,1191.18
O00014055,4,84.83
O00014056,2,393.78
O00014057,1,697.07
O00014058,1,51.8
O00014059,5,323.40999999999997
O00014060,3,665.78
O00014061,6,1130.25
O00014062,2,163.04
O00014063,1,20.31
O00014064,7,2398.76
O00014065,4,53.68000000000001
O00014066,2,688.52
O00014067,4,599.09
O00014068,3,203.45
O00014069,3,584.68
O00014070,1,23.33
O00014071,1,210.15
O00014072,6,469.32
O00014073,2,42.31
O00014074,4,1385.96
O00014075,6,2927.65
O00014076,8,1267.96
O00014077,1,85.79
O00014078,2,4.94
O00014079,1,97.69
O00014080,5,1041.68
O00014081,4,1033.39
O00014082,1,126.93
O00014083,3,693.46
O00014084,1,654.76
O00014085,2,708.98
O00014086,5,373.83
O00014087,4,895.28
O00014088,4,456.54
O00014089,4,598.61
O00014090,8,1748.33
O00014091,1,70.68
O00014092,1,62.62
O00014093,4,442.88
O00014094,1,441.37
O00014095,6,684.16
O00014096,5,254.21999999999997
O00014097,5,492.29
O00014098,1,1551.98
O00014099,2,433.1
O00014100,1,77.34
O00014101,2,231.26
O00014102,6,727.64
O00014103,6,844.02
O00014104,3,546.76
O00014105,5,332.69
O00014106,1,52.33
O00014107,2,177.89
O00014108,7,558.79
O00014109,2,1130.08
O00014110,1,58.83
O00014111,1,41.57
O00014112,4,577.49
O00014113,1,185.46
O00014114,3,671.23
O00014115,5,650.77
O00014116,2,122.13
O00014117,3,147.86
O00014118,7,1014.64
O00014119,3,52.71
O00014120,6,866.5600000000001
O00014121,1,13.34
O00014122,8,642.0
O00014123,4,95.5
O00014124,1,26.39
O00014125,2,61.82
O00014126,1,6.95
O00014127,2,355.76
O00014128,1,21.2
O00014129,5,311.52
O00014130,2,149.72
O00014131,6,1274.68
O00014132,4,466.56
O00014133,1,9.81
O00014134,4,353.87
O00014135,2,249.91
O00014136,4,627.5
O00014137,8,410.13
O00014138,1,492.48
O00014139,2,102.08
O00014140,1,624.52
O00014141,3,132.88
O00014142,3,80.37
O00014143,4,2459.65
O00014144,6,535.95
O00014145,7,2624.1
O00014146,1,627.99
O00014147,1,83.51
O00014148,2,65.91
O00014149,3,270.57
O00014150,5,1911.6200000000001
O00014151,2,502.31
O00014152,1,664.92
O00014153,1,268.64
O00014154,2,82.03999999999999
O00014155,3,591.56
O00014156,4,168.98000000000002
O00014157,3,2903.49
O00014158,2,14.84
O00014159,1,268.64
O00014160,5,754.78
O00014161,3,78.45
O00014162,1,31.04
O00014163,2,189.22
O00014164,1,65.6
O00014165,10,1493.61
O00014166,3,175.12
O00014167,6,963.46
O00014168,1,871.92
O00014169,1,108.8
O00014170,1,2337.85
O00014171,2,233.70000000000002
O00014172,3,377.99
O00014173,1,17.6
O00014174,4,91.0
O00014175,7,2369.6800000000003
O00014176,1,26.0
O00014177,3,373.09
O00014178,1,132.13
O00014179,5,841.47
O00014180,3,399.34000000000003
O00014181,7,1463.12
O00014182,2,131.06
O00014183,3,110.58
O00014184,1,33.17
O00014185,2,921.3699999999999
O00014186,3,23.76
O00014187,5,149.98
O00014188,2,723.1
O00014189,5,114.49000000000001
O00014190,1,49.73
O00014191,3,144.75
O00014192,2,56.08
O00014193,8,733.72
O00014194,7,3184.58
O00014195,6,2025.08
O00014196,1,87.54
O00014197,1,195.3
O00014198,5,4826.25
O00014199,2,411.48
O00014200,6,2134.09
O00014201,2,159.35000000000002
O00014202,4,81.28
O00014203,1,199.78
O00014204,4,304.12
O00014205,5,421.29999999999995
O00014206,1,44.1
O00014207,2,75.42
O00014208,2,317.15000000000003
O00014209,4,877.58
O00014210,1,19.09
O00014211,5,2211.72
O00014212,5,1477.9099999999999
O00014213,4,567.75
O00014214,7,2130.49
O00014215,2,167.86
O00014216,2,516.13
O00014217,1,95.77
O00014218,1,3.96
O00014219,1,51.33
O00014220,2,123.03999999999999
O00014221,4,159.66
O00014222,1,253.68
O00014223,1,605.36
O00014224,3,133.95
O00014225,1,33.06
O00014226,3,254.29000000000002
O00014227,3,471.25
O00014228,2,321.58
O00014229,3,903.38
O00014230,8,618.61
O00014231,2,1964.65
O00014232,3,675.96
O00014233,2,327.03
O00014234,2,16.94
O00014235,6,225.92000000000002
O00014236,4,815.72
O00014237,1,136.74
O00014238,3,1895.52
O00014239,4,122.35000000000001
O00014240,1,154.67
O00014241,4,110.88
O00014242,4,188.94
O00014243,1,36.52
O00014244,6,295.1
O00014245,1,403.08
O00014246,3,475.84000000000003
O00014247,2,162.79000000000002
O00014248,5,1733.86
O00014249,1,627.99
O00014250,3,782.61
O00014251,9,766.89
O00014252,4,1069.66
O00014253,1,46.59
O00014254,2,19.48
O00014255,6,301.85
O00014256,5,591.19
O00014257,2,920.36
O00014258,2,81.44
O00014259,3,371.04
O00014260,4,332.78
O00014261,1,18.65
O00014262,6,381.24
O00014263,9,780.86
O00014264,1,157.61
O00014265,2,341.06
O00014266,4,443.71000000000004
O00014267,2,110.03999999999999
O00014268,2,15.879999999999999
O00014269,3,18.24
O00014270,1,30.81
O00014271,3,84.97
O00014272,6,559.52
O00014273,3,238.04
O00014274,2,142.32999999999998
O00014275,1,960.74
O00014276,3,1177.32
O00014277,3,435.97
O00014278,3,593.5
O00014279,7,1015.41
O00014280,1,5.66
O00014281,4,1073.3500000000001
O00014282,1,52.87
O00014283,2,125.18
O00014284,1,111.12
O00014285,4,2133.56
O00014286,6,647.96
O00014287,3,320.43
O00014288,2,978.24
O00014289,3,682.8299999999999
O00014290,2,18.98
O00014291,1,21.73
O00014292,3,223.83
O00014293,1,12.76
O00014294,2,111.87
O00014295,2,218.67000000000002
O00014296,3,938.68
O00014297,1,19.35
O00014298,2,121.66
O00014299,5,777.3199999999999
O00014300,1,253.6
O00014301,4,457.27
O00014302,1,460.66
O00014303,8,1930.3000000000002
O00014304,4,146.68
O00014305,5,134.63
O00014306,4,1108.28
O00014307,1,104.12
O00014308,1,357.87
O00014309,4,275.45
O00014310,4,1133.21
O00014311,3,77.31
O00014312,3,412.84000000000003
O00014313,5,544.13
O00014314,3,2939.33
O00014315,1,29.34
O00014316,1,1233.6
O00014317,4,2553.1200000000003
O00014318,9,2679.61
O00014319,8,956.29
O00014320,2,102.15
O00014321,7,1485.5500000000002
O00014322,4,33.8
O00014323,8,684.46
O00014324,1,1340.76
O00014325,5,1011.51
O00014326,6,2891.27
O00014327,3,364.29
O00014328,4,273.02
O00014329,5,188.32
O00014330,6,1362.31
O00014331,5,239.32
O00014332,2,560.59
O00014333,5,2643.9
O00014334,3,254.91
O00014335,9,619.12
O00014336,5,738.97
O00014337,1,90.82
O00014338,1,92.24
O00014339,2,115.80000000000001
O00014340,1,16.58
O00014341,1,23.92
O00014342,2,1090.0700000000002
O00014343,1,45.11
O00014344,2,59.0
O00014345,3,107.79
O00014346,1,25.97
O00014347,6,566.39
O00014348,1,24.6
O00014349,5,304.87
O00014350,4,1896.65
O00014351,2,285.18
O00014352,1,28.38
O00014353,2,256.56
O00014354,4,519.95
O00014355,1,186.13
O00014356,4,159.04000000000002
O00014357,1,601.59
O00014358,2,80.84
O00014359,1,16.35
O00014360,1,19.54
O00014361,5,1504.6100000000001
O00014362,7,1057.51
O00014363,5,598.78
O00014364,4,344.21999999999997
O00014365,4,893.6999999999999
O00014366,1,50.15
O00014367,8,1680.0900000000001
O00014368,3,863.45
O00014369,1,29.3
O00014370,1,557.39
O00014371,2,129.23000000000002
O00014372,4,1570.57
O00014373,7,790.69
O00014374,4,444.58
O00014375,3,1540.29
O00014376,2,56.08
O00014377,5,570.37
O00014378,1,610.48
O00014379,2,1124.2
O00014380,3,134.55
O00014381,4,1477.36
O00014382,3,160.19
O00014383,1,92.24
O00014384,1,47.35
O00014385,1,103.67
O00014386,2,361.09000000000003
O00014387,2,41.12
O00014388,4,688.55
O00014389,7,827.5899999999999
O00014390,4,660.15
O00014391,7,1046.04
O00014392,1,466.25
O00014393,2,210.7
O00014394,6,741.89
O00014395,3,1006.22
O00014396,5,316.85
O00014397,1,11.14
O00014398,3,1574.43
O00014399,2,90.28
O00014400,4,805.1600000000001
O00014401,4,155.82000000000002
O00014402,3,44.480000000000004
O00014403,5,735.34
O00014404,1,492.64
O00014405,3,885.26
O00014406,4,93.72
O00014407,8,3164.1499999999996
O00014408,3,43.77
O00014409,2,1903.38
O00014410,2,62.08
O00014411,4,601.34
O00014412,3,191.36
O00014413,3,391.69
O00014414,4,254.42000000000002
O00014415,2,90.15
O00014416,1,132.7
O00014417,4,319.11
O00014418,3,262.38
O00014419,2,136.64
O00014420,5,2059.41
O00014421,3,135.94
O00014422,3,793.35
O00014423,2,73.06
O00014424,1,43.85
O00014425,1,244.16
O00014426,2,133.96
O00014427,5,1137.33
O00014428,1,64.63
O00014429,5,155.77999999999997
O00014430,3,88.98
O00014431,5,368.91999999999996
O00014432,4,328.0
O00014433,1,6.85
O00014434,5,363.26
O00014435,2,60.66
O00014436,3,259.24
O00014437,1,98.79
O00014438,1,263.8
O00014439,1,29.34
O00014440,9,348.74
O00014441,3,260.01
O00014442,5,1735.88
O00014443,1,22.11
O00014444,7,1304.37
O00014445,1,98.53
O00014446,5,770.97
O00014447,2,266.59999999999997
O00014448,4,309.08000000000004
O00014449,1,180.9
O00014450,1,37.8
O00014451,9,1111.46
O00014452,1,1206.17
O00014453,3,1353.95
O00014454,4,412.73
O00014455,3,1986.19
O00014456,2,1020.72
O00014457,1,28.04
O00014458,2,615.27
O00014459,2,828.5899999999999
O00014460,5,1874.39
O00014461,3,358.72
O00014462,4,1285.09
O00014463,3,554.7
O00014464,5,817.16
O00014465,4,1953.62
O00014466,3,1090.31
O00014467,4,894.5300000000001
O00014468,3,1201.76
O00014469,2,552.59
O00014470,3,140.62
O00014471,3,64.38
O00014472,1,19.76
O00014473,1,154.29
O00014474,3,205.61
O00014475,4,687.93
O00014476,1,75.86
O00014477,2,141.36
O00014478,9,1318.95
O00014479,1,110.43
O00014480,3,106.55000000000001
O00014481,2,38.7
O00014482,1,90.37
O00014483,2,89.56
O00014484,3,50.96
O00014485,4,150.6
O00014486,5,498.56
O00014487,6,788.1899999999999
O00014488,5,1236.52
O00014489,2,185.70000000000002
O00014490,1,215.56
O00014491,1,9.53
O00014492,7,1829.11
O00014493,1,34.0
O00014494,2,93.18
O00014495,1,495.1
O00014496,2,104.76
O00014497,3,439.64
O00014498,4,263.27
O00014499,2,135.6
O00014500,2,238.35
O00014501,3,1331.01
O00014502,8,1741.27
O00014503,6,871.99
O00014504,3,298.53
O00014505,4,1576.16
O00014506,1,24.22
O00014507,3,185.36
O00014508,2,588.74
O00014509,5,2087.42
O00014510,2,94.06
O00014511,2,1099.62
O00014512,4,115.06
O00014513,8,738.18
O00014514,1,231.49
O00014515,2,284.47
O00014516,1,1.78
O00014517,1,27.21
O00014518,8,490.82
O00014519,6,1520.96
O00014520,1,65.0
O00014521,4,1687.16
O00014522,5,699.4
O00014523,2,980.19
O00014524,3,68.64
O00014525,6,3030.95
O00014526,2,615.79
O00014527,4,912.2099999999999
O00014528,5,370.07000000000005
O00014529,1,86.16
O00014530,3,394.05
O00014531,1,564.72
O00014532,6,669.9200000000001
O00014533,4,604.52
O00014534,4,1312.7099999999998
O00014535,1,19.35
O00014536,4,231.8
O00014537,1,79.55
O00014538,5,834.3
O00014539,4,108.78
O00014540,2,58.48
O00014541,5,817.9499999999999
O00014542,6,1045.72
O00014543,2,1154.99
O00014544,1,40.92
O00014545,2,97.88
O00014546,2,251.12
O00014547,2,575.1899999999999
O00014548,2,106.78
O00014549,1,15.11
O00014550,5,1601.32
O00014551,1,199.79
O00014552,3,259.77
O00014553,2,169.85000000000002
O00014554,8,1543.73
O00014555,4,273.40000000000003
O00014556,4,355.82
O00014557,3,11.88
O00014558,3,4799.94
O00014559,3,156.41
O00014560,3,114.72
O00014561,7,1755.21
O00014562,3,1452.3200000000002
O00014563,1,88.68
O00014564,1,19.09
O00014565,1,71.72
O00014566,5,254.58
O00014567,4,408.78999999999996
O00014568,6,732.77
O00014569,1,25.96
O00014570,1,4.68
O00014571,3,1515.1100000000001
O00014572,4,721.96
O00014573,1,111.58
O00014574,3,468.46999999999997
O00014575,4,481.94
O00014576,2,256.74
O00014577,3,325.74
O00014578,1,11.8
O00014579,5,3287.02
O00014580,1,71.29
O00014581,4,551.96
O00014582,2,232.89000000000001
O00014583,1,15.11
O00014584,3,102.84
O00014585,3,535.3199999999999
O00014586,3,179.48000000000002
O00014587,3,176.76999999999998
O00014588,9,1825.2
O00014589,2,466.9
O00014590,3,222.46
O00014591,2,32.33
O00014592,1,40.54
O00014593,1,56.18
O00014594,2,118.62
O00014595,6,221.04000000000002
O00014596,1,96.56
O00014597,1,99.23
O00014598,2,103.92
O00014599,6,962.65
O00014600,1,65.21
O00014601,3,119.51
O00014602,3,1539.96
O00014603,1,148.66
O00014604,1,264.04
O00014605,1,710.57
O00014606,4,2749.06
O00014607,6,472.25
O00014608,1,66.33
O00014609,6,1658.0099999999998
O00014610,7,1685.35
O00014611,3,504.15
O00014612,5,749.2
O00014613,1,32.42
O00014614,4,784.69
O00014615,1,142.59
O00014616,2,74.49
O00014617,7,824.81
O00014618,4,370.36
O00014619,1,187.75
O00014620,2,128.46
O00014621,5,109.81
O00014622,5,2187.81
O00014623,2,511.21000000000004
O00014624,4,939.56
O00014625,1,117.92
O00014626,11,2301.63
O00014627,10,829.61
O00014628,2,131.46
O00014629,1,114.32
O00014630,1,50.15
O00014631,1,13.85
O00014632,4,1237.25
O00014633,7,454.34999999999997
O00014634,4,112.62
O00014635,1,14.3
O00014636,1,20.06
O00014637,6,1380.23
O00014638,5,1068.19
O00014639,2,255.71
O00014640,3,477.87
O00014641,3,563.25
O00014642,2,1597.2
O00014643,2,118.82000000000001
O00014644,1,41.44
O00014645,5,3954.5
O00014646,2,19.62
O00014647,3,126.23
O00014648,5,819.09
O00014649,1,738.47
O00014650,5,2081.5699999999997
O00014651,2,75.12
O00014652,1,51.52
O00014653,3,784.7299999999999
O00014654,1,115.63
O00014655,6,906.4300000000001
O00014656,1,70.39
O00014657,1,9.53
O00014658,2,476.16
O00014659,1,168.63
O00014660,1,4.19
O00014661,1,1047.18
O00014662,1,43.4
O00014663,2,114.42
O00014664,7,6499.76
O00014665,6,2247.18
O00014666,3,157.91
O00014667,2,2115.9700000000003
O00014668,1,31.28
O00014669,2,768.0799999999999
O00014670,1,297.47
O00014671,2,188.01999999999998
O00014672,3,221.13
O00014673,6,332.98
O00014674,7,3275.04
O00014675,2,347.92
O00014676,3,176.49
O00014677,5,943.9200000000001
O00014678,3,82.96000000000001
O00014679,4,1812.85
O00014680,1,61.86
O00014681,4,2419.8900000000003
O00014682,3,268.91
O00014683,3,131.55
O00014684,4,731.9100000000001
O00014685,2,99.74
O00014686,5,2890.61
O00014687,1,33.11
O00014688,6,4147.31
O00014689,3,670.94
O00014690,4,338.68
O00014691,2,631.2
O00014692,1,1077.43
O00014693,2,130.26999999999998
O00014694,6,1170.13
O00014695,4,1136.07
O00014696,1,154.28
O00014697,1,253.94
O00014698,6,535.5799999999999
O00014699,4,2823.15
O00014700,4,176.64999999999998
O00014701,1,50.3
O00014702,2,373.82
O00014703,1,7.85
O00014704,4,1034.57
O00014705,1,36.36
O00014706,3,388.76
O00014707,1,29.1
O00014708,3,229.91
O00014709,2,332.08
O00014710,4,739.49
O00014711,4,356.0
O00014712,3,475.59999999999997
O00014713,2,240.53
O00014714,8,2084.65
O00014715,9,4023.2200000000003
O00014716,1,120.82
O00014717,2,5.5
O00014718,3,228.98000000000002
O00014719,2,685.35
O00014720,5,1550.62
O00014721,3,1236.95
O00014722,2,908.46
O00014723,9,463.09999999999997
O00014724,2,295.78000000000003
O00014725,3,61.06
O00014726,1,30.77
O00014727,2,354.88
O00014728,3,1331.01
O00014729,5,945.85
O00014730,4,103.46000000000001
O00014731,1,598.63
O00014732,6,445.27
O00014733,1,29.67
O00014734,2,36.0
O00014735,4,326.27
O00014736,8,2339.03
O00014737,1,233.45
O00014738,4,212.5
O00014739,3,519.49
O00014740,4,185.01
O00014741,5,164.18
O00014742,2,220.14
O00014743,1,1340.76
O00014744,4,1632.51
O00014745,1,190.22
O00014746,3,89.47
O00014747,3,99.4
O00014748,1,854.8
O00014749,5,4169.93
O00014750,2,2302.94
O00014751,4,747.02
O00014752,2,507.36
O00014753,3,292.77
O00014754,4,91.42999999999999
O00014755,1,236.97
O00014756,2,452.72
O00014757,2,163.04
O00014758,6,576.92
O00014759,3,112.15
O00014760,3,1413.17
O00014761,1,27.21
O00014762,3,129.2
O00014763,4,77.57
O00014764,4,1658.3200000000002
O00014765,1,82.2
O00014766,5,235.20999999999998
O00014767,3,120.6
O00014768,1,1511.11
O00014769,3,1208.68
O00014770,4,1035.3300000000002
O00014771,3,689.54
O00014772,2,44.02
O00014773,4,691.97
O00014774,3,412.61
O00014775,5,398.28999999999996
O00014776,2,45.24
O00014777,6,2000.48
O00014778,3,276.72
O00014779,1,5.35
O00014780,1,3.45
O00014781,3,718.15
O00014782,2,187.58
O00014783,2,81.68
O00014784,2,261.74
O00014785,1,44.38
O00014786,4,864.3
O00014787,1,253.68
O00014788,6,267.33
O00014789,4,274.09999999999997
O00014790,8,881.8599999999999
O00014791,1,83.76
O00014792,1,97.57
O00014793,5,1210.45
O00014794,1,798.6
O00014795,5,415.65
O00014796,1,14.7
O00014797,4,376.06
O00014798,1,224.43
O00014799,2,1219.43
O00014800,1,192.22
O00014801,3,63.45
O00014802,5,710.81
O00014803,3,549.45
O00014804,2,580.26
O00014805,4,389.01
O00014806,1,94.59
O00014807,1,431.12
O00014808,6,561.57
O00014809,2,1138.24
O00014810,1,77.21
O00014811,3,328.61
O00014812,1,114.4
O00014813,3,100.97999999999999
O00014814,2,171.28
O00014815,6,226.48
O00014816,2,217.6
O00014817,1,24.97
O00014818,5,211.7
O00014819,5,416.96
O00014820,3,169.97
O00014821,1,12.81
O00014822,4,2314.93
O00014823,4,74.97
O00014824,7,3096.09
O00014825,3,525.97
O00014826,1,93.43
O00014827,1,62.05
O00014828,3,1447.06
O00014829,2,234.18
O00014830,8,1704.42
O00014831,1,85.79
O00014832,1,104.55
O00014833,5,305.31
O00014834,2,109.45
O00014835,5,592.01
O00014836,7,2009.43
O00014837,1,42.47
O00014838,4,350.38
O00014839,7,402.26
O00014840,2,37.54
O00014841,4,1473.2
O00014842,2,92.24
O00014843,8,1103.0200000000002
O00014844,5,790.48
O00014845,2,87.10000000000001
O00014846,1,337.06
O00014847,8,689.9
O00014848,1,1236.42
O00014849,2,265.83000000000004
O00014850,1,529.06
O00014851,5,644.23
O00014852,3,466.6
O00014853,6,905.6899999999999
O00014854,4,952.5699999999999
O00014855,6,267.66
O00014856,2,75.7
O00014857,3,242.52
O00014858,1,27.14
O00014859,1,82.68
O00014860,3,169.55
O00014861,1,29.9
O00014862,2,56.79
O00014863,3,595.16
O00014864,1,15.03
O00014865,5,264.75
O00014866,2,243.62
O00014867,4,967.9300000000001
O00014868,4,1057.82
O00014869,2,73.43
O00014870,2,468.2
O00014871,4,182.38
O00014872,2,67.19
O00014873,1,88.96
O00014874,2,3022.22
O00014875,4,318.2
O00014876,1,203.57
O00014877,1,117.92
O00014878,1,126.37
O00014879,1,45.35
O00014880,1,5.53
O00014881,5,128.42000000000002
O00014882,3,2956.05
O00014883,1,69.34
O00014884,1,225.0
O00014885,3,497.02
O00014886,3,102.77
O00014887,1,50.96
O00014888,3,1162.56
O00014889,3,115.73
O00014890,9,904.04
O00014891,2,215.71
O00014892,9,1217.06
O00014893,2,49.04
O00014894,1,168.32
O00014895,5,334.98
O00014896,1,87.48
O00014897,2,60.52
O00014898,3,1085.66
O00014899,2,1549.42
O00014900,5,1167.2199999999998
O00014901,5,703.68
O00014902,7,2205.7000000000003
O00014903,1,53.8
O00014904,2,81.42
O00014905,4,277.19
O00014906,8,658.24
O00014907,4,669.36
O00014908,2,260.62
O00014909,4,42.64
O00014910,5,261.97
O00014911,1,44.71
O00014912,3,640.88
O00014913,1,10.52
O00014914,8,625.0500000000001
O00014915,10,637.13
O00014916,2,507.88
O00014917,2,116.8
O00014918,3,302.05999999999995
O00014919,3,195.37
O00014920,3,316.44
O00014921,2,1345.41
O00014922,6,1745.79
O00014923,4,1078.07
O00014924,1,24.99
O00014925,7,2476.69
O00014926,1,9.25
O00014927,1,2.72
O00014928,5,3017.25
O00014929,3,1241.75
O00014930,9,2424.91
O00014931,9,638.8
O00014932,1,111.42
O00014933,6,1752.91
O00014934,3,87.3
O00014935,6,1202.18
O00014936,1,95.98
O00014937,1,110.43
O00014938,6,1968.1900000000003
O00014939,4,445.65999999999997
O00014940,1,202.11
O00014941,2,818.0799999999999
O00014942,2,1340.3400000000001
O00014943,4,2318.62
O00014944,3,2427.45
O00014945,8,1195.81
O00014946,3,142.65
O00014947,3,492.63
O00014948,2,186.14
O00014949,1,143.9
O00014950,1,85.29
O00014951,2,549.84
O00014952,5,477.43
O00014953,8,1069.14
O00014954,6,2132.3
O00014955,2,47.16
O00014956,4,852.49
O00014957,3,1605.25
O00014958,1,234.99
O00014959,3,663.19
O00014960,1,160.19
O00014961,8,553.5699999999999
O00014962,2,220.66
O00014963,3,368.11
O00014964,2,737.64
O00014965,1,54.36
O00014966,1,45.74
O00014967,1,46.64
O00014968,5,1168.43
O00014969,1,73.39
O00014970,2,269.9
O00014971,2,74.86
O00014972,5,1031.37
O00014973,2,104.58
O00014974,5,1297.98
O00014975,2,315.64
O00014976,5,399.7
O00014977,4,93.04
O00014978,1,54.46
O00014979,3,116.79
O00014980,3,542.6
O00014981,1,28.52
O00014982,7,943.05
O00014983,3,182.46
O00014984,3,991.62
O00014985,2,96.8
O00014986,4,1251.31
O00014987,1,814.3
O00014988,5,1383.21
O00014989,3,208.9
O00014990,1,154.57
O00014991,2,46.64
O00014992,2,2705.26
O00014993,5,447.2
O00014994,5,981.03
O00014995,7,344.29
O00014996,7,2920.9300000000003
O00014997,2,29.96
O00014998,4,392.25
O00014999,5,3111.9700000000003
O00015000,3,499.77
O00015001,1,11.44
O00015002,1,78.16
O00015003,1,79.6
O00015004,6,2350.27
O00015005,1,20.19
O00015006,3,233.13
O00015007,1,786.4
O00015008,4,598.92
O00015009,4,296.13
O00015010,4,172.72
O00015011,3,288.33
O00015012,4,777.29
O00015013,4,238.38
O00015014,5,320.46
O00015015,3,1449.13
O00015016,2,317.5
O00015017,3,231.84
O00015018,1,10.49
O00015019,2,36.33
O00015020,6,2337.6
O00015021,1,32.07
O00015022,4,320.73
O00015023,7,743.46
O00015024,3,185.51999999999998
O00015025,2,3670.64
O00015026,1,58.95
O00015027,2,104.03999999999999
O00015028,2,56.8
O00015029,1,163.08
O00015030,5,771.1999999999999
O00015031,2,437.06
O00015032,1,39.32
O00015033,2,710.28
O00015034,4,1146.85
O00015035,4,238.3
O00015036,11,1356.44
O00015037,4,126.88
O00015038,5,2158.9700000000003
O00015039,3,287.87
O00015040,8,809.26
O00015041,3,299.37
O00015042,1,115.92
O00015043,2,571.95
O00015044,1,54.22
O00015045,3,3086.64
O00015046,5,1152.0
O00015047,4,148.89
O00015048,5,159.95
O00015049,1,22.48
O00015050,1,84.79
O00015051,2,151.28
O00015052,1,112.22
O00015053,5,2624.23
O00015054,1,7.76
O00015055,2,1728.38
O00015056,5,193.75
O00015057,4,478.98
O00015058,1,815.47
O00015059,5,497.08000000000004
O00015060,1,83.14
O00015061,2,81.53
O00015062,2,119.58
O00015063,2,1311.25
O00015064,1,241.98
O00015065,2,1063.67
O00015066,1,375.68
O00015067,2,97.69
O00015068,6,1444.97
O00015069,2,135.04
O00015070,3,133.32
O00015071,1,814.3
O00015072,4,1617.06
O00015073,1,28.04
O00015074,2,252.48
O00015075,3,1682.62
O00015076,7,385.38
O00015077,2,204.48999999999998
O00015078,2,36.94
O00015079,1,7.76
O00015080,3,131.83
O00015081,6,661.84
O00015082,3,29.76
O00015083,1,9.1
O00015084,1,145.72
O00015085,2,2194.56
O00015086,3,537.22
O00015087,2,418.07
O00015088,5,564.88
O00015089,1,82.77
O00015090,1,6.79
O00015091,4,172.29
O00015092,2,1442.62
O00015093,3,52.44
O00015094,4,160.74
O00015095,2,1050.46
O00015096,2,641.98
O00015097,4,262.65
O00015098,1,142.59
O00015099,1,185.46
O00015100,1,1047.18
O00015101,7,587.6700000000001
O00015102,5,208.34
O00015103,7,1984.68
O00015104,2,109.3
O00015105,1,10.78
O00015106,7,464.66
O00015107,7,1718.35
O00015108,2,319.76
O00015109,4,437.48
O00015110,4,805.35
O00015111,4,1085.17
O00015112,1,70.84
O00015113,2,43.04
O00015114,8,209.56
O00015115,1,38.21
O00015116,4,295.06
O00015117,1,88.96
O00015118,1,51.04
O00015119,2,205.72
O00015120,8,3980.02
O00015121,1,91.33
O00015122,4,744.59
O00015123,2,210.96
O00015124,4,219.28
O00015125,1,84.37
O00015126,7,459.02
O00015127,1,71.91
O00015128,3,437.64
O00015129,5,739.26
O00015130,2,140.73000000000002
O00015131,2,579.62
O00015132,5,1781.17
O00015133,5,451.48
O00015134,3,45.66
O00015135,5,334.11
O00015136,5,400.18
O00015137,2,602.81
O00015138,1,70.33
O00015139,3,254.26
O00015140,1,215.65
O00015141,3,194.7
O00015142,5,570.98
O00015143,2,96.94
O00015144,1,73.39
O00015145,1,1700.35
O00015146,3,361.46
O00015147,1,133.34
O00015148,2,40.8
O00015149,4,1089.34
O00015150,1,15.52
O00015151,2,290.17
O00015152,8,333.62
O00015153,3,229.26999999999998
O00015154,1,99.47
O00015155,1,108.65
O00015156,3,494.65
O00015157,1,177.88
O00015158,1,72.87
O00015159,1,30.01
O00015160,1,154.67
O00015161,1,117.09
O00015162,4,518.47
O00015163,1,253.18
O00015164,1,376.31
O00015165,3,442.79
O00015166,8,394.51
O00015167,6,687.6600000000001
O00015168,1,118.33
O00015169,1,19.22
O00015170,2,151.35
O00015171,2,1124.9
O00015172,7,1832.97
O00015173,1,41.44
O00015174,4,211.09
O00015175,10,3993.63
O00015176,1,60.33
O00015177,1,58.73
O00015178,1,9.53
O00015179,2,146.53
O00015180,3,491.45
O00015181,3,546.48
O00015182,1,929.73
O00015183,2,141.4
O00015184,2,116.22
O00015185,5,237.91
O00015186,3,365.77
O00015187,1,54.46
O00015188,2,85.67
O00015189,5,1559.3300000000002
O00015190,2,53.23
O00015191,2,189.16
O00015192,3,228.41
O00015193,2,85.52
O00015194,3,1839.38
O00015195,3,113.52
O00015196,1,14.44
O00015197,3,313.75
O00015198,2,847.34
O00015199,3,619.24
O00015200,1,1206.17
O00015201,1,205.74
O00015202,2,167.02
O00015203,1,41.51
O00015204,1,67.41
O00015205,1,19.68
O00015206,4,710.9499999999999
O00015207,7,1165.54
O00015208,2,1553.17
O00015209,1,21.46
O00015210,2,65.56
O00015211,3,149.52
O00015212,5,158.22
O00015213,4,206.53
O00015214,4,150.58
O00015215,2,408.63
O00015216,2,186.9
O00015217,2,441.04
O00015218,2,70.1
O00015219,1,2.41
O00015220,4,2618.37
O00015221,2,202.84
O00015222,4,745.53
O00015223,1,48.15
O00015224,1,63.96
O00015225,8,2505.69
O00015226,3,565.87
O00015227,4,1040.02
O00015228,2,2031.18
O00015229,2,528.7
O00015230,4,2808.83
O00015231,1,150.71
O00015232,1,37.01
O00015233,1,19.4
O00015234,2,572.62
O00015235,4,197.61
O00015236,4,400.47999999999996
O00015237,1,42.91
O00015238,10,1611.3400000000001
O00015239,4,832.77
O00015240,3,253.83
O00015241,2,139.4
O00015242,7,412.71000000000004
O00015243,2,288.32
O00015244,5,500.21999999999997
O00015245,2,17.75
O00015246,5,299.62
O00015247,4,2218.3300000000004
O00015248,7,2078.7000000000003
O00015249,1,186.4
O00015250,5,449.45000000000005
O00015251,3,200.07
O00015252,4,256.25
O00015253,2,610.84
O00015254,4,350.34000000000003
O00015255,2,309.36
O00015256,3,292.64
O00015257,3,799.73
O00015258,6,525.32
O00015259,5,519.25
O00015260,3,288.84000000000003
O00015261,1,1772.36
O00015262,2,1349.44
O00015263,4,273.03999999999996
O00015264,1,566.53
O00015265,3,365.66
O00015266,6,1123.3899999999999
O00015267,3,2225.76
O00015268,1,1248.13
O00015269,2,110.57
O00015270,1,319.47
O00015271,1,46.36
O00015272,3,1702.7600000000002
O00015273,7,1892.26
O00015274,2,32.9
O00015275,2,416.64
O00015276,3,451.95000000000005
O00015277,2,96.03
O00015278,5,1120.82
O00015279,4,162.35
O00015280,1,28.52
O00015281,2,603.88
O00015282,7,3437.44
O00015283,3,1368.58
O00015284,5,1212.12
O00015285,4,1235.3700000000001
O00015286,3,900.72
O00015287,1,103.54
O00015288,1,80.56
O00015289,3,108.67
O00015290,4,725.95
O00015291,3,1055.69
O00015292,2,163.04
O00015293,2,468.98
O00015294,2,47.91
O00015295,2,126.99000000000001
O00015296,2,42.55
O00015297,5,310.08000000000004
O00015298,4,936.63
O00015299,6,1184.8799999999999
O00015300,1,283.47
O00015301,3,208.02
O00015302,5,328.31
O00015303,5,2093.55
O00015304,6,1266.25
O00015305,1,45.66
O00015306,5,3886.7000000000003
O00015307,1,244.36
O00015308,3,324.64
O00015309,7,1551.97
O00015310,2,350.04
O00015311,6,815.6500000000001
O00015312,1,37.9
O00015313,6,1889.45
O00015314,1,28.77
O00015315,2,68.2
O00015316,2,585.74
O00015317,3,957.95
O00015318,4,1546.0900000000001
O00015319,2,113.91
O00015320,1,12.81
O00015321,1,138.24
O00015322,1,19.35
O00015323,1,61.06
O00015324,1,42.76
O00015325,2,453.7
O00015326,5,492.02
O00015327,6,1280.19
O00015328,1,39.02
O00015329,7,5035.42
O00015330,11,1214.18
O00015331,4,587.9300000000001
O00015332,1,65.21
O00015333,2,188.45000000000002
O00015334,1,44.71
O00015335,1,307.54
O00015336,1,160.18
O00015337,4,405.37
O00015338,2,530.0
O00015339,1,18.47
O00015340,4,382.71000000000004
O00015341,2,351.21
O00015342,2,377.1
O00015343,6,231.38
O00015344,3,879.57
O00015345,3,163.23
O00015346,2,70.82
O00015347,4,292.18
O00015348,4,2327.16
O00015349,2,122.28
O00015350,2,138.92
O00015351,5,109.91
O00015352,2,265.40999999999997
O00015353,1,10.35
O00015354,3,358.82
O00015355,5,2635.6
O00015356,3,134.88
O00015357,2,57.04
O00015358,4,149.34
O00015359,5,1118.96
O00015360,7,571.93
O00015361,1,1206.27
O00015362,5,561.75
O00015363,3,1553.95
O00015364,2,468.63
O00015365,2,74.02
O00015366,1,12.47
O00015367,3,62.76
O00015368,7,3052.8199999999997
O00015369,1,6.52
O00015370,3,188.15
O00015371,1,49.84
O00015372,5,1133.06
O00015373,1,42.45
O00015374,6,227.01
O00015375,2,147.5
O00015376,1,85.29
O00015377,2,115.5
O00015378,4,414.33
O00015379,6,900.3100000000001
O00015380,1,81.57
O00015381,3,363.06
O00015382,1,91.92
O00015383,3,657.1899999999999
O00015384,4,742.02
O00015385,4,193.72000000000003
O00015386,3,671.82
O00015387,1,133.34
O00015388,6,3913.83
O00015389,5,1126.46
O00015390,2,136.05
O00015391,1,14.81
O00015392,1,112.19
O00015393,3,235.51
O00015394,3,10.469999999999999
O00015395,1,9.97
O00015396,5,834.19
O00015397,3,27.75
O00015398,1,17.6
O00015399,1,861.62
O00015400,3,268.39
O00015401,5,766.26
O00015402,3,823.98
O00015403,2,311.12
O00015404,3,1387.71
O00015405,9,986.3
O00015406,1,628.13
O00015407,2,228.8
O00015408,5,145.13
O00015409,1,1257.52
O00015410,5,327.12
O00015411,1,58.83
O00015412,1,111.61
O00015413,2,148.16
O00015414,6,1497.39
O00015415,3,371.6
O00015416,2,7.92
O00015417,2,3.56
O00015418,1,63.5
O00015419,1,121.89
O00015420,2,189.9
O00015421,1,199.78
O00015422,1,226.24
O00015423,2,179.53
O00015424,5,842.3100000000001
O00015425,2,983.9000000000001
O00015426,1,605.36
O00015427,3,786.8299999999999
O00015428,8,623.8800000000001
O00015429,4,343.69
O00015430,6,469.76
O00015431,3,1779.5700000000002
O00015432,4,616.17
O00015433,1,19.06
O00015434,8,1095.05
O00015435,1,101.57
O00015436,2,223.76
O00015437,3,115.21
O00015438,3,1304.19
O00015439,6,1442.81
O00015440,11,1055.14
O00015441,2,180.32
O00015442,3,751.23
O00015443,3,1560.18
O00015444,3,1559.6100000000001
O00015445,6,358.04
O00015446,1,529.06
O00015447,4,768.53
O00015448,4,1634.19
O00015449,1,168.03
O00015450,4,991.56
O00015451,3,977.2
O00015452,3,284.02
O00015453,8,852.64
O00015454,1,208.05
O00015455,2,952.63
O00015456,1,29.53
O00015457,2,195.44
O00015458,10,3295.8999999999996
O00015459,2,59.34
O00015460,1,28.77
O00015461,3,297.76
O00015462,1,40.24
O00015463,2,367.18
O00015464,1,474.22
O00015465,1,85.29
O00015466,1,80.1
O00015467,5,411.58000000000004
O00015468,2,186.73999999999998
O00015469,3,307.9
O00015470,4,393.40000000000003
O00015471,2,1388.64
O00015472,3,992.5500000000001
O00015473,3,112.32
O00015474,1,131.75
O00015475,2,166.68
O00015476,1,344.26
O00015477,3,400.41
O00015478,1,59.9
O00015479,2,266.64
O00015480,10,562.01
O00015481,5,4158.91
O00015482,2,1143.83
O00015483,1,295.84
O00015484,8,770.9
O00015485,2,268.44
O00015486,1,39.59
O00015487,2,101.08
O00015488,3,107.41
O00015489,3,179.39000000000001
O00015490,2,191.13
O00015491,2,206.94
O00015492,6,318.25
O00015493,2,85.78999999999999
O00015494,2,231.26
O00015495,3,1089.54
O00015496,7,1832.3100000000002
O00015497,4,1062.28
O00015498,6,822.6300000000001
O00015499,1,117.72
O00015500,1,152.24
O00015501,1,64.11
O00015502,10,5156.63
O00015503,1,20.41
O00015504,1,31.35
O00015505,1,31.44
O00015506,4,203.44
O00015507,4,93.81
O00015508,2,93.5
O00015509,1,14.44
O00015510,7,229.67000000000002
O00015511,2,138.65
O00015512,1,30.77
O00015513,3,374.61
O00015514,1,638.51
O00015515,4,744.48
O00015516,4,199.89
O00015517,2,414.06
O00015518,4,124.97
O00015519,5,293.92
O00015520,4,1778.8400000000001
O00015521,2,326.86
O00015522,2,429.67
O00015523,4,3274.34
O00015524,4,220.89999999999998
O00015525,1,775.52
O00015526,5,1231.79
O00015527,2,127.22
O00015528,5,2068.54
O00015529,1,8.6
O00015530,3,41.55
O00015531,6,1118.79
O00015532,2,101.91000000000001
O00015533,3,29.76
O00015534,3,424.92999999999995
O00015535,1,153.71
O00015536,2,127.76
O00015537,3,217.41
O00015538,5,449.78
O00015539,4,1801.55
O00015540,2,1426.0800000000002
O00015541,3,1241.42
O00015542,1,41.51
O00015543,1,66.03
O00015544,1,32.16
O00015545,2,210.41
O00015546,1,439.51
O00015547,7,609.98
O00015548,1,215.56
O00015549,1,37.59
O00015550,1,270.85
O00015551,4,797.94
O00015552,2,81.68
O00015553,1,323.14
O00015554,4,404.20000000000005
O00015555,7,292.11
O00015556,8,810.57
O00015557,3,469.97999999999996
O00015558,5,234.8
O00015559,1,42.19
O00015560,5,1252.44
O00015561,6,916.75
O00015562,3,17.94
O00015563,2,983.6600000000001
O00015564,3,605.05
O00015565,4,517.8199999999999
O00015566,4,516.91
O00015567,13,3308.02
O00015568,1,56.18
O00015569,2,74.46
O00015570,3,2618.32
O00015571,5,287.31
O00015572,5,799.49
O00015573,3,267.49
O00015574,2,110.08
O00015575,2,209.08
O00015576,5,546.38
O00015577,1,219.72
O00015578,1,34.28
O00015579,3,666.6999999999999
O00015580,4,453.25
O00015581,3,61.95
O00015582,11,1759.6899999999998
O00015583,1,55.14
O00015584,2,44.22
O00015585,1,441.37
O00015586,5,1565.53
O00015587,2,253.01
O00015588,2,141.25
O00015589,1,101.29
O00015590,6,2548.48
O00015591,9,1401.7
O00015592,7,800.85
O00015593,1,21.2
O00015594,2,234.48000000000002
O00015595,3,291.24
O00015596,4,485.91999999999996
O00015597,1,1387.39
O00015598,3,346.11
O00015599,2,112.33
O00015600,1,110.1
O00015601,3,301.11
O00015602,3,54.93
O00015603,2,215.92000000000002
O00015604,3,40.47
O00015605,7,808.27
O00015606,4,646.9499999999999
O00015607,4,230.98
O00015608,5,415.02
O00015609,7,1676.57
O00015610,2,289.18
O00015611,2,4070.84
O00015612,1,375.68
O00015613,2,109.79
O00015614,4,2472.14
O00015615,1,215.65
O00015616,1,29.53
O00015617,1,649.28
O00015618,6,978.88
O00015619,2,116.92
O00015620,4,512.37
O00015621,2,1062.63
O00015622,5,687.4
O00015623,4,1072.23
O00015624,3,250.53
O00015625,7,1699.06
O00015626,4,352.99
O00015627,3,655.26
O00015628,2,274.34
O00015629,3,551.73
O00015630,1,18.84
O00015631,1,70.76
O00015632,5,647.53
O00015633,5,230.10000000000002
O00015634,2,1680.02
O00015635,3,4436.59
O00015636,1,20.84
O00015637,3,193.89
O00015638,2,222.44
O00015639,4,784.72
O00015640,4,1461.0300000000002
O00015641,4,516.98
O00015642,6,1052.76
O00015643,5,1129.69
O00015644,1,63.98
O00015645,3,141.71
O00015646,1,103.67
O00015647,4,398.40000000000003
O00015648,3,363.51
O00015649,4,376.2300000000001
O00015650,4,92.91999999999999
O00015651,1,260.48
O00015652,1,77.34
O00015653,5,2234.51
O00015654,1,49.15
O00015655,2,358.92
O00015656,4,903.01
O00015657,2,149.22
O00015658,3,326.09
O00015659,2,27.97
O00015660,1,14.3
O00015661,1,53.51
O00015662,8,1964.42
O00015663,2,226.28
O00015664,9,477.04
O00015665,3,1567.54
O00015666,4,455.92
O00015667,9,623.39
O00015668,4,342.65
O00015669,4,384.44
O00015670,2,419.26
O00015671,5,644.76
O00015672,1,865.55
O00015673,4,2869.96
O00015674,2,102.61999999999999
O00015675,6,600.3399999999999
O00015676,2,830.0699999999999
O00015677,3,585.63
O00015678,2,600.14
O00015679,2,117.7
O00015680,2,914.1099999999999
O00015681,4,1587.76
O00015682,1,15.87
O00015683,1,651.6
O00015684,3,1682.1
O00015685,3,350.65
O00015686,5,199.13
O00015687,2,1736.4
O00015688,3,96.48
O00015689,1,110.33
O00015690,1,22.11
O00015691,3,367.8
O00015692,3,271.71
O00015693,3,462.87
O00015694,2,949.46
O00015695,3,383.05
O00015696,4,1490.6599999999999
O00015697,5,581.53
O00015698,5,1068.61
O00015699,3,178.47
O00015700,3,722.31
O00015701,4,2409.8
O00015702,1,40.71
O00015703,5,326.8
O00015704,6,2570.35
O00015705,1,327.68
O00015706,2,209.17000000000002
O00015707,2,240.46
O00015708,3,1215.58
O00015709,1,54.65
O00015710,1,60.33
O00015711,3,108.21000000000001
O00015712,1,208.34
O00015713,5,935.6899999999999
O00015714,1,18.76
O00015715,5,328.76
O00015716,7,861.69
O00015717,5,2110.27
O00015718,3,153.72
O00015719,1,115.37
O00015720,5,736.85
O00015721,4,78.35
O00015722,2,1184.69
O00015723,3,176.19
O00015724,2,180.3
O00015725,2,131.22
O00015726,4,495.63
O00015727,2,158.72
O00015728,1,685.59
O00015729,1,19.24
O00015730,3,376.35999999999996
O00015731,1,307.54
O00015732,4,328.04
O00015733,2,170.22
O00015734,1,108.5
O00015735,5,412.65999999999997
O00015736,5,827.98
O00015737,2,88.58
O00015738,1,50.3
O00015739,1,67.51
O00015740,5,282.28000000000003
O00015741,2,120.09
O00015742,4,676.99
O00015743,4,780.6
O00015744,3,1298.3899999999999
O00015745,4,428.05999999999995
O00015746,1,108.65
O00015747,3,119.82
O00015748,6,702.19
O00015749,2,154.57999999999998
O00015750,2,211.5
O00015751,1,742.47
O00015752,2,53.48
O00015753,4,342.55
O00015754,2,172.68
O00015755,1,577.93
O00015756,1,20.14
O00015757,1,20.19
O00015758,1,18.89
O00015759,7,1002.45
O00015760,3,183.75
O00015761,2,124.34
O00015762,1,9.27
O00015763,1,47.35
O00015764,4,332.02
O00015765,9,1642.79
O00015766,1,96.97
O00015767,6,394.7
O00015768,2,140.69
O00015769,3,4015.59
O00015770,1,17.35
O00015771,2,486.86
O00015772,2,45.1
O00015773,3,1625.76
O00015774,9,1029.1
O00015775,2,251.51999999999998
O00015776,2,102.54
O00015777,2,236.67000000000002
O00015778,4,657.66
O00015779,1,215.56
O00015780,6,762.9200000000001
O00015781,1,49.59
O00015782,1,157.95
O00015783,1,42.57
O00015784,6,721.35
O00015785,7,341.45
O00015786,1,197.07
O00015787,4,340.86
O00015788,1,74.08
O00015789,1,171.06
O00015790,1,152.24
O00015791,2,107.02
O00015792,1,610.48
O00015793,2,473.4
O00015794,2,477.08
O00015795,8,4086.0699999999997
O00015796,5,422.57
O00015797,6,413.36
O00015798,3,385.46000000000004
O00015799,6,674.7
O00015800,2,23.6
O00015801,3,296.14
O00015802,6,563.88
O00015803,2,89.08
O00015804,1,929.73
O00015805,3,256.21
O00015806,5,2344.23
O00015807,3,363.8
O00015808,2,200.56
O00015809,1,28.05
O00015810,1,140.3
O00015811,8,576.42
O00015812,4,207.82
O00015813,5,483.34999999999997
O00015814,3,40.02
O00015815,5,388.4
O00015816,2,766.75
O00015817,6,402.37
O00015818,2,599.32
O00015819,1,128.53
O00015820,3,791.4
O00015821,3,29.43
O00015822,1,100.81
O00015823,4,470.62
O00015824,4,638.5500000000001
O00015825,2,1830.61
O00015826,2,113.57
O00015827,3,3154.5
O00015828,1,661.52
O00015829,7,1066.7
O00015830,3,906.19
O00015831,1,10.35
O00015832,3,916.26
O00015833,5,485.23999999999995
O00015834,8,628.05
O00015835,5,620.12
O00015836,2,264.89
O00015837,1,77.46
O00015838,4,2885.06
O00015839,3,242.82999999999998
O00015840,3,284.44
O00015841,3,165.61
O00015842,5,447.59999999999997
O00015843,5,1386.99
O00015844,4,491.42
O00015845,5,1815.76
O00015846,6,1428.37
O00015847,3,781.0999999999999
O00015848,3,150.03
O00015849,1,53.16
O00015850,2,229.47
O00015851,2,19.96
O00015852,1,273.71
O00015853,6,2037.89
O00015854,1,132.7
O00015855,8,2254.5
O00015856,3,66.75
O00015857,1,97.78
O00015858,2,368.98
O00015859,4,300.29
O00015860,6,1199.6200000000001
O00015861,2,137.82999999999998
O00015862,5,1186.58
O00015863,2,130.35999999999999
O00015864,1,97.46
O00015865,2,216.98000000000002
O00015866,3,147.92000000000002
O00015867,4,365.96
O00015868,3,249.39
O00015869,1,84.98
O00015870,1,56.57
O00015871,4,300.84000000000003
O00015872,8,2447.31
O00015873,3,234.48
O00015874,5,190.39999999999998
O00015875,1,93.07
O00015876,1,21.3
O00015877,1,944.56
O00015878,5,818.78
O00015879,1,32.78
O00015880,1,26.74
O00015881,5,324.98
O00015882,2,2682.45
O00015883,3,287.21
O00015884,1,9.74
O00015885,2,114.69
O00015886,2,119.18
O00015887,2,507.58
O00015888,2,182.84
O00015889,1,295.84
O00015890,3,325.61
O00015891,3,1588.62
O00015892,2,394.14
O00015893,1,17.57
O00015894,6,501.09999999999997
O00015895,4,409.63
O00015896,3,73.93
O00015897,1,126.93
O00015898,3,3218.19
O00015899,9,1385.1799999999998
O00015900,3,567.05
O00015901,3,710.1
O00015902,1,83.76
O00015903,5,665.8
O00015904,4,182.82999999999998
O00015905,2,376.98
O00015906,5,653.67
O00015907,5,53.41
O00015908,3,424.90000000000003
O00015909,5,1039.1999999999998
O00015910,2,1158.8799999999999
O00015911,3,341.49
O00015912,6,576.11
O00015913,1,31.08
O00015914,3,240.85
O00015915,3,276.55
O00015916,4,457.79
O00015917,2,119.55
O00015918,6,1683.5800000000002
O00015919,1,176.19
O00015920,2,38.18
O00015921,5,1479.59
O00015922,4,78.38
O00015923,2,114.92999999999999
O00015924,2,961.0
O00015925,1,147.47
O00015926,1,57.65
O00015927,1,108.18
O00015928,2,441.23
O00015929,6,646.06
O00015930,6,1280.9099999999999
O00015931,5,562.1400000000001
O00015932,4,897.5999999999999
O00015933,1,71.29
O00015934,6,278.42
O00015935,7,1179.98
O00015936,2,76.47
O00015937,1,14.99
O00015938,1,90.57
O00015939,1,34.58
O00015940,3,131.81
O00015941,2,330.06
O00015942,6,1516.2
O00015943,1,76.91
O00015944,3,104.57
O00015945,2,469.98
O00015946,1,71.01
O00015947,2,125.08
O00015948,2,56.74
O00015949,8,372.89
O00015950,4,1089.82
O00015951,3,174.81
O00015952,3,767.67
O00015953,3,214.23
O00015954,6,1472.48
O00015955,1,326.01
O00015956,7,940.37
O00015957,3,31.26
O00015958,2,84.96
O00015959,3,721.06
O00015960,3,345.91
O00015961,7,1566.8700000000001
O00015962,3,581.26
O00015963,3,412.47
O00015964,1,70.39
O00015965,1,26.13
O00015966,6,2300.44
O00015967,6,1382.01
O00015968,5,548.0
O00015969,7,1070.31
O00015970,5,513.91
O00015971,2,225.23999999999998
O00015972,1,180.71
O00015973,2,1006.96
O00015974,5,1542.89
O00015975,2,100.75999999999999
O00015976,1,314.58
O00015977,2,68.56
O00015978,3,173.61
O00015979,1,159.14
O00015980,3,154.61
O00015981,2,220.45999999999998
O00015982,6,927.96
O00015983,2,64.7
O00015984,3,996.1800000000001
O00015985,2,199.12
O00015986,1,60.83
O00015987,1,37.71
O00015988,5,449.45000000000005
O00015989,3,35.34
O00015990,7,488.22
O00015991,3,376.82
O00015992,1,476.36
O00015993,4,1024.0800000000002
O00015994,3,437.31
O00015995,5,1931.88
O00015996,2,760.34
O00015997,5,3936.9799999999996
O00015998,1,361.55
O00015999,6,3812.4300000000003
O00016000,4,399.59000000000003
O00016001,1,811.5
O00016002,1,44.14
O00016003,4,346.33
O00016004,7,541.6899999999999
O00016005,1,71.01
O00016006,4,162.43
O00016007,5,315.07
O00016008,4,515.91
O00016009,1,74.41
O00016010,8,524.3299999999999
O00016011,3,180.35999999999999
O00016012,2,545.8299999999999
O00016013,1,19.14
O00016014,1,78.36
O00016015,4,604.04
O00016016,2,652.02
O00016017,1,307.27
O00016018,2,1551.04
O00016019,3,98.3
O00016020,3,526.88
O00016021,4,1515.7
O00016022,1,69.34
O00016023,2,499.78000000000003
O00016024,7,564.41
O00016025,1,318.23
O00016026,1,1257.52
O00016027,5,733.93
O00016028,3,612.85
O00016029,1,20.84
O00016030,1,13.34
O00016031,3,2946.3
O00016032,1,60.33
O00016033,7,1461.94
O00016034,7,1086.38
O00016035,1,179.46
O00016036,6,1668.18
O00016037,2,61.21
O00016038,1,250.79
O00016039,2,464.68
O00016040,3,281.21
O00016041,4,2609.47
O00016042,5,951.9
O00016043,1,474.22
O00016044,2,844.44
O00016045,3,254.94
O00016046,1,97.57
O00016047,1,83.6
O00016048,1,130.56
O00016049,2,1351.4099999999999
O00016050,3,1907.59
O00016051,2,197.58
O00016052,2,1458.84
O00016053,1,171.06
O00016054,5,841.13
O00016055,1,126.6
O00016056,3,107.0
O00016057,2,1835.18
O00016058,4,628.86
O00016059,1,51.78
O00016060,1,28.04
O00016061,1,54.55
O00016062,1,128.37
O00016063,1,42.15
O00016064,1,10.42
O00016065,3,395.25
O00016066,4,129.01999999999998
O00016067,1,21.92
O00016068,1,79.29
O00016069,3,348.39
O00016070,4,1209.6100000000001
O00016071,1,132.71
O00016072,3,1607.29
O00016073,3,247.42000000000002
O00016074,1,91.42
O00016075,1,982.1
O00016076,6,179.84
O00016077,6,2134.36
O00016078,1,542.86
O00016079,6,1395.25
O00016080,1,384.4
O00016081,1,366.84
O00016082,1,363.12
O00016083,2,137.6
O00016084,3,386.42
O00016085,1,165.03
O00016086,2,51.9
O00016087,6,1150.4
O00016088,8,884.85
O00016089,3,536.5600000000001
O00016090,1,213.25
O00016091,6,679.08
O00016092,1,122.71
O00016093,4,878.34
O00016094,2,66.7
O00016095,4,559.2
O00016096,4,1076.53
O00016097,3,914.3399999999999
O00016098,3,265.44
O00016099,5,38.39
O00016100,1,47.96
O00016101,4,491.65000000000003
O00016102,2,351.78999999999996
O00016103,1,59.55
O00016104,2,96.1
O00016105,1,84.98
O00016106,1,970.1
O00016107,5,879.97
O00016108,2,353.03999999999996
O00016109,1,118.11
O00016110,1,47.08
O00016111,5,635.72
O00016112,1,224.01
O00016113,3,420.75
O00016114,4,329.4
O00016115,1,20.4
O00016116,1,63.5
O00016117,1,150.71
O00016118,1,140.52
O00016119,2,145.0
O00016120,2,379.76
O00016121,3,80.37
O00016122,5,887.5
O00016123,2,121.28999999999999
O00016124,7,185.57
O00016125,1,43.57
O00016126,2,1431.6
O00016127,1,22.36
O00016128,2,41.42
O00016129,1,67.08
O00016130,3,356.82000000000005
O00016131,3,550.74
O00016132,1,56.18
O00016133,10,848.8
O00016134,3,256.36
O00016135,3,1078.4
O00016136,3,134.69
O00016137,1,98.92
O00016138,1,67.54
O00016139,1,376.31
O00016140,6,1748.4
O00016141,5,359.81
O00016142,1,71.52
O00016143,7,2435.77
O00016144,5,489.61
O00016145,2,1055.74
O00016146,3,70.56
O00016147,3,120.35
O00016148,4,2131.58
O00016149,2,1408.92
O00016150,2,244.01999999999998
O00016151,1,13.6
O00016152,6,484.33
O00016153,6,3298.7000000000003
O00016154,4,609.1700000000001
O00016155,2,108.39
O00016156,4,854.09
O00016157,2,190.16
O00016158,3,1090.8400000000001
O00016159,4,4052.34
O00016160,9,2052.88
O00016161,1,19.24
O00016162,3,801.76
O00016163,4,179.39
O00016164,6,955.0600000000001
O00016165,3,199.38
O00016166,3,127.5
O00016167,4,419.94000000000005
O00016168,1,988.62
O00016169,2,11.05
O00016170,4,796.1899999999999
O00016171,4,149.26
O00016172,2,199.56
O00016173,2,360.52
O00016174,5,563.14
O00016175,4,1380.92
O00016176,1,32.78
O00016177,5,3144.71
O00016178,2,1411.76
O00016179,4,630.52
O00016180,4,310.8
O00016181,2,59.0
O00016182,1,116.24
O00016183,3,1894.08
O00016184,2,38.38
O00016185,1,42.47
O00016186,5,322.32
O00016187,5,328.10999999999996
O00016188,4,360.23
O00016189,1,92.24
O00016190,5,189.71
O00016191,1,495.1
O00016192,5,207.49
O00016193,6,679.14
O00016194,3,624.41
O00016195,5,446.22
O00016196,2,1484.94
O00016197,4,1728.48
O00016198,5,368.75
O00016199,1,1097.96
O00016200,1,763.65
O00016201,4,251.98
O00016202,1,43.35
O00016203,2,87.60000000000001
O00016204,3,1073.61
O00016205,2,114.12
O00016206,4,4064.6200000000003
O00016207,2,196.96
O00016208,4,830.74
O00016209,3,689.3199999999999
O00016210,1,45.32
O00016211,6,228.09
O00016212,8,651.22
O00016213,7,1816.96
O00016214,1,226.36
O00016215,1,86.59
O00016216,11,2547.0499999999997
O00016217,1,5.55
O00016218,2,217.7
O00016219,7,1724.35
O00016220,1,1663.12
O00016221,4,571.5799999999999
O00016222,2,108.89
O00016223,3,819.5
O00016224,1,119.02
O00016225,6,324.97
O00016226,1,299.66
O00016227,2,40.46
O00016228,2,90.06
O00016229,5,902.45
O00016230,2,155.26
O00016231,1,25.48
O00016232,1,1993.95
O00016233,2,37.58
O00016234,1,29.92
O00016235,3,490.93
O00016236,3,281.48
O00016237,1,54.41
O00016238,2,184.08999999999997
O00016239,2,81.44
O00016240,5,550.18
O00016241,4,549.3199999999999
O00016242,2,121.1
O00016243,2,167.19
O00016244,4,2040.11
O00016245,5,211.2
O00016246,3,1443.3100000000002
O00016247,1,22.01
O00016248,1,83.34
O00016249,1,82.98
O00016250,2,1804.96
O00016251,2,242.04
O00016252,5,1152.69
O00016253,4,700.86
O00016254,5,1805.36
O00016255,3,288.58
O00016256,6,1323.58
O00016257,2,508.16
O00016258,2,110.56
O00016259,1,12.66
O00016260,5,324.6
O00016261,6,639.62
O00016262,1,20.77
O00016263,1,12.76
O00016264,1,52.18
O00016265,9,548.43
O00016266,3,1181.79
O00016267,4,1279.05
O00016268,1,6.58
O00016269,1,63.38
O00016270,1,77.46
O00016271,4,3037.86
O00016272,1,54.01
O00016273,2,109.16
O00016274,2,162.78
O00016275,4,223.09
O00016276,3,1558.0900000000001
O00016277,1,40.8
O00016278,6,1162.6
O00016279,3,71.41
O00016280,1,24.92
O00016281,5,945.57
O00016282,1,92.24
O00016283,2,519.44
O00016284,1,19.77
O00016285,3,2534.3399999999997
O00016286,8,541.43
O00016287,4,1712.53
O00016288,1,24.22
O00016289,8,1546.5200000000002
O00016290,1,220.52
O00016291,2,300.9
O00016292,1,92.23
O00016293,4,476.99
O00016294,1,15.79
O00016295,3,277.26
O00016296,3,1093.19
O00016297,1,38.31
O00016298,4,170.09
O00016299,9,5053.45
O00016300,1,52.18
O00016301,4,393.0
O00016302,3,738.9100000000001
O00016303,1,20.74
O00016304,7,313.83
O00016305,1,492.48
O00016306,1,12.81
O00016307,5,565.02
O00016308,1,926.15
O00016309,3,647.9599999999999
O00016310,2,126.34
O00016311,1,19.35
O00016312,2,40.6
O00016313,1,12.31
O00016314,1,746.51
O00016315,2,138.58
O00016316,3,55.59
O00016317,4,1259.06
O00016318,4,163.72
O00016319,5,2035.68
O00016320,5,322.32
O00016321,6,342.72
O00016322,9,2428.57
O00016323,6,1449.66
O00016324,2,569.2
O00016325,4,509.5
O00016326,1,117.92
O00016327,1,46.59
O00016328,3,420.34999999999997
O00016329,6,2055.48
O00016330,2,53.730000000000004
O00016331,6,857.27
O00016332,3,708.03
O00016333,6,412.84000000000003
O00016334,2,135.35
O00016335,6,1135.45
O00016336,4,772.81
O00016337,4,565.01
O00016338,1,58.41
O00016339,2,671.22
O00016340,5,1013.26
O00016341,1,34.59
O00016342,6,2728.5
O00016343,1,24.61
O00016344,1,697.07
O00016345,6,435.38
O00016346,6,498.37
O00016347,1,18.5
O00016348,3,150.45
O00016349,1,23.41
O00016350,4,907.52
O00016351,1,1097.96
O00016352,2,1555.6299999999999
O00016353,5,493.31000000000006
O00016354,3,148.16
O00016355,1,136.74
O00016356,4,554.61
O00016357,3,256.31
O00016358,4,814.4399999999999
O00016359,6,1043.23
O00016360,2,50.83
O00016361,4,888.47
O00016362,4,178.38
O00016363,3,858.27
O00016364,4,369.24
O00016365,4,519.21
O00016366,1,10.47
O00016367,3,1319.06
O00016368,3,396.25
O00016369,1,56.87
O00016370,5,282.04
O00016371,1,1325.06
O00016372,3,752.6
O00016373,2,124.94
O00016374,9,4909.21
O00016375,2,619.6299999999999
O00016376,3,181.07
O00016377,4,1449.3600000000001
O00016378,5,793.7800000000001
O00016379,3,78.3
O00016380,1,11.44
O00016381,6,377.23
O00016382,4,1368.32
O00016383,1,3.42
O00016384,2,881.79
O00016385,3,207.77
O00016386,6,3771.26
O00016387,1,627.99
O00016388,4,565.0699999999999
O00016389,4,1150.57
O00016390,1,36.95
O00016391,2,227.11
O00016392,3,1086.16
O00016393,2,62.56
O00016394,4,2191.47
O00016395,6,661.45
O00016396,6,786.72
O00016397,2,441.04
O00016398,1,20.93
O00016399,5,1937.3999999999999
O00016400,1,15.41
O00016401,1,69.64
O00016402,3,230.75
O00016403,3,1094.77
O00016404,5,156.52
O00016405,3,71.55
O00016406,2,439.38
O00016407,2,199.08
O00016408,4,84.32
O00016409,8,2186.06
O00016410,1,11.95
O00016411,4,188.67
O00016412,1,376.31
O00016413,6,575.47
O00016414,1,728.97
O00016415,3,234.01
O00016416,1,55.49
O00016417,3,4240.23
O00016418,2,292.1
O00016419,1,97.42
O00016420,1,87.54
O00016421,2,105.9
O00016422,4,624.36
O00016423,4,615.9
O00016424,1,115.63
O00016425,4,358.99
O00016426,1,12.47
O00016427,4,72.04
O00016428,2,265.54
O00016429,2,138.3
O00016430,1,22.36
O00016431,3,250.07
O00016432,5,305.77
O00016433,1,1700.35
O00016434,1,23.79
O00016435,2,3.44
O00016436,1,59.25
O00016437,5,1957.11
O00016438,3,62.04
O00016439,1,43.64
O00016440,1,50.17
O00016441,3,266.15999999999997
O00016442,1,11.44
O00016443,2,87.06
O00016444,1,82.98
O00016445,5,1149.14
O00016446,2,276.48
O00016447,2,341.8
O00016448,2,105.78
O00016449,1,166.22
O00016450,3,257.45
O00016451,5,925.78
O00016452,2,53.76
O00016453,4,348.64
O00016454,4,346.42
O00016455,1,124.68
O00016456,1,25.73
O00016457,3,1315.05
O00016458,2,235.26
O00016459,4,1125.55
O00016460,7,1048.54
O00016461,2,328.7
O00016462,3,149.11
O00016463,1,34.13
O00016464,4,452.46
O00016465,1,21.2
O00016466,2,157.73000000000002
O00016467,5,422.6
O00016468,5,818.7
O00016469,5,273.73
O00016470,5,376.12
O00016471,2,802.46
O00016472,1,60.85
O00016473,2,236.82
O00016474,1,37.69
O00016475,3,56.800000000000004
O00016476,1,11.62
O00016477,4,234.03000000000003
O00016478,2,60.43
O00016479,1,41.44
O00016480,1,242.11
O00016481,2,932.65
O00016482,4,1402.93
O00016483,2,688.71
O00016484,1,343.39
O00016485,6,1308.0900000000001
O00016486,5,697.42
O00016487,6,960.05
O00016488,3,418.40999999999997
O00016489,4,958.29
O00016490,4,248.42000000000002
O00016491,1,42.91
O00016492,6,1862.71
O00016493,3,632.1999999999999
O00016494,3,704.8299999999999
O00016495,2,2066.26
O00016496,1,6.69
O00016497,1,47.88
O00016498,6,195.81
O00016499,1,297.23
O00016500,4,203.64
O00016501,3,433.25
O00016502,1,156.64
O00016503,1,61.39
O00016504,4,536.37
O00016505,7,901.3299999999999
O00016506,5,632.94
O00016507,3,135.15
O00016508,1,52.77
O00016509,4,1246.53
O00016510,2,357.92
O00016511,4,685.98
O00016512,7,1463.5300000000002
O00016513,1,20.68
O00016514,1,305.0
O00016515,1,18.65
O00016516,3,390.21999999999997
O00016517,2,530.74
O00016518,4,565.99
O00016519,3,62.4
O00016520,1,19.35
O00016521,1,70.33
O00016522,7,2488.16
O00016523,2,408.16999999999996
O00016524,1,8.24
O00016525,5,555.88
O00016526,3,110.01
O00016527,6,656.6
O00016528,3,467.16999999999996
O00016529,1,37.23
O00016530,1,34.32
O00016531,1,134.22
O00016532,3,3651.65
O00016533,5,1211.6399999999999
O00016534,2,971.77
O00016535,2,609.38
O00016536,4,584.97
O00016537,4,1418.14
O00016538,6,272.4
O00016539,2,108.68
O00016540,3,730.6700000000001
O00016541,5,986.8199999999999
O00016542,1,32.69
O00016543,2,2302.94
O00016544,4,341.61
O00016545,3,67.32
O00016546,4,1776.27
O00016547,1,957.88
O00016548,4,329.38
O00016549,6,3935.52
O00016550,6,2394.8700000000003
O00016551,1,8.74
O00016552,2,660.22
O00016553,1,953.03
O00016554,3,666.07
O00016555,3,579.65
O00016556,2,126.36
O00016557,1,14.09
O00016558,3,963.66
O00016559,4,291.89
O00016560,1,51.05
O00016561,10,426.89
O00016562,4,1154.88
O00016563,1,244.29
O00016564,3,769.56
O00016565,3,363.81
O00016566,4,176.29
O00016567,4,188.1
O00016568,3,342.95
O00016569,4,333.78
O00016570,2,1597.2
O00016571,11,1791.94
O00016572,2,236.87
O00016573,3,1964.28
O00016574,2,163.87
O00016575,1,7.56
O00016576,5,1889.8700000000001
O00016577,1,51.52
O00016578,3,1267.31
O00016579,2,40.699999999999996
O00016580,1,225.99
O00016581,2,431.12
O00016582,3,1604.92
O00016583,3,166.26
O00016584,1,542.86
O00016585,8,519.5799999999999
O00016586,1,105.35
O00016587,1,409.61
O00016588,7,499.90999999999997
O00016589,3,50.58
O00016590,3,697.47
O00016591,3,244.71
O00016592,1,811.5
O00016593,7,1289.81
O00016594,1,466.25
O00016595,7,2450.98
O00016596,5,669.05
O00016597,1,95.98
O00016598,3,194.85
O00016599,2,153.82
O00016600,3,315.18999999999994
O00016601,5,1859.05
O00016602,1,53.16
O00016603,4,162.84
O00016604,4,291.17
O00016605,5,452.36
O00016606,1,147.11
O00016607,3,217.14
O00016608,1,33.11
O00016609,1,329.14
O00016610,5,241.39999999999998
O00016611,2,1335.18
O00016612,7,386.17
O00016613,4,231.66000000000003
O00016614,2,90.91999999999999
O00016615,1,90.19
O00016616,2,313.64
O00016617,2,850.77
O00016618,5,676.19
O00016619,1,291.84
O00016620,1,494.84
O00016621,3,695.23
O00016622,5,855.42
O00016623,1,815.01
O00016624,1,538.42
O00016625,2,16.1
O00016626,5,1547.5
O00016627,2,394.22
O00016628,3,529.16
O00016629,3,3660.2200000000003
O00016630,3,39.39
O00016631,5,211.23
O00016632,1,612.23
O00016633,7,2113.8199999999997
O00016634,2,251.96
O00016635,5,494.29
O00016636,1,79.35
O00016637,2,778.1099999999999
O00016638,1,101.57
O00016639,3,156.79000000000002
O00016640,1,492.64
O00016641,5,922.55
O00016642,2,130.48
O00016643,2,131.4
O00016644,5,591.2
O00016645,2,1156.18
O00016646,1,29.83
O00016647,4,559.35
O00016648,1,22.21
O00016649,1,153.71
O00016650,3,204.03
O00016651,1,76.59
O00016652,2,212.6
O00016653,3,1202.79
O00016654,1,43.35
O00016655,5,249.61
O00016656,3,1280.31
O00016657,3,726.9399999999999
O00016658,1,490.48
O00016659,4,804.46
O00016660,5,1552.0
O00016661,1,1.21
O00016662,1,183.87
O00016663,2,286.85
O00016664,1,42.19
O00016665,2,164.27
O00016666,6,384.75
O00016667,1,6.75
O00016668,8,2373.89
O00016669,1,103.58
O00016670,1,55.25
O00016671,1,45.66
O00016672,3,161.49
O00016673,6,3035.1
O00016674,2,82.64
O00016675,1,22.59
O00016676,5,1437.75
O00016677,3,1273.23
O00016678,4,350.34000000000003
O00016679,4,302.77
O00016680,1,87.48
O00016681,5,111.05
O00016682,1,1006.47
O00016683,2,94.66000000000001
O00016684,3,386.29
O00016685,1,52.54
O00016686,1,39.15
O00016687,1,74.61
O00016688,4,220.57
O00016689,4,399.8
O00016690,4,102.66
O00016691,5,1132.04
O00016692,3,103.45
O00016693,5,279.71
O00016694,1,116.26
O00016695,3,348.64
O00016696,1,53.19
O00016697,4,425.64
O00016698,5,1066.84
O00016699,5,1823.48
O00016700,2,85.19999999999999
O00016701,3,580.23
O00016702,1,140.3
O00016703,4,1564.5700000000002
O00016704,1,83.14
O00016705,6,1377.14
O00016706,4,842.76
O00016707,1,98.53
O00016708,1,81.47
O00016709,2,264.09000000000003
O00016710,1,13.83
O00016711,3,1153.0900000000001
O00016712,2,654.4
O00016713,1,86.34
O00016714,3,274.97
O00016715,1,631.36
O00016716,2,597.8000000000001
O00016717,1,43.24
O00016718,1,40.38
O00016719,4,1251.09
O00016720,1,16.74
O00016721,3,494.17999999999995
O00016722,1,46.81
O00016723,1,5.74
O00016724,3,171.99
O00016725,5,354.28
O00016726,4,574.53
O00016727,6,889.27
O00016728,5,266.34000000000003
O00016729,2,147.41
O00016730,2,401.3
O00016731,2,96.8
O00016732,5,417.12
O00016733,5,565.78
O00016734,9,1803.09
O00016735,1,488.59
O00016736,1,28.43
O00016737,4,250.89000000000001
O00016738,2,190.91
O00016739,3,302.37
O00016740,5,478.85
O00016741,1,667.59
O00016742,5,273.99
O00016743,1,15.79
O00016744,1,769.71
O00016745,8,772.01
O00016746,3,427.48999999999995
O00016747,1,10.62
O00016748,6,1008.1500000000001
O00016749,1,18.89
O00016750,6,1327.6899999999998
O00016751,3,404.45
O00016752,4,470.38
O00016753,4,1409.44
O00016754,6,3346.02
O00016755,4,332.35
O00016756,3,221.99
O00016757,1,26.07
O00016758,6,672.51
O00016759,1,11.31
O00016760,4,737.27
O00016761,1,105.48
O00016762,3,436.94
O00016763,6,652.71
O00016764,2,1233.96
O00016765,4,308.25
O00016766,6,442.14
O00016767,2,1652.36
O00016768,5,1796.35
O00016769,1,52.1
O00016770,6,413.42
O00016771,1,25.1
O00016772,2,198.3
O00016773,4,2259.12
O00016774,10,2902.76
O00016775,4,3066.77
O00016776,2,834.3
O00016777,1,84.86
O00016778,3,162.47
O00016779,2,28.18
O00016780,4,415.22
O00016781,3,457.29
O00016782,3,1004.03
O00016783,2,226.49
O00016784,4,1817.68
O00016785,3,291.22
O00016786,6,508.65999999999997
O00016787,9,1773.2600000000002
O00016788,3,354.31
O00016789,1,204.78
O00016790,4,1333.26
O00016791,8,1097.33
O00016792,1,2.75
O00016793,6,1085.06
O00016794,3,484.84000000000003
O00016795,4,499.37
O00016796,6,608.8199999999999
O00016797,2,87.96
O00016798,5,479.52
O00016799,4,2096.79
O00016800,1,87.48
O00016801,5,1144.92
O00016802,2,45.56
O00016803,6,1472.28
O00016804,1,210.39
O00016805,6,353.88
O00016806,6,565.1800000000001
O00016807,1,32.13
O00016808,8,5117.51
O00016809,1,527.87
O00016810,3,1110.31
O00016811,4,180.28
O00016812,6,1510.96
O00016813,3,1075.17
O00016814,5,717.1500000000001
O00016815,6,2552.62
O00016816,6,2741.54
O00016817,5,263.4
O00016818,5,986.94
O00016819,1,9.28
O00016820,5,320.66999999999996
O00016821,1,1.72
O00016822,2,56.08
O00016823,2,201.62
O00016824,3,232.03
O00016825,1,1217.83
O00016826,2,18.62
O00016827,1,33.86
O00016828,4,748.35
O00016829,4,235.06
O00016830,2,188.8
O00016831,3,579.42
O00016832,1,157.71
O00016833,4,350.37
O00016834,2,368.90999999999997
O00016835,1,286.99
O00016836,3,281.03
O00016837,1,233.7
O00016838,4,455.31999999999994
O00016839,4,344.93
O00016840,3,474.18
O00016841,2,33.83
O00016842,2,313.09000000000003
O00016843,3,915.41
O00016844,3,2058.61
O00016845,3,2922.48
O00016846,1,554.93
O00016847,2,135.88
O00016848,1,99.47
O00016849,2,273.77
O00016850,3,239.79
O00016851,1,12.65
O00016852,4,91.89000000000001
O00016853,6,718.8900000000001
O00016854,1,49.88
O00016855,1,42.19
O00016856,3,144.6
O00016857,6,368.65
O00016858,5,1956.3600000000001
O00016859,1,71.4
O00016860,2,713.48
O00016861,3,665.85
O00016862,6,449.13
O00016863,1,98.55
O00016864,1,97.63
O00016865,3,354.85
O00016866,5,3809.48
O00016867,7,816.74
O00016868,1,32.07
O00016869,3,438.41
O00016870,5,344.95000000000005
O00016871,2,852.48
O00016872,5,1212.17
O00016873,7,2366.5
O00016874,2,75.18
O00016875,2,656.91
O00016876,5,304.65999999999997
O00016877,1,60.55
O00016878,4,1845.14
O00016879,1,34.96
O00016880,2,291.74
O00016881,4,525.22
O00016882,1,1194.94
O00016883,2,201.24
O00016884,4,2159.16
O00016885,6,619.61
O00016886,2,37.02
O00016887,1,158.06
O00016888,3,1702.17
O00016889,1,142.94
O00016890,1,1236.42
O00016891,3,322.17
O00016892,1,495.1
O00016893,2,75.0
O00016894,3,135.88
O00016895,5,406.05
O00016896,5,550.76
O00016897,1,44.46
O00016898,1,354.49
O00016899,1,150.71
O00016900,3,5471.26
O00016901,1,175.11
O00016902,1,1206.27
O00016903,4,118.89
O00016904,2,920.01
O00016905,1,59.55
O00016906,1,134.95
O00016907,1,1413.41
O00016908,2,167.84
O00016909,1,16.14
O00016910,4,417.26
O00016911,3,185.24
O00016912,1,215.6
O00016913,1,239.55
O00016914,3,226.0
O00016915,1,6.79
O00016916,2,194.75
O00016917,1,322.77
O00016918,1,242.13
O00016919,6,1414.03
O00016920,5,662.39
O00016921,7,777.12
O00016922,1,36.2
O00016923,9,1941.52
O00016924,5,1694.78
O00016925,7,438.18
O00016926,2,382.66
O00016927,1,97.72
O00016928,3,1066.51
O00016929,3,186.94
O00016930,5,938.61
O00016931,5,3741.9900000000002
O00016932,4,2472.34
O00016933,4,252.94
O00016934,6,1692.7500000000002
O00016935,5,502.82
O00016936,1,226.24
O00016937,2,1039.79
O00016938,2,1268.2
O00016939,7,426.04
O00016940,4,108.75
O00016941,1,12.72
O00016942,2,217.28
O00016943,2,1422.85
O00016944,7,2719.9700000000003
O00016945,1,705.88
O00016946,3,122.69
O00016947,5,601.96
O00016948,1,704.46
O00016949,1,982.1
O00016950,2,138.89
O00016951,2,1656.18
O00016952,1,42.91
O00016953,7,703.1800000000001
O00016954,3,231.0
O00016955,5,772.49
O00016956,2,121.38
O00016957,2,283.09000000000003
O00016958,3,222.24
O00016959,6,712.36
O00016960,2,84.58
O00016961,4,340.12
O00016962,2,830.26
O00016963,1,17.35
O00016964,2,82.86
O00016965,1,155.2
O00016966,1,18.65
O00016967,4,1818.97
O00016968,3,1025.02
O00016969,3,142.89
O00016970,1,44.23
O00016971,1,24.92
O00016972,2,802.6
O00016973,4,1019.1500000000001
O00016974,2,274.31
O00016975,2,746.46
O00016976,1,60.29
O00016977,3,1065.42
O00016978,1,66.33
O00016979,7,4619.11
O00016980,4,175.23000000000002
O00016981,2,132.22
O00016982,5,925.92
O00016983,1,23.37
O00016984,3,1080.09
O00016985,2,103.27
O00016986,3,274.75
O00016987,2,44.59
O00016988,5,308.53
O00016989,2,359.66
O00016990,3,417.56
O00016991,2,515.98
O00016992,3,243.02999999999997
O00016993,4,3486.19
O00016994,8,6066.85
O00016995,5,848.6500000000001
O00016996,1,12.46
O00016997,1,223.92
O00016998,4,246.89999999999998
O00016999,3,147.85
O00017000,5,209.37
O00017001,5,1570.6799999999998
O00017002,5,537.05
O00017003,1,121.02
O00017004,2,628.9300000000001
O00017005,2,47.239999999999995
O00017006,2,416.13
O00017007,4,1368.47
O00017008,3,234.24
O00017009,1,86.48
O00017010,1,327.68
O00017011,1,41.44
O00017012,3,779.16
O00017013,4,113.78
O00017014,1,400.2
O00017015,3,351.0
O00017016,11,1138.06
O00017017,6,1752.52
O00017018,4,423.95
O00017019,1,31.04
O00017020,5,2336.85
O00017021,3,259.9
O00017022,6,1417.6
O00017023,1,40.72
O00017024,3,1307.61
O00017025,1,64.82
O00017026,5,177.06
O00017027,2,402.42999999999995
O00017028,3,214.97000000000003
O00017029,1,40.84
O00017030,1,54.86
O00017031,1,48.09
O00017032,1,25.06
O00017033,4,709.3000000000001
O00017034,2,718.45
O00017035,1,86.67
O00017036,1,144.55
O00017037,1,292.19
O00017038,6,707.89
O00017039,3,466.84000000000003
O00017040,3,491.76
O00017041,1,104.55
O00017042,5,1391.3500000000001
O00017043,1,29.34
O00017044,1,1620.72
O00017045,1,470.89
O00017046,1,383.26
O00017047,1,64.23
O00017048,3,700.35
O00017049,2,110.8
O00017050,1,101.71
O00017051,2,168.12
O00017052,2,1452.91
O00017053,1,344.62
O00017054,3,311.11
O00017055,5,493.22
O00017056,6,1276.34
O00017057,2,108.02
O00017058,3,325.1
O00017059,1,422.22
O00017060,3,209.92000000000002
O00017061,3,341.01
O00017062,3,207.45
O00017063,5,2581.44
O00017064,1,351.45
O00017065,2,169.74
O00017066,5,685.91
O00017067,1,34.1
O00017068,3,238.22
O00017069,5,717.68
O00017070,4,277.95
O00017071,2,304.04
O00017072,7,1673.27
O00017073,1,260.9
O00017074,3,271.83
O00017075,2,19.06
O00017076,8,661.63
O00017077,3,70.49000000000001
O00017078,1,61.59
O00017079,2,124.89
O00017080,1,439.51
O00017081,1,5.2
O00017082,1,115.81
O00017083,4,653.02
O00017084,1,25.57
O00017085,5,333.32
O00017086,2,688.02
O00017087,1,207.26
O00017088,2,315.78
O00017089,2,202.58
O00017090,8,3474.44
O00017091,4,389.97
O00017092,1,55.14
O00017093,3,193.38
O00017094,1,82.84
O00017095,3,189.48
O00017096,3,1066.8700000000001
O00017097,2,414.52
O00017098,2,297.97
O00017099,7,1034.5
O00017100,7,517.77
O00017101,3,80.44
O00017102,2,37.58
O00017103,2,345.04
O00017104,9,1199.77
O00017105,3,606.9000000000001
O00017106,1,31.7
O00017107,2,1214.3200000000002
O00017108,4,225.73999999999998
O00017109,5,3218.2499999999995
O00017110,2,82.39
O00017111,2,953.19
O00017112,6,2190.79
O00017113,5,917.02
O00017114,4,1907.95
O00017115,1,74.08
O00017116,2,110.56
O00017117,1,460.66
O00017118,1,54.61
O00017119,7,361.95000000000005
O00017120,2,42.24
O00017121,8,4804.48
O00017122,2,76.03
O00017123,10,1486.73
O00017124,1,22.62
O00017125,4,400.48
O00017126,2,231.84
O00017127,6,374.53999999999996
O00017128,3,42.0
O00017129,1,2337.85
O00017130,1,26.13
O00017131,4,369.17999999999995
O00017132,3,330.32
O00017133,3,235.09
O00017134,6,3755.22
O00017135,2,612.66
O00017136,3,329.0
O00017137,1,1700.35
O00017138,1,219.69
O00017139,7,141.20999999999998
O00017140,4,288.15
O00017141,1,39.96
O00017142,2,213.98
O00017143,1,11.57
O00017144,2,350.25
O00017145,2,158.36
O00017146,2,341.57
O00017147,3,179.59
O00017148,1,2337.85
O00017149,4,217.90999999999997
O00017150,1,108.67
O00017151,8,932.31
O00017152,2,85.52
O00017153,1,101.97
O00017154,2,277.64
O00017155,2,713.14
O00017156,1,24.1
O00017157,3,624.95
O00017158,2,203.89000000000001
O00017159,1,50.01
O00017160,5,417.77
O00017161,1,74.41
O00017162,4,299.27
O00017163,1,178.31
O00017164,1,59.17
O00017165,1,101.29
O00017166,6,405.17
O00017167,1,30.12
O00017168,5,2048.3
O00017169,2,97.44
O00017170,3,16.59
O00017171,2,229.12
O00017172,4,908.88
O00017173,4,213.42000000000002
O00017174,2,366.28000000000003
O00017175,5,894.08
O00017176,1,985.35
O00017177,1,20.06
O00017178,10,1427.86
O00017179,5,1099.35
O00017180,2,77.08
O00017181,5,760.25
O00017182,1,42.57
O00017183,2,62.34
O00017184,4,1531.8600000000001
O00017185,5,1343.88
O00017186,2,794.88
O00017187,5,498.72
O00017188,2,693.6899999999999
O00017189,5,158.95
O00017190,2,67.42
O00017191,4,543.8
O00017192,1,15.62
O00017193,5,903.31
O00017194,1,77.46
O00017195,5,129.20000000000002
O00017196,5,284.59000000000003
O00017197,7,435.68
O00017198,1,9.32
O00017199,1,96.76
O00017200,3,1916.6799999999998
O00017201,2,515.98
O00017202,5,172.49
O00017203,2,346.68
O00017204,5,243.18
O00017205,3,87.3
O00017206,1,67.94
O00017207,2,136.78
O00017208,6,233.53999999999996
O00017209,4,477.16
O00017210,3,75.10000000000001
O00017211,4,148.12
O00017212,6,1403.54
O00017213,2,1773.54
O00017214,5,2038.8700000000001
O00017215,5,695.48
O00017216,4,1568.99
O00017217,1,10.29
O00017218,9,1994.47
O00017219,5,536.38
O00017220,3,383.87
O00017221,2,154.45999999999998
O00017222,7,2139.13
O00017223,1,654.76
O00017224,2,86.48
O00017225,3,2090.93
O00017226,1,24.37
O00017227,1,26.79
O00017228,1,108.5
O00017229,7,5761.47
O00017230,1,5.66
O00017231,1,82.4
O00017232,2,372.8
O00017233,2,569.21
O00017234,1,25.96
O00017235,2,1726.1
O00017236,1,20.93
O00017237,3,160.67
O00017238,6,341.03999999999996
O00017239,3,519.4200000000001
O00017240,4,1188.58
O00017241,5,2667.94
O00017242,2,217.15
O00017243,2,2575.9
O00017244,7,590.74
O00017245,5,1463.85
O00017246,6,801.51
O00017247,3,243.94
O00017248,4,582.64
O00017249,5,1557.8400000000001
O00017250,1,178.96
O00017251,3,874.35
O00017252,2,416.68
O00017253,3,1876.56
O00017254,1,20.8
O00017255,5,486.87
O00017256,6,2989.27
O00017257,2,745.4
O00017258,7,1770.03
O00017259,3,821.73
O00017260,2,1560.8799999999999
O00017261,6,1390.88
O00017262,4,880.38
O00017263,1,294.72
O00017264,3,174.95999999999998
O00017265,1,601.59
O00017266,5,1611.65
O00017267,4,1664.68
O00017268,2,38.34
O00017269,1,97.47
O00017270,4,1349.98
O00017271,5,2621.25
O00017272,3,1335.75
O00017273,7,1286.18
O00017274,4,314.27
O00017275,1,226.24
O00017276,4,983.01
O00017277,2,166.5
O00017278,8,3607.0
O00017279,1,413.42
O00017280,1,69.22
O00017281,1,229.68
O00017282,1,66.97
O00017283,2,320.41
O00017284,2,103.3
O00017285,4,2882.27
O00017286,5,1536.6000000000001
O00017287,3,267.85
O00017288,2,194.72
O00017289,1,28.05
O00017290,1,113.67
O00017291,2,552.59
O00017292,1,294.72
O00017293,5,2000.54
O00017294,3,635.87
O00017295,4,350.03999999999996
O00017296,1,59.15
O00017297,6,1750.67
O00017298,4,1228.12
O00017299,2,240.84
O00017300,2,99.16
O00017301,9,2287.09
O00017302,5,158.25
O00017303,2,1364.8
O00017304,2,279.89
O00017305,3,796.28
O00017306,5,249.08
O00017307,4,788.5699999999999
O00017308,2,356.03999999999996
O00017309,1,260.64
O00017310,3,875.5000000000001
O00017311,5,377.1
O00017312,5,97.31
O00017313,1,3.69
O00017314,9,1032.72
O00017315,2,56.1
O00017316,5,1435.57
O00017317,1,340.5
O00017318,2,91.15
O00017319,5,2138.44
O00017320,7,1788.6
O00017321,1,265.37
O00017322,4,1274.92
O00017323,1,17.06
O00017324,6,1585.93
O00017325,4,747.55
O00017326,1,161.29
O00017327,3,123.27000000000001
O00017328,3,2910.3
O00017329,6,557.75
O00017330,5,938.28
O00017331,1,178.76
O00017332,1,46.59
O00017333,5,2768.0699999999997
O00017334,5,2795.99
O00017335,4,758.9300000000001
O00017336,4,448.58000000000004
O00017337,5,737.1800000000001
O00017338,2,2599.42
O00017339,4,230.33999999999997
O00017340,5,1047.75
O00017341,7,517.03
O00017342,1,53.8
O00017343,5,457.72
O00017344,1,373.9
O00017345,5,772.35
O00017346,3,123.85
O00017347,2,18.0
O00017348,1,32.15
O00017349,1,3.42
O00017350,1,64.11
O00017351,1,44.54
O00017352,6,124.78
O00017353,5,1264.69
O00017354,2,46.05
O00017355,1,97.36
O00017356,3,292.58
O00017357,4,339.09
O00017358,3,258.59
O00017359,8,1275.27
O00017360,1,72.4
O00017361,3,965.77
O00017362,1,54.01
O00017363,5,153.14000000000001
O00017364,2,6.64
O00017365,2,355.71000000000004
O00017366,1,158.55
O00017367,1,54.61
O00017368,1,59.91
O00017369,2,1323.04
O00017370,1,20.06
O00017371,3,224.46
O00017372,5,1251.1
O00017373,1,92.23
O00017374,1,231.49
O00017375,1,152.24
O00017376,3,385.15999999999997
O00017377,1,921.0
O00017378,4,2435.15
O00017379,2,141.68
O00017380,3,826.74
O00017381,4,1804.13
O00017382,3,669.69
O00017383,2,367.18
O00017384,6,1538.72
O00017385,5,933.97
O00017386,1,1.78
O00017387,4,335.52
O00017388,2,751.36
O00017389,1,33.02
O00017390,3,109.45
O00017391,6,573.26
O00017392,1,57.46
O00017393,2,42.160000000000004
O00017394,1,1206.27
O00017395,2,160.23000000000002
O00017396,1,47.73
O00017397,1,76.18
O00017398,2,59.06
O00017399,8,2782.76
O00017400,5,1248.21
O00017401,6,3503.1
O00017402,4,596.52
O00017403,5,857.47
O00017404,6,387.6
O00017405,10,1702.83
O00017406,4,417.35
O00017407,4,590.21
O00017408,3,242.02999999999997
O00017409,1,114.54
O00017410,2,289.67
O00017411,2,118.62
O00017412,4,1000.75
O00017413,1,5.67
O00017414,3,175.6
O00017415,5,4430.15
O00017416,4,1296.8200000000002
O00017417,1,368.82
O00017418,1,231.15
O00017419,1,25.95
O00017420,3,328.57000000000005
O00017421,1,75.86
O00017422,4,519.1
O00017423,3,199.45
O00017424,1,371.46
O00017425,5,468.06
O00017426,1,37.84
O00017427,7,1647.8999999999999
O00017428,6,4331.22
O00017429,5,123.36
O00017430,1,22.55
O00017431,3,604.8199999999999
O00017432,1,148.33
O00017433,4,434.40999999999997
O00017434,1,113.44
O00017435,4,2335.82
O00017436,1,71.52
O00017437,5,387.86
O00017438,1,58.95
O00017439,8,460.35999999999996
O00017440,2,484.26
O00017441,5,436.59000000000003
O00017442,3,1257.27
O00017443,2,11.08
O00017444,7,500.97
O00017445,2,25.94
O00017446,1,52.87
O00017447,5,446.48
O00017448,1,1387.39
O00017449,1,68.37
O00017450,3,1489.2099999999998
O00017451,2,150.01
O00017452,1,2337.85
O00017453,5,1480.95
O00017454,4,799.9100000000001
O00017455,1,27.91
O00017456,3,182.41
O00017457,2,382.67
O00017458,6,179.51
O00017459,5,1898.69
O00017460,4,1274.75
O00017461,2,463.75
O00017462,5,2561.17
O00017463,4,333.89
O00017464,4,250.10999999999999
O00017465,4,567.24
O00017466,7,474.14000000000004
O00017467,3,142.05
O00017468,3,10.35
O00017469,1,82.4
O00017470,1,1127.47
O00017471,2,117.48
O00017472,2,85.14
O00017473,1,5.79
O00017474,1,87.46
O00017475,2,457.71000000000004
O00017476,1,37.84
O00017477,1,28.37
O00017478,1,22.48
O00017479,4,2474.06
O00017480,6,344.44
O00017481,4,329.39
O00017482,4,419.45
O00017483,2,101.33
O00017484,5,640.54
O00017485,3,681.11
O00017486,1,50.96
O00017487,3,1385.1000000000001
O00017488,1,36.2
O00017489,5,696.72
O00017490,4,366.53999999999996
O00017491,1,320.65
O00017492,2,1457.94
O00017493,1,69.29
O00017494,1,150.71
O00017495,2,1272.5
O00017496,4,619.0899999999999
O00017497,1,886.77
O00017498,4,1377.99
O00017499,1,40.38
O00017500,2,162.89
O00017501,7,268.21000000000004
O00017502,6,1462.77
O00017503,9,1049.28
O00017504,5,2602.56
O00017505,3,110.72
O00017506,4,353.03
O00017507,3,654.04
O00017508,1,24.22
O00017509,2,95.15
O00017510,7,1636.3799999999999
O00017511,3,238.26
O00017512,2,294.22
O00017513,4,421.49
O00017514,3,48.42
O00017515,3,484.54999999999995
O00017516,5,392.65999999999997
O00017517,2,361.8
O00017518,4,1923.5700000000002
O00017519,4,302.01
O00017520,1,926.15
O00017521,5,438.64000000000004
O00017522,2,31.7
O00017523,5,1250.89
O00017524,4,318.95
O00017525,4,353.1
O00017526,2,219.56
O00017527,1,220.52
O00017528,5,1053.72
O00017529,1,76.91
O00017530,2,312.12
O00017531,6,690.55
O00017532,3,302.21999999999997
O00017533,5,1007.48
O00017534,4,410.74
O00017535,7,376.15
O00017536,3,733.9300000000001
O00017537,1,1033.13
O00017538,5,611.98
O00017539,5,2770.8
O00017540,4,1923.66
O00017541,3,864.06
O00017542,2,170.45
O00017543,1,226.85
O00017544,9,1273.4
O00017545,2,1316.4699999999998
O00017546,3,453.74
O00017547,1,81.88
O00017548,3,203.42000000000002
O00017549,12,2226.06
O00017550,4,167.05
O00017551,6,833.8000000000001
O00017552,2,232.48
O00017553,2,120.28
O00017554,1,138.5
O00017555,1,9.31
O00017556,4,581.47
O00017557,5,2789.19
O00017558,1,41.49
O00017559,1,15.22
O00017560,1,1006.47
O00017561,10,415.85
O00017562,1,970.1
O00017563,2,142.13
O00017564,2,1398.73
O00017565,1,10.78
O00017566,3,1610.83
O00017567,6,390.36
O00017568,1,300.24
O00017569,8,2584.7
O00017570,4,497.23
O00017571,1,22.25
O00017572,2,2352.0
O00017573,3,117.09
O00017574,3,2196.99
O00017575,2,2954.9
O00017576,1,60.85
O00017577,4,816.23
O00017578,1,68.6
O00017579,3,1852.3600000000001
O00017580,1,826.18
O00017581,2,51.98
O00017582,3,2615.76
O00017583,6,686.58
O00017584,3,265.04
O00017585,1,24.1
O00017586,3,756.5899999999999
O00017587,2,43.7
O00017588,6,2546.79
O00017589,5,657.35
O00017590,4,211.4
O00017591,2,170.92
O00017592,2,311.52
O00017593,1,100.62
O00017594,1,314.64
O00017595,2,2410.2
O00017596,1,20.15
O00017597,1,48.09
O00017598,5,209.06
O00017599,4,1775.5099999999998
O00017600,1,472.13
O00017601,6,1261.37
O00017602,5,1237.23
O00017603,1,34.32
O00017604,2,583.1800000000001
O00017605,3,81.69
O00017606,6,857.4300000000001
O00017607,6,501.40999999999997
O00017608,5,2368.55
O00017609,3,2255.0099999999998
O00017610,4,322.17
O00017611,4,735.57
O00017612,1,176.48
O00017613,2,126.96
O00017614,1,1407.61
O00017615,3,104.02
O00017616,4,329.75
O00017617,2,364.66
O00017618,2,440.15
O00017619,4,1540.87
O00017620,4,773.3299999999999
O00017621,1,61.9
O00017622,3,189.05
O00017623,1,22.36
O00017624,5,143.52
O00017625,8,2566.71
O00017626,8,500.78
O00017627,4,498.75
O00017628,3,1165.25
O00017629,3,424.69
O00017630,4,379.96000000000004
O00017631,2,19.06
O00017632,1,15.29
O00017633,5,2499.17
O00017634,6,723.51
O00017635,1,145.72
O00017636,2,276.47
O00017637,6,728.3100000000001
O00017638,1,95.77
O00017639,2,302.82000000000005
O00017640,2,2384.61
O00017641,1,134.71
O00017642,1,10.62
O00017643,2,62.37
O00017644,2,44.42
O00017645,5,992.21
O00017646,1,6.58
O00017647,5,377.91
O00017648,1,606.7
O00017649,7,1088.04
O00017650,1,169.79
O00017651,1,80.56
O00017652,2,835.98
O00017653,6,1203.06
O00017654,3,180.44
O00017655,6,179.57999999999998
O00017656,1,92.91
O00017657,1,178.96
O00017658,5,896.9
O00017659,1,46.59
O00017660,3,4.47
O00017661,8,1766.76
O00017662,3,154.55
O00017663,5,711.77
O00017664,1,101.36
O00017665,7,1193.38
O00017666,6,3065.95
O00017667,2,515.98
O00017668,3,1836.47
O00017669,2,107.6
O00017670,1,596.56
O00017671,7,338.39
O00017672,1,79.35
O00017673,4,2841.12
O00017674,1,16.71
O00017675,7,955.71
O00017676,6,1648.51
O00017677,2,215.26999999999998
O00017678,3,295.65
O00017679,1,40.24
O00017680,4,2069.16
O00017681,2,500.82
O00017682,2,144.93
O00017683,3,1433.17
O00017684,6,1546.94
O00017685,2,489.15
O00017686,5,497.05
O00017687,1,13.54
O00017688,2,36.46
O00017689,2,285.18
O00017690,5,1630.77
O00017691,1,40.14
O00017692,5,377.19
O00017693,4,309.17
O00017694,1,25.97
O00017695,2,448.32
O00017696,6,393.96
O00017697,2,466.9
O00017698,4,288.73
O00017699,2,234.18
O00017700,6,492.07
O00017701,4,129.99
O00017702,2,234.49
O00017703,4,386.39000000000004
O00017704,8,733.74
O00017705,7,1479.56
O00017706,2,117.47999999999999
O00017707,1,181.71
O00017708,2,119.95
O00017709,4,298.52
O00017710,4,623.89
O00017711,3,393.48
O00017712,3,832.49
O00017713,1,204.47
O00017714,4,378.07
O00017715,2,295.88
O00017716,2,186.86
O00017717,1,97.69
O00017718,5,172.51
O00017719,8,602.96
O00017720,1,31.04
O00017721,3,142.42000000000002
O00017722,6,2724.85
O00017723,4,259.9
O00017724,1,42.48
O00017725,2,70.67
O00017726,3,235.87
O00017727,2,835.6400000000001
O00017728,1,53.19
O00017729,4,502.01
O00017730,3,1896.2
O00017731,4,928.24
O00017732,3,952.72
O00017733,1,71.59
O00017734,6,1039.6
O00017735,1,10.7
O00017736,2,128.57
O00017737,1,56.18
O00017738,2,281.52
O00017739,4,87.26
O00017740,2,336.64
O00017741,1,72.4
O00017742,11,5176.65
O00017743,2,896.99
O00017744,1,383.26
O00017745,3,3005.01
O00017746,2,132.95000000000002
O00017747,3,252.89999999999998
O00017748,2,1616.11
O00017749,6,365.87
O00017750,2,326.54999999999995
O00017751,1,83.14
O00017752,2,451.74
O00017753,2,256.49
O00017754,1,52.25
O00017755,3,262.44
O00017756,4,1878.3200000000002
O00017757,1,72.69
O00017758,7,431.65999999999997
O00017759,1,985.35
O00017760,4,761.64
O00017761,2,96.07
O00017762,2,267.56
O00017763,2,163.63
O00017764,2,344.84
O00017765,1,60.29
O00017766,2,73.88
O00017767,4,595.64
O00017768,2,1394.14
O00017769,1,90.65
O00017770,3,380.55
O00017771,4,515.4200000000001
O00017772,3,202.84
O00017773,1,72.4
O00017774,2,113.2
O00017775,1,176.48
O00017776,2,770.24
O00017777,2,10.22
O00017778,7,349.45000000000005
O00017779,1,22.36
O00017780,2,730.48
O00017781,3,58.28
O00017782,3,472.83
O00017783,2,254.8
O00017784,6,2101.58
O00017785,4,335.33000000000004
O00017786,5,933.61
O00017787,9,437.81
O00017788,5,884.31
O00017789,1,231.15
O00017790,5,328.19
O00017791,5,155.78
O00017792,2,262.32
O00017793,1,205.74
O00017794,4,533.56
O00017795,5,740.04
O00017796,6,1259.8200000000002
O00017797,3,451.11
O00017798,2,68.34
O00017799,4,383.83
O00017800,1,303.15
O00017801,1,157.0
O00017802,6,2873.7099999999996
O00017803,1,35.82
O00017804,1,1233.14
O00017805,6,615.34
O00017806,7,2907.28
O00017807,3,476.0
O00017808,4,1012.8
O00017809,3,189.37
O00017810,1,8.2
O00017811,2,24.34
O00017812,1,105.75
O00017813,1,57.65
O00017814,2,407.6
O00017815,1,291.45
O00017816,1,462.76
O00017817,1,134.54
O00017818,6,636.25
O00017819,2,206.29
O00017820,3,458.68
O00017821,9,6101.43
O00017822,1,13.34
O00017823,3,138.95
O00017824,4,725.56
O00017825,7,1493.92
O00017826,4,703.38
O00017827,3,461.08000000000004
O00017828,3,809.6999999999999
O00017829,2,215.70999999999998
O00017830,2,875.3299999999999
O00017831,3,405.15
O00017832,9,1018.51
O00017833,3,88.56
O00017834,1,46.0
O00017835,3,2843.1400000000003
O00017836,3,295.08
O00017837,2,90.64
O00017838,1,59.93
O00017839,6,1126.53
O00017840,1,124.31
O00017841,3,1204.84
O00017842,1,121.55
O00017843,5,277.71
O00017844,2,106.41
O00017845,9,1715.8000000000002
O00017846,5,427.84000000000003
O00017847,3,307.81
O00017848,3,179.73000000000002
O00017849,1,134.5
O00017850,4,351.69
O00017851,3,257.92
O00017852,1,19.99
O00017853,1,697.07
O00017854,5,725.72
O00017855,5,1786.31
O00017856,6,1304.0900000000001
O00017857,1,30.77
O00017858,5,681.63
O00017859,1,123.01
O00017860,2,616.74
O00017861,6,474.82
O00017862,6,346.07
O00017863,3,743.56
O00017864,1,38.16
O00017865,6,1030.9
O00017866,1,31.98
O00017867,7,2456.5699999999997
O00017868,4,743.13
O00017869,1,343.78
O00017870,2,81.4
O00017871,4,1974.06
O00017872,1,494.84
O00017873,5,239.5
O00017874,2,236.83
O00017875,1,74.6
O00017876,5,347.03
O00017877,5,905.42
O00017878,4,346.82
O00017879,3,1028.94
O00017880,2,56.74
O00017881,3,164.93
O00017882,2,112.68
O00017883,1,438.46
O00017884,1,59.31
O00017885,1,106.81
O00017886,3,2469.99
O00017887,6,362.11
O00017888,1,2035.42
O00017889,1,66.97
O00017890,5,181.23000000000002
O00017891,3,824.91
O00017892,2,174.96
O00017893,6,300.69
O00017894,4,628.0699999999999
O00017895,6,1449.85
O00017896,1,794.73
O00017897,5,322.1
O00017898,2,1656.18
O00017899,1,177.95
O00017900,1,236.97
O00017901,4,306.1
O00017902,7,1498.08
O00017903,5,534.87
O00017904,2,16.48
O00017905,3,1162.0700000000002
O00017906,1,694.32
O00017907,1,173.25
O00017908,1,189.79
O00017909,2,247.1
O00017910,1,29.52
O00017911,4,473.32000000000005
O00017912,2,173.4
O00017913,3,413.25
O00017914,2,1074.62
O00017915,2,84.65
O00017916,2,426.5
O00017917,1,121.64
O00017918,5,245.85999999999999
O00017919,1,121.71
O00017920,4,1515.3400000000001
O00017921,4,532.5
O00017922,1,15.52
O00017923,7,1499.44
O00017924,4,219.45999999999998
O00017925,2,22.28
O00017926,4,866.46
O00017927,1,354.49
O00017928,4,1492.8200000000002
O00017929,1,1187.64
O00017930,2,159.86
O00017931,3,179.25
O00017932,2,121.26
O00017933,8,2510.4
O00017934,3,1420.8700000000001
O00017935,2,146.62
O00017936,6,965.4
O00017937,1,221.26
O00017938,1,36.34
O00017939,3,283.45
O00017940,3,35.34
O00017941,1,64.95
O00017942,2,75.13
O00017943,2,1402.36
O00017944,2,156.26
O00017945,2,69.92
O00017946,5,393.48
O00017947,2,292.91999999999996
O00017948,4,186.03
O00017949,3,277.1
O00017950,6,3598.59
O00017951,4,390.5
O00017952,2,188.75
O00017953,3,60.910000000000004
O00017954,1,21.38
O00017955,1,3.96
O00017956,2,1126.15
O00017957,1,243.43
O00017958,1,383.26
O00017959,5,2120.76
O00017960,1,23.28
O00017961,5,1297.6100000000001
O00017962,1,1181.64
O00017963,2,315.58
O00017964,1,123.01
O00017965,4,445.81999999999994
O00017966,1,40.54
O00017967,2,44.22
O00017968,3,336.40999999999997
O00017969,1,108.5
O00017970,1,9.25
O00017971,1,3.37
O00017972,2,33.84
O00017973,1,376.31
O00017974,2,334.8
O00017975,3,168.95999999999998
O00017976,2,14.58
O00017977,1,18.37
O00017978,5,678.92
O00017979,1,667.59
O00017980,1,39.34
O00017981,5,192.18
O00017982,2,364.66
O00017983,5,453.86
O00017984,4,2046.7199999999998
O00017985,6,619.3299999999999
O00017986,3,25.490000000000002
O00017987,8,3003.15
O00017988,4,1678.31
O00017989,4,257.35
O00017990,2,267.2
O00017991,1,130.87
O00017992,3,66.75
O00017993,11,1190.09
O00017994,1,329.14
O00017995,6,1663.76
O00017996,1,8.74
O00017997,4,2262.7200000000003
O00017998,1,43.7
O00017999,3,1032.31
O00018000,4,98.39999999999999
O00018001,8,159.34
O00018002,4,2838.38
O00018003,2,110.42
O00018004,2,509.48
O00018005,4,829.05
O00018006,1,160.19
O00018007,5,449.08000000000004
O00018008,2,376.36
O00018009,3,1288.26
O00018010,3,62.52
O00018011,2,710.28
O00018012,1,22.44
O00018013,4,2990.38
O00018014,6,2815.48
O00018015,1,77.34
O00018016,1,83.52
O00018017,4,307.21999999999997
O00018018,1,375.37
O00018019,3,141.51
O00018020,1,45.72
O00018021,1,12.97
O00018022,1,13.83
O00018023,3,1051.57
O00018024,3,529.81
O00018025,7,670.7
O00018026,6,918.24
O00018027,6,865.1
O00018028,1,97.72
O00018029,1,113.67
O00018030,4,164.1
O00018031,2,50.81
O00018032,1,104.27
O00018033,2,935.8399999999999
O00018034,1,72.33
O00018035,3,449.61
O00018036,2,189.08999999999997
O00018037,4,212.63
O00018038,1,83.14
O00018039,4,472.1
O00018040,10,3549.91
O00018041,4,2126.5499999999997
O00018042,2,606.3
O00018043,4,65.25999999999999
O00018044,6,742.09
O00018045,6,2849.31
O00018046,1,111.25
O00018047,4,363.71000000000004
O00018048,1,129.49
O00018049,1,687.51
O00018050,1,157.71
O00018051,6,813.52
O00018052,1,34.28
O00018053,4,245.69
O00018054,1,27.19
O00018055,4,355.13
O00018056,2,110.60000000000001
O00018057,3,63.9
O00018058,3,888.45
O00018059,5,219.20999999999998
O00018060,3,559.2
O00018061,8,1528.0900000000001
O00018062,2,39.79
O00018063,3,103.27000000000001
O00018064,3,247.07
O00018065,6,167.49
O00018066,1,177.64
O00018067,4,226.67000000000002
O00018068,4,295.13
O00018069,5,389.18
O00018070,3,896.97
O00018071,11,1878.79
O00018072,1,59.9
O00018073,1,61.15
O00018074,6,1083.3799999999999
O00018075,2,56.08
O00018076,2,269.44
O00018077,4,207.31
O00018078,6,1673.13
O00018079,2,367.26
O00018080,4,475.14
O00018081,2,183.77
O00018082,3,836.78
O00018083,2,216.91
O00018084,6,1714.78
O00018085,6,854.24
O00018086,4,91.46
O00018087,2,84.94
O00018088,3,430.33
O00018089,8,873.01
O00018090,3,1326.36
O00018091,6,4297.7
O00018092,3,2168.79
O00018093,1,490.48
O00018094,3,610.71
O00018095,3,470.21
O00018096,3,23.34
O00018097,1,106.81
O00018098,1,1075.65
O00018099,1,80.66
O00018100,2,1445.49
O00018101,5,455.29
O00018102,2,105.84
O00018103,1,104.02
O00018104,6,3152.23
O00018105,1,107.38
O00018106,2,353.91
O00018107,8,588.47
O00018108,1,225.99
O00018109,2,776.47
O00018110,1,37.03
O00018111,3,326.4
O00018112,2,37.22
O00018113,1,208.74
O00018114,5,363.71000000000004
O00018115,1,242.13
O00018116,4,2838.11
O00018117,1,80.87
O00018118,5,498.5
O00018119,2,255.43
O00018120,2,10.56
O00018121,1,259.69
O00018122,4,513.19
O00018123,1,38.54
O00018124,5,759.5600000000001
O00018125,1,168.0
O00018126,3,201.29
O00018127,2,1389.28
O00018128,3,339.84999999999997
O00018129,1,15.66
O00018130,4,781.0799999999999
O00018131,1,26.76
O00018132,2,123.18
O00018133,5,653.53
O00018134,4,2629.58
O00018135,2,130.29999999999998
O00018136,1,97.47
O00018137,5,359.86
O00018138,5,314.22
O00018139,1,139.02
O00018140,1,40.58
O00018141,2,484.22
O00018142,4,185.56
O00018143,4,284.58
O00018144,2,480.54
O00018145,4,2619.06
O00018146,2,69.88
O00018147,1,712.19
O00018148,5,727.64
O00018149,4,3292.8900000000003
O00018150,4,152.43
O00018151,1,80.1
O00018152,4,402.5
O00018153,3,33.93
O00018154,1,373.9
O00018155,4,2744.83
O00018156,6,825.36
O00018157,9,3742.27
O00018158,7,3198.7999999999997
O00018159,4,84.53999999999999
O00018160,1,44.23
O00018161,1,184.43
O00018162,3,184.32999999999998
O00018163,3,107.77
O00018164,2,1234.79
O00018165,3,415.65
O00018166,3,538.68
O00018167,2,133.48
O00018168,3,72.57
O00018169,2,764.34
O00018170,1,19.24
O00018171,4,649.85
O00018172,1,5.53
O00018173,1,67.51
O00018174,4,182.1
O00018175,1,252.09
O00018176,3,750.33
O00018177,3,85.14
O00018178,1,1299.71
O00018179,5,163.93
O00018180,2,151.86
O00018181,4,371.48
O00018182,3,248.04
O00018183,1,1993.95
O00018184,1,45.74
O00018185,1,56.92
O00018186,3,604.4699999999999
O00018187,2,519.38
O00018188,9,560.51
O00018189,6,956.9100000000001
O00018190,6,372.14
O00018191,4,426.87
O00018192,1,63.5
O00018193,3,396.08
O00018194,1,405.41
O00018195,5,227.0
O00018196,4,210.01
O00018197,3,403.95
O00018198,5,302.87
O00018199,3,401.11
O00018200,1,59.91
O00018201,2,602.87
O00018202,6,1062.3
O00018203,3,239.79
O00018204,1,244.36
O00018205,1,431.12
O00018206,1,31.57
O00018207,7,524.72
O00018208,3,327.15
O00018209,1,152.38
O00018210,4,333.49
O00018211,1,48.15
O00018212,2,572.62
O00018213,1,662.22
O00018214,1,201.36
O00018215,6,817.3500000000001
O00018216,6,801.7
O00018217,5,156.17000000000002
O00018218,2,108.72
O00018219,6,173.53
O00018220,3,1611.47
O00018221,4,467.75
O00018222,2,241.67000000000002
O00018223,1,83.52
O00018224,5,685.46
O00018225,2,941.78
O00018226,1,6.52
O00018227,2,40.28
O00018228,3,1589.7399999999998
O00018229,2,236.34
O00018230,4,869.34
O00018231,3,316.82
O00018232,2,91.62
O00018233,1,390.56
O00018234,2,60.53
O00018235,2,37.3
O00018236,1,13.34
O00018237,7,2816.2400000000002
O00018238,3,340.09
O00018239,1,40.03
O00018240,6,802.73
O00018241,2,1324.44
O00018242,2,193.46
O00018243,3,134.57
O00018244,4,141.95999999999998
O00018245,1,207.67
O00018246,2,495.01
O00018247,2,44.94
O00018248,4,205.09
O00018249,6,478.87
O00018250,4,851.88
O00018251,5,496.59000000000003
O00018252,4,586.1600000000001
O00018253,5,146.4
O00018254,2,794.25
O00018255,3,330.8
O00018256,2,106.09
O00018257,1,157.02
O00018258,3,151.12
O00018259,1,11.31
O00018260,1,247.43
O00018261,3,383.81
O00018262,5,858.55
O00018263,3,115.08999999999999
O00018264,1,24.98
O00018265,1,250.41
O00018266,1,19.97
O00018267,4,1256.44
O00018268,2,127.6
O00018269,2,241.64
O00018270,7,868.6
O00018271,1,95.81
O00018272,2,167.04
O00018273,5,2105.73
O00018274,1,598.63
O00018275,7,450.53999999999996
O00018276,3,1094.9
O00018277,2,73.94
O00018278,3,311.01
O00018279,1,228.38
O00018280,4,317.3
O00018281,6,511.34000000000003
O00018282,4,352.38
O00018283,4,517.26
O00018284,3,823.03
O00018285,3,50.13
O00018286,6,918.39
O00018287,4,200.38
O00018288,1,47.03
O00018289,5,1057.4
O00018290,8,710.3499999999999
O00018291,1,9.31
O00018292,1,49.7
O00018293,3,452.59
O00018294,4,369.33000000000004
O00018295,2,210.85000000000002
O00018296,3,207.37
O00018297,1,29.08
O00018298,5,925.84
O00018299,3,219.26
O00018300,4,1559.03
O00018301,3,33.93
O00018302,2,111.4
O00018303,3,171.93
O00018304,4,121.13
O00018305,2,209.23
O00018306,2,102.74
O00018307,2,643.6
O00018308,1,138.5
O00018309,1,17.5
O00018310,2,1408.92
O00018311,2,136.91
O00018312,4,352.09000000000003
O00018313,1,20.74
O00018314,1,15.79
O00018315,1,26.34
O00018316,1,106.67
O00018317,6,606.89
O00018318,3,39.989999999999995
O00018319,1,257.15
O00018320,3,401.13
O00018321,3,157.83999999999997
O00018322,3,1170.57
O00018323,5,1593.82
O00018324,1,122.6
O00018325,5,857.86
O00018326,6,528.1
O00018327,3,2066.58
O00018328,2,124.84
O00018329,3,247.81
O00018330,2,179.2
O00018331,1,631.84
O00018332,6,309.63
O00018333,3,866.12
O00018334,3,1281.98
O00018335,3,1317.77
O00018336,3,75.28
O00018337,1,661.52
O00018338,3,89.63
O00018339,1,99.26
O00018340,5,774.89
O00018341,2,498.83
O00018342,4,110.93
O00018343,2,90.3
O00018344,3,257.03
O00018345,3,291.14
O00018346,1,165.89
O00018347,4,2006.72
O00018348,4,534.1
O00018349,3,1058.69
O00018350,1,158.04
O00018351,3,1136.5
O00018352,4,108.89
O00018353,1,23.32
O00018354,6,232.06
O00018355,1,434.67
O00018356,3,1437.14
O00018357,4,439.83000000000004
O00018358,3,378.94
O00018359,1,17.6
O00018360,2,94.52000000000001
O00018361,3,89.01
O00018362,7,1196.66
O00018363,4,2956.7799999999997
O00018364,2,734.37
O00018365,2,38.7
O00018366,3,1632.79
O00018367,6,1202.9299999999998
O00018368,1,18.79
O00018369,5,623.3
O00018370,3,611.5699999999999
O00018371,1,40.8
O00018372,7,2276.9900000000002
O00018373,3,430.46999999999997
O00018374,12,853.1700000000001
O00018375,4,965.14
O00018376,2,176.77
O00018377,1,71.29
O00018378,2,441.04
O00018379,6,177.47
O00018380,4,330.92999999999995
O00018381,4,159.95
O00018382,5,253.33
O00018383,3,389.22
O00018384,2,146.78
O00018385,3,197.45000000000002
O00018386,1,36.4
O00018387,3,938.11
O00018388,5,1060.58
O00018389,1,22.55
O00018390,1,203.57
O00018391,2,210.43
O00018392,2,85.53
O00018393,1,196.49
O00018394,4,429.92999999999995
O00018395,1,893.72
O00018396,1,142.94
O00018397,1,115.81
O00018398,3,132.31
O00018399,4,494.19
O00018400,4,69.19
O00018401,5,1642.3600000000001
O00018402,1,27.21
O00018403,2,86.7
O00018404,5,546.86
O00018405,3,119.07000000000001
O00018406,6,1757.61
O00018407,1,769.71
O00018408,1,3.69
O00018409,8,617.12
O00018410,5,808.67
O00018411,3,59.97
O00018412,6,604.12
O00018413,1,175.83
O00018414,4,551.1700000000001
O00018415,4,3893.1799999999994
O00018416,3,2876.9
O00018417,2,46.55
O00018418,1,184.85
O00018419,3,793.04
O00018420,2,459.04
O00018421,4,451.61
O00018422,1,44.59
O00018423,3,121.74
O00018424,4,1122.82
O00018425,3,295.61
O00018426,1,763.65
O00018427,2,623.75
O00018428,6,1496.37
O00018429,5,619.6600000000001
O00018430,4,852.0400000000001
O00018431,4,136.61
O00018432,1,42.15
O00018433,2,92.72
O00018434,1,166.37
O00018435,6,523.48
O00018436,3,158.53000000000003
O00018437,3,204.06
O00018438,3,1307.61
O00018439,2,1160.22
O00018440,1,9.53
O00018441,1,19.97
O00018442,3,2090.22
O00018443,3,189.24
O00018444,6,2014.97
O00018445,1,299.8
O00018446,3,209.60000000000002
O00018447,4,490.5
O00018448,1,19.06
O00018449,5,694.6700000000001
O00018450,5,1679.2299999999998
O00018451,1,77.46
O00018452,4,1911.5
O00018453,2,30.24
O00018454,1,46.59
O00018455,2,1481.9
O00018456,3,964.86
O00018457,1,113.75
O00018458,1,24.37
O00018459,3,178.26
O00018460,2,449.07
O00018461,1,32.02
O00018462,2,152.86
O00018463,1,209.1
O00018464,3,166.32
O00018465,1,69.1
O00018466,2,86.75
O00018467,1,32.08
O00018468,2,724.16
O00018469,4,254.57999999999998
O00018470,1,7.76
O00018471,4,229.98000000000002
O00018472,1,130.56
O00018473,4,346.46
O00018474,1,543.31
O00018475,2,287.8
O00018476,1,326.01
O00018477,5,1872.3
O00018478,6,1737.05
O00018479,6,606.62
O00018480,5,892.9200000000001
O00018481,5,728.59
O00018482,3,99.61
O00018483,7,1636.46
O00018484,5,1315.93
O00018485,4,545.87
O00018486,2,466.9
O00018487,3,364.96
O00018488,2,311.41
O00018489,3,654.1800000000001
O00018490,5,332.14
O00018491,9,1672.08
O00018492,2,56.94
O00018493,1,95.77
O00018494,5,1824.52
O00018495,4,971.8
O00018496,4,316.19
O00018497,1,15.64
O00018498,5,955.9300000000001
O00018499,5,1707.5900000000001
O00018500,1,20.23
O00018501,2,38.3
O00018502,4,1804.5100000000002
O00018503,4,1224.42
O00018504,1,85.64
O00018505,1,50.01
O00018506,2,42.0
O00018507,1,63.98
O00018508,8,1490.27
O00018509,2,768.8
O00018510,1,103.97
O00018511,3,487.93
O00018512,1,231.15
O00018513,7,3790.0400000000004
O00018514,1,236.7
O00018515,6,374.75
O00018516,2,1066.08
O00018517,4,354.32000000000005
O00018518,4,811.3599999999999
O00018519,2,320.40999999999997
O00018520,2,109.42
O00018521,6,1330.75
O00018522,1,1206.17
O00018523,5,187.18
O00018524,4,1408.7199999999998
O00018525,5,1837.49
O00018526,4,1917.1999999999998
O00018527,1,9.32
O00018528,1,95.02
O00018529,3,60.28
O00018530,3,443.03000000000003
O00018531,1,34.59
O00018532,5,170.46
O00018533,1,344.26
O00018534,2,696.23
O00018535,1,434.67
O00018536,1,667.59
O00018537,2,147.06
O00018538,3,133.71
O00018539,1,55.76
O00018540,2,845.27
O00018541,1,23.28
O00018542,3,311.01
O00018543,1,52.87
O00018544,3,377.75
O00018545,6,430.39000000000004
O00018546,3,1413.95
O00018547,1,87.48
O00018548,1,42.5
O00018549,5,1111.55
O00018550,1,988.62
O00018551,1,172.42
O00018552,3,154.29
O00018553,3,293.26
O00018554,6,2238.89
O00018555,3,56.28
O00018556,5,987.52
O00018557,2,711.56
O00018558,6,2002.6799999999998
O00018559,1,598.63
O00018560,6,1228.08
O00018561,1,82.77
O00018562,3,281.78
O00018563,3,925.0500000000001
O00018564,1,100.81
O00018565,2,280.51
O00018566,6,441.08000000000004
O00018567,4,421.96999999999997
O00018568,5,285.28
O00018569,1,413.11
O00018570,4,177.68
O00018571,2,2128.79
O00018572,2,241.89999999999998
O00018573,3,943.7
O00018574,1,503.48
O00018575,2,51.730000000000004
O00018576,1,1028.88
O00018577,1,138.89
O00018578,2,2192.46
O00018579,2,23.83
O00018580,5,1901.73
O00018581,3,127.75
O00018582,1,985.35
O00018583,5,441.2
O00018584,2,223.07999999999998
O00018585,2,73.04
O00018586,3,1152.5400000000002
O00018587,5,278.8
O00018588,4,1583.29
O00018589,1,11.83
O00018590,6,1375.5500000000002
O00018591,1,53.5
O00018592,2,64.49
O00018593,1,95.08
O00018594,1,9.25
O00018595,1,1047.18
O00018596,3,360.34000000000003
O00018597,1,36.95
O00018598,2,442.31
O00018599,1,10.2
O00018600,5,619.5500000000001
O00018601,2,128.54
O00018602,1,247.47
O00018603,2,200.6
O00018604,1,638.51
O00018605,2,187.24
O00018606,5,658.98
O00018607,1,115.81
O00018608,1,165.89
O00018609,2,682.9300000000001
O00018610,2,386.24
O00018611,2,225.58999999999997
O00018612,3,666.77
O00018613,1,64.82
O00018614,5,358.44
O00018615,1,62.58
O00018616,1,103.35
O00018617,8,1080.46
O00018618,2,600.48
O00018619,2,57.98
O00018620,3,237.51000000000002
O00018621,2,100.59
O00018622,4,1280.99
O00018623,5,1715.6399999999999
O00018624,6,708.0699999999999
O00018625,2,511.27
O00018626,2,144.9
O00018627,2,65.73
O00018628,1,8.47
O00018629,5,1505.4
O00018630,1,224.43
O00018631,5,455.99
O00018632,1,46.12
O00018633,6,230.69
O00018634,10,2565.49
O00018635,1,20.23
O00018636,8,2862.7699999999995
O00018637,1,24.6
O00018638,1,15.22
O00018639,8,329.17
O00018640,2,63.339999999999996
O00018641,4,493.15000000000003
O00018642,4,177.91000000000003
O00018643,2,211.3
O00018644,3,994.96
O00018645,1,153.06
O00018646,1,54.48
O00018647,4,502.71999999999997
O00018648,2,315.34
O00018649,1,111.12
O00018650,3,104.07
O00018651,4,636.27
O00018652,1,239.55
O00018653,3,2619.68
O00018654,7,1570.7
O00018655,2,715.39
O00018656,1,65.06
O00018657,4,159.71
O00018658,3,206.82
O00018659,1,45.66
O00018660,1,152.1
O00018661,3,1623.86
O00018662,1,79.93
O00018663,8,2497.27
O00018664,4,77.94
O00018665,1,23.28
O00018666,1,126.29
O00018667,9,1933.47
O00018668,4,460.86
O00018669,3,1634.93
O00018670,5,450.03999999999996
O00018671,1,19.09
O00018672,1,367.54
O00018673,3,403.83000000000004
O00018674,1,40.92
O00018675,4,390.13
O00018676,1,344.26
O00018677,1,14.44
O00018678,1,818.59
O00018679,6,974.27
O00018680,1,244.16
O00018681,1,22.53
O00018682,3,351.64000000000004
O00018683,4,788.5799999999999
O00018684,2,72.16
O00018685,1,50.3
O00018686,3,297.04999999999995
O00018687,6,692.5500000000001
O00018688,2,828.09
O00018689,3,1206.88
O00018690,6,1096.72
O00018691,1,10.35
O00018692,7,1008.8199999999999
O00018693,2,122.65
O00018694,2,719.0699999999999
O00018695,5,632.2
O00018696,1,40.7
O00018697,3,801.57
O00018698,1,22.21
O00018699,4,443.18
O00018700,3,336.32
O00018701,7,1367.75
O00018702,4,422.52
O00018703,2,56.879999999999995
O00018704,1,23.92
O00018705,3,389.23
O00018706,2,739.74
O00018707,3,335.1
O00018708,5,1596.5
O00018709,1,40.03
O00018710,5,1233.97
O00018711,6,499.04999999999995
O00018712,5,1555.28
O00018713,4,420.29
O00018714,2,51.64
O00018715,1,135.76
O00018716,4,633.8
O00018717,1,11.4
O00018718,1,35.56
O00018719,4,319.5
O00018720,3,69.84
O00018721,3,296.42
O00018722,2,297.32
O00018723,3,770.87
O00018724,3,169.71
O00018725,4,200.43
O00018726,3,1651.24
O00018727,2,38.18
O00018728,4,756.54
O00018729,1,329.14
O00018730,3,80.33000000000001
O00018731,2,184.48
O00018732,4,737.24
O00018733,1,34.17
O00018734,5,250.14
O00018735,1,2.72
O00018736,1,531.53
O00018737,1,20.8
O00018738,4,159.77
O00018739,6,939.78
O00018740,2,1394.14
O00018741,2,128.09
O00018742,2,53.29
O00018743,2,449.01
O00018744,3,2022.31
O00018745,1,194.49
O00018746,6,312.52
O00018747,4,124.83
O00018748,2,224.38
O00018749,3,311.01
O00018750,1,70.39
O00018751,9,793.63
O00018752,1,18.15
O00018753,1,746.51
O00018754,1,49.76
O00018755,4,1900.19
O00018756,1,95.98
O00018757,4,934.71
O00018758,3,238.42
O00018759,6,877.01
O00018760,1,253.18
O00018761,2,1623.0
O00018762,2,26.380000000000003
O00018763,3,121.62
O00018764,3,615.82
O00018765,1,64.76
O00018766,4,3513.1600000000003
O00018767,4,2117.44
O00018768,5,254.26999999999998
O00018769,5,657.72
O00018770,3,1293.5900000000001
O00018771,3,1398.8700000000001
O00018772,6,309.12
O00018773,1,7.76
O00018774,5,323.23
O00018775,1,126.24
O00018776,6,531.04
O00018777,2,35.0
O00018778,1,128.31
O00018779,2,166.44
O00018780,1,63.21
O00018781,3,127.5
O00018782,4,59.46
O00018783,1,94.4
O00018784,3,845.61
O00018785,4,3552.96
O00018786,2,78.64
O00018787,2,518.61
O00018788,1,226.85
O00018789,5,2203.7200000000003
O00018790,2,80.76
O00018791,4,844.68
O00018792,1,46.59
O00018793,2,816.6
O00018794,3,250.8
O00018795,3,984.0799999999999
O00018796,1,21.02
O00018797,6,2436.42
O00018798,4,1564.5500000000002
O00018799,6,1023.73
O00018800,1,80.87
O00018801,3,344.19
O00018802,5,268.14
O00018803,1,43.13
O00018804,1,40.7
O00018805,6,693.58
O00018806,2,1268.92
O00018807,4,625.74
O00018808,4,301.44
O00018809,6,820.89
O00018810,6,582.0
O00018811,1,36.52
O00018812,3,128.53
O00018813,1,974.16
O00018814,1,96.75
O00018815,3,30.87
O00018816,6,1372.2
O00018817,8,2604.54
O00018818,2,594.94
O00018819,2,109.3
O00018820,2,47.75
O00018821,8,1118.26
O00018822,2,95.46
O00018823,3,75.62
O00018824,1,29.92
O00018825,2,20.98
O00018826,1,154.29
O00018827,1,101.93
O00018828,4,370.34999999999997
O00018829,5,3039.41
O00018830,2,1374.02
O00018831,5,1161.5
O00018832,2,332.66999999999996
O00018833,2,826.84
O00018834,2,577.78
O00018835,1,122.6
O00018836,1,438.35
O00018837,1,13.01
O00018838,2,494.86
O00018839,3,556.8
O00018840,5,791.3700000000001
O00018841,8,531.68
O00018842,1,114.66
O00018843,2,311.12
O00018844,2,249.36
O00018845,3,53.260000000000005
O00018846,4,807.23
O00018847,1,152.1
O00018848,4,172.3
O00018849,2,1200.8300000000002
O00018850,1,104.54
O00018851,3,968.31
O00018852,1,293.83
O00018853,2,142.51
O00018854,5,743.71
O00018855,2,456.09000000000003
O00018856,1,8.99
O00018857,3,617.3
O00018858,5,1471.54
O00018859,3,171.53
O00018860,1,43.13
O00018861,1,376.31
O00018862,7,553.8000000000001
O00018863,1,51.05
O00018864,2,97.44
O00018865,2,845.26
O00018866,4,1866.82
O00018867,7,262.85
O00018868,1,59.93
O00018869,1,20.18
O00018870,10,1431.84
O00018871,2,156.38
O00018872,1,188.49
O00018873,2,1177.57
O00018874,4,242.76999999999998
O00018875,1,108.8
O00018876,1,46.57
O00018877,3,1158.99
O00018878,1,19.97
O00018879,3,168.63
O00018880,1,82.4
O00018881,3,555.19
O00018882,1,300.67
O00018883,3,959.45
O00018884,2,1030.1399999999999
O00018885,2,507.7
O00018886,2,245.42
O00018887,3,146.84
O00018888,1,16.45
O00018889,1,56.37
O00018890,9,763.08
O00018891,3,661.56
O00018892,5,936.64
O00018893,2,214.12
O00018894,1,124.59
O00018895,1,55.11
O00018896,3,1023.01
O00018897,1,39.15
O00018898,2,148.09
O00018899,2,86.39
O00018900,6,1773.86
O00018901,1,52.53
O00018902,1,34.28
O00018903,5,907.26
O00018904,1,1233.6
O00018905,3,71.13
O00018906,2,269.94
O00018907,4,939.05
O00018908,3,63.87
O00018909,1,124.59
O00018910,2,164.8
O00018911,2,137.62
O00018912,4,402.18
O00018913,2,106.32
O00018914,4,534.6
O00018915,4,398.61
O00018916,3,164.0
O00018917,4,1141.69
O00018918,1,13.34
O00018919,1,21.15
O00018920,1,1340.76
O00018921,9,230.28
O00018922,5,843.3199999999999
O00018923,3,473.55
O00018924,7,2174.05
O00018925,1,84.8
O00018926,2,167.52
O00018927,7,2093.28
O00018928,3,668.21
O00018929,3,297.78
O00018930,2,201.32
O00018931,1,894.8
O00018932,4,706.3199999999999
O00018933,4,654.47
O00018934,3,977.37
O00018935,1,1131.3
O00018936,2,457.22
O00018937,2,634.76
O00018938,11,2410.92
O00018939,1,10.35
O00018940,3,509.9
O00018941,3,1713.2
O00018942,2,23.380000000000003
O00018943,1,1097.96
O00018944,4,420.5
O00018945,3,220.64
O00018946,2,137.52
O00018947,11,727.13
O00018948,6,1321.95
O00018949,4,668.24
O00018950,3,152.49
O00018951,1,166.64
O00018952,1,30.59
O00018953,4,236.87
O00018954,3,173.94
O00018955,2,100.08
O00018956,1,46.64
O00018957,1,107.38
O00018958,1,143.79
O00018959,4,421.76
O00018960,3,860.4599999999999
O00018961,7,886.56
O00018962,1,354.49
O00018963,5,790.08
O00018964,5,529.19
O00018965,7,1671.8
O00018966,1,988.62
O00018967,3,563.97
O00018968,3,238.64
O00018969,2,1469.92
O00018970,2,132.52
O00018971,5,759.96
O00018972,3,353.03000000000003
O00018973,8,1064.64
O00018974,4,680.86
O00018975,1,69.22
O00018976,3,161.24
O00018977,3,446.86
O00018978,3,463.92
O00018979,1,201.91
O00018980,4,337.44
O00018981,4,276.29
O00018982,4,826.1800000000001
O00018983,3,721.75
O00018984,1,97.63
O00018985,1,264.04
O00018986,1,538.42
O00018987,1,51.61
O00018988,2,565.28
O00018989,7,2717.17
O00018990,1,494.84
O00018991,9,1349.84
O00018992,3,65.55
O00018993,2,447.84
O00018994,3,460.7
O00018995,6,1755.69
O00018996,3,221.44
O00018997,4,813.5400000000001
O00018998,1,187.33
O00018999,1,142.27
O00019000,5,191.55
O00019001,9,1269.25
O00019002,3,498.3
O00019003,3,261.3
O00019004,4,1828.0
O00019005,2,324.72
O00019006,1,43.35
O00019007,1,76.4
O00019008,2,496.21
O00019009,1,786.4
O00019010,1,115.81
O00019011,1,40.92
O00019012,1,115.46
O00019013,4,533.18
O00019014,3,345.59
O00019015,1,36.42
O00019016,1,34.28
O00019017,6,951.16
O00019018,4,688.64
O00019019,2,34.4
O00019020,1,97.59
O00019021,1,670.63
O00019022,3,184.09
O00019023,4,359.51
O00019024,3,335.30999999999995
O00019025,3,110.43
O00019026,1,52.92
O00019027,1,37.23
O00019028,2,137.9
O00019029,3,295.49
O00019030,2,114.3
O00019031,1,2.83
O00019032,1,157.02
O00019033,5,510.63
O00019034,1,75.93
O00019035,11,1428.9
O00019036,2,222.84
O00019037,4,200.09
O00019038,3,464.0
O00019039,4,130.15
O00019040,1,177.95
O00019041,1,19.41
O00019042,9,1073.5800000000002
O00019043,1,166.64
O00019044,1,21.1
O00019045,2,54.46
O00019046,4,336.39
O00019047,2,1125.95
O00019048,6,964.9300000000001
O00019049,1,960.74
O00019050,3,165.26999999999998
O00019051,3,1184.3700000000001
O00019052,1,24.35
O00019053,5,288.78999999999996
O00019054,2,519.21
O00019055,2,191.8
O00019056,7,3183.46
O00019057,5,825.47
O00019058,6,1808.37
O00019059,1,101.29
O00019060,2,369.7
O00019061,5,1380.24
O00019062,2,36.3
O00019063,1,132.7
O00019064,3,320.5
O00019065,5,329.65999999999997
O00019066,3,1557.33
O00019067,1,30.81
O00019068,3,943.16
O00019069,1,247.43
O00019070,2,180.74
O00019071,2,522.1800000000001
O00019072,5,382.23
O00019073,2,242.12
O00019074,2,862.24
O00019075,2,88.69
O00019076,4,468.78000000000003
O00019077,4,510.67
O00019078,3,191.56
O00019079,4,166.78
O00019080,3,550.4200000000001
O00019081,2,2077.88
O00019082,1,24.98
O00019083,1,44.57
O00019084,5,1716.2999999999997
O00019085,2,61.54
O00019086,2,3326.24
O00019087,2,110.22
O00019088,1,375.68
O00019089,2,140.4
O00019090,2,75.04
O00019091,1,168.32
O00019092,3,472.84000000000003
O00019093,1,81.32
O00019094,3,417.38
O00019095,4,25.049999999999997
O00019096,3,368.1
O00019097,1,344.26
O00019098,3,72.66
O00019099,6,864.9300000000001
O00019100,9,878.0600000000001
O00019101,2,204.82999999999998
O00019102,2,392.38
O00019103,2,34.06
O00019104,9,535.8299999999999
O00019105,2,514.3
O00019106,1,948.69
O00019107,2,249.82
O00019108,7,1744.46
O00019109,3,151.26
O00019110,2,120.22
O00019111,3,96.46
O00019112,2,674.06
O00019113,1,566.53
O00019114,1,694.64
O00019115,1,134.71
O00019116,4,3938.88
O00019117,2,19.29
O00019118,5,1908.06
O00019119,3,232.32
O00019120,6,250.33999999999997
O00019121,5,173.55
O00019122,3,568.31
O00019123,4,3219.65
O00019124,2,120.78
O00019125,4,214.02
O00019126,1,417.15
O00019127,3,220.17
O00019128,1,15.66
O00019129,2,164.8
O00019130,3,271.71
O00019131,1,52.95
O00019132,6,2464.11
O00019133,8,1340.33
O00019134,5,1418.3
O00019135,1,181.71
O00019136,4,537.2
O00019137,6,397.26
O00019138,4,1167.24
O00019139,8,725.13
O00019140,1,689.05
O00019141,1,195.21
O00019142,2,1413.28
O00019143,2,2023.42
O00019144,1,260.02
O00019145,3,1127.04
O00019146,3,14.61
O00019147,3,543.92
O00019148,3,576.4300000000001
O00019149,3,45.14
O00019150,5,291.05
O00019151,2,246.43
O00019152,2,155.26
O00019153,3,330.35999999999996
O00019154,2,91.58
O00019155,3,171.7
O00019156,5,2215.32
O00019157,2,194.32
O00019158,3,589.47
O00019159,2,205.82999999999998
O00019160,5,1070.06
O00019161,1,42.48
O00019162,2,173.31
O00019163,6,872.48
O00019164,2,42.4
O00019165,2,99.31
O00019166,4,219.68
O00019167,3,479.08000000000004
O00019168,5,1378.1699999999998
O00019169,2,162.81
O00019170,5,2653.11
O00019171,2,197.62
O00019172,2,388.08
O00019173,9,160.79000000000002
O00019174,1,135.87
O00019175,2,539.96
O00019176,3,1657.3700000000001
O00019177,2,1390.0500000000002
O00019178,6,2633.3199999999997
O00019179,3,206.27
O00019180,5,199.29
O00019181,3,227.23000000000002
O00019182,5,382.3
O00019183,1,37.9
O00019184,4,331.12
O00019185,6,394.7
O00019186,1,221.26
O00019187,8,1298.77
O00019188,6,816.53
O00019189,4,346.96000000000004
O00019190,2,104.5
O00019191,3,141.14000000000001
O00019192,1,225.0
O00019193,2,51.97
O00019194,3,1062.76
O00019195,1,25.57
O00019196,1,12.42
O00019197,7,784.49
O00019198,1,631.84
O00019199,3,78.21
O00019200,2,58.2
O00019201,4,838.04
O00019202,4,109.0
O00019203,3,201.82999999999998
O00019204,1,96.95
O00019205,5,3194.27
O00019206,1,828.09
O00019207,1,11.44
O00019208,1,106.52
O00019209,4,227.35
O00019210,2,41.66
O00019211,3,323.91999999999996
O00019212,3,69.22999999999999
O00019213,4,89.96
O00019214,1,74.61
O00019215,3,178.88
O00019216,4,347.40000000000003
O00019217,1,32.11
O00019218,1,31.44
O00019219,2,151.23
O00019220,5,1600.79
O00019221,1,59.97
O00019222,4,133.13
O00019223,3,288.44
O00019224,2,217.94
O00019225,1,2.99
O00019226,1,763.65
O00019227,3,148.96
O00019228,7,725.48
O00019229,1,81.74
O00019230,2,56.86
O00019231,1,153.2
O00019232,1,83.11
O00019233,8,948.04
O00019234,3,791.56
O00019235,4,1012.99
O00019236,5,861.06
O00019237,4,854.45
O00019238,5,126.16
O00019239,1,86.41
O00019240,2,832.57
O00019241,2,236.22
O00019242,1,88.68
O00019243,4,215.47
O00019244,2,128.01999999999998
O00019245,2,43.84
O00019246,4,520.54
O00019247,4,1388.8999999999999
O00019248,5,113.26
O00019249,10,3688.7799999999997
O00019250,4,2801.7999999999997
O00019251,4,2032.9399999999998
O00019252,1,118.8
O00019253,2,123.2
O00019254,4,531.63
O00019255,2,42.6
O00019256,6,2156.22
O00019257,6,164.3
O00019258,6,468.24
O00019259,1,157.51
O00019260,5,666.28
O00019261,5,68.12
O00019262,8,447.76
O00019263,4,602.97
O00019264,2,108.78999999999999
O00019265,3,321.48
O00019266,1,953.03
O00019267,4,122.03
O00019268,2,168.74
O00019269,1,11.93
O00019270,4,257.66999999999996
O00019271,5,861.61
O00019272,1,12.81
O00019273,1,148.45
O00019274,4,195.38
O00019275,1,158.04
O00019276,4,649.5999999999999
O00019277,1,42.76
O00019278,1,305.16
O00019279,1,49.59
O00019280,1,96.63
O00019281,6,711.78
O00019282,3,438.88
O00019283,2,56.96
O00019284,4,130.28
O00019285,1,70.23
O00019286,1,88.66
O00019287,1,5.2
O00019288,1,531.53
O00019289,2,62.16
O00019290,2,315.81
O00019291,4,788.03
O00019292,3,185.58
O00019293,3,190.73000000000002
O00019294,1,235.46
O00019295,6,2100.38
O00019296,5,141.79999999999998
O00019297,7,703.78
O00019298,4,410.15999999999997
O00019299,1,84.8
O00019300,3,543.44
O00019301,1,805.15
O00019302,2,1389.28
O00019303,3,816.82
O00019304,3,715.08
O00019305,1,19.17
O00019306,2,68.72
O00019307,1,113.44
O00019308,4,419.65
O00019309,1,95.08
O00019310,1,112.79
O00019311,3,694.8
O00019312,3,1293.42
O00019313,4,589.38
O00019314,1,643.14
O00019315,1,105.34
O00019316,6,3107.2799999999997
O00019317,1,926.42
O00019318,1,65.46
O00019319,2,1597.2
O00019320,7,4161.8099999999995
O00019321,8,699.62
O00019322,1,576.97
O00019323,5,1463.55
O00019324,5,2241.11
O00019325,4,251.75
O00019326,1,105.75
O00019327,3,1389.24
O00019328,1,32.02
O00019329,2,247.83999999999997
O00019330,4,1300.2
O00019331,3,465.53000000000003
O00019332,1,51.75
O00019333,1,18.31
O00019334,1,13.49
O00019335,4,395.34000000000003
O00019336,10,667.13
O00019337,2,124.08
O00019338,1,738.47
O00019339,2,261.12
O00019340,1,22.55
O00019341,5,483.03999999999996
O00019342,2,681.34
O00019343,2,86.44999999999999
O00019344,1,22.47
O00019345,1,143.9
O00019346,2,82.88
O00019347,3,1311.3400000000001
O00019348,7,348.93
O00019349,5,700.42
O00019350,5,415.7
O00019351,1,226.24
O00019352,1,337.06
O00019353,2,69.54
O00019354,1,152.24
O00019355,6,460.49
O00019356,4,845.86
O00019357,1,10.78
O00019358,2,350.22
O00019359,3,831.94
O00019360,1,23.58
O00019361,1,71.72
O00019362,1,58.53
O00019363,1,21.73
O00019364,4,131.85
O00019365,1,52.93
O00019366,2,91.32
O00019367,7,902.6899999999999
O00019368,1,472.13
O00019369,2,71.34
O00019370,2,312.52
O00019371,3,614.34
O00019372,4,1403.6499999999999
O00019373,6,1034.0900000000001
O00019374,3,1570.95
O00019375,1,2.72
O00019376,2,31.04
O00019377,1,156.64
O00019378,3,2121.05
O00019379,3,1763.51
O00019380,3,563.88
O00019381,1,14.26
O00019382,2,14.09
O00019383,2,38.18
O00019384,5,288.71000000000004
O00019385,3,538.38
O00019386,2,175.26999999999998
O00019387,6,3268.38
O00019388,5,917.97
O00019389,2,242.34
O00019390,4,294.0
O00019391,3,173.31
O00019392,3,514.97
O00019393,4,690.2
O00019394,1,69.43
O00019395,8,1154.0
O00019396,2,203.94
O00019397,2,90.77000000000001
O00019398,1,47.33
O00019399,1,5.28
O00019400,4,755.62
O00019401,1,110.1
O00019402,3,64.65
O00019403,5,362.06
O00019404,3,445.65
O00019405,3,2855.07
O00019406,3,171.12
O00019407,6,4784.12
O00019408,1,202.98
O00019409,3,252.17000000000002
O00019410,5,788.14
O00019411,3,2352.66
O00019412,6,2899.31
O00019413,2,195.41
O00019414,2,297.74
O00019415,4,335.97
O00019416,5,312.28000000000003
O00019417,6,3868.84
O00019418,7,1295.06
O00019419,1,54.74
O00019420,2,20.84
O00019421,2,53.760000000000005
O00019422,1,314.64
O00019423,1,2.99
O00019424,4,380.21000000000004
O00019425,3,27.0
O00019426,3,298.1
O00019427,3,1292.15
O00019428,3,493.87
O00019429,3,120.42
O00019430,2,985.28
O00019431,1,39.96
O00019432,4,3421.12
O00019433,3,371.49
O00019434,3,944.26
O00019435,1,366.84
O00019436,3,255.66
O00019437,4,374.28
O00019438,3,2355.27
O00019439,6,504.73
O00019440,2,193.51
O00019441,2,45.01
O00019442,9,632.64
O00019443,2,56.08
O00019444,4,896.58
O00019445,1,20.23
O00019446,5,838.95
O00019447,2,162.34
O00019448,2,433.16
O00019449,5,249.65
O00019450,2,841.61
O00019451,1,354.49
O00019452,3,162.26
O00019453,5,487.88
O00019454,5,733.43
O00019455,2,126.69999999999999
O00019456,2,51.25
O00019457,1,115.92
O00019458,3,279.46
O00019459,1,16.88
O00019460,7,4140.780000000001
O00019461,4,1295.59
O00019462,3,1133.29
O00019463,3,159.72
O00019464,2,64.68
O00019465,1,355.14
O00019466,5,222.12
O00019467,1,159.29
O00019468,1,20.93
O00019469,2,23.14
O00019470,1,36.34
O00019471,6,348.63
O00019472,3,62.52
O00019473,2,49.010000000000005
O00019474,3,407.66999999999996
O00019475,6,295.79
O00019476,1,48.22
O00019477,3,69.43
O00019478,5,335.15
O00019479,1,52.54
O00019480,4,476.89
O00019481,2,481.13
O00019482,2,2068.5
O00019483,4,847.4200000000001
O00019484,5,326.75
O00019485,6,928.88
O00019486,4,256.08
O00019487,1,34.28
O00019488,1,18.76
O00019489,1,83.13
O00019490,3,535.5
O00019491,1,39.6
O00019492,1,390.56
O00019493,1,47.73
O00019494,6,854.5999999999999
O00019495,4,281.5
O00019496,3,312.58
O00019497,2,43.82
O00019498,2,41.84
O00019499,2,2515.04
O00019500,5,1525.0700000000002
O00019501,7,1554.15
O00019502,1,55.76
O00019503,1,30.59
O00019504,6,3305.94
O00019505,1,86.34
O00019506,3,122.78
O00019507,1,295.05
O00019508,1,148.33
O00019509,6,226.72
O00019510,6,484.83
O00019511,3,1389.22
O00019512,1,70.32
O00019513,1,12.34
O00019514,2,40.36
O00019515,1,66.11
O00019516,3,1470.75
O00019517,2,433.16
O00019518,3,272.35
O00019519,3,298.83000000000004
O00019520,2,351.66
O00019521,1,37.69
O00019522,1,83.14
O00019523,1,97.78
O00019524,1,81.49
O00019525,2,209.89
O00019526,3,243.21
O00019527,6,1524.68
O00019528,1,85.46
O00019529,1,60.39
O00019530,3,1795.8999999999999
O00019531,3,1156.0
O00019532,1,20.74
O00019533,1,18.84
O00019534,2,40.36
O00019535,1,636.16
O00019536,3,482.72
O00019537,7,4140.43
O00019538,5,1357.18
O00019539,3,357.8
O00019540,6,348.59999999999997
O00019541,3,60.54
O00019542,1,182.11
O00019543,4,280.76
O00019544,2,235.45000000000002
O00019545,5,248.92000000000002
O00019546,1,7.85
O00019547,2,1005.1999999999999
O00019548,1,82.68
O00019549,1,81.47
O00019550,4,902.04
O00019551,1,147.11
O00019552,4,352.63
O00019553,4,3844.33
O00019554,1,59.13
O00019555,2,133.48
O00019556,1,208.74
O00019557,3,95.94
O00019558,7,716.72
O00019559,1,121.03
O00019560,1,11.67
O00019561,1,7.41
O00019562,4,937.3299999999999
O00019563,2,13.2
O00019564,5,285.05
O00019565,3,519.9200000000001
O00019566,7,1030.1499999999999
O00019567,2,1141.14
O00019568,3,2821.02
O00019569,2,203.21
O00019570,2,1283.45
O00019571,3,306.44
O00019572,3,1689.76
O00019573,3,255.35999999999999
O00019574,2,162.11
O00019575,7,5166.2
O00019576,1,3.32
O00019577,1,10.87
O00019578,5,500.24000000000007
O00019579,1,233.7
O00019580,1,208.34
O00019581,1,66.98
O00019582,2,297.74
O00019583,4,122.63
O00019584,2,139.99
O00019585,2,1190.96
O00019586,2,515.86
O00019587,3,1594.59
O00019588,5,2204.3999999999996
O00019589,1,39.0
O00019590,1,159.14
O00019591,4,2011.17
O00019592,3,56.58
O00019593,1,100.62
O00019594,1,226.24
O00019595,7,724.01
O00019596,1,293.24
O00019597,3,27.3
O00019598,2,312.86
O00019599,1,46.89
O00019600,4,543.53
O00019601,2,13.58
O00019602,2,19.06
O00019603,6,562.55
O00019604,4,1120.91
O00019605,8,1421.77
O00019606,3,582.07
O00019607,6,1525.8300000000002
O00019608,1,38.11
O00019609,8,2871.33
O00019610,3,187.84
O00019611,7,1010.24
O00019612,1,137.88
O00019613,1,600.89
O00019614,1,84.79
O00019615,3,137.28
O00019616,1,9.25
O00019617,4,777.84
O00019618,1,63.21
O00019619,6,1662.2099999999998
O00019620,1,1.21
O00019621,6,1411.57
O00019622,5,462.34999999999997
O00019623,1,55.76
O00019624,8,3316.35
O00019625,3,170.56
O00019626,1,241.73
O00019627,4,458.46000000000004
O00019628,1,22.47
O00019629,1,52.33
O00019630,5,1144.6
O00019631,1,70.34
O00019632,4,424.5
O00019633,4,313.65999999999997
O00019634,1,319.15
O00019635,2,40.36
O00019636,4,331.01
O00019637,5,2713.97
O00019638,1,917.59
O00019639,3,524.1
O00019640,1,1816.28
O00019641,1,45.18
O00019642,4,18.4
O00019643,3,133.77
O00019644,6,262.15999999999997
O00019645,2,167.95
O00019646,5,3418.84
O00019647,2,164.53
O00019648,1,86.47
O00019649,3,263.66
O00019650,5,397.65
O00019651,1,1620.72
O00019652,1,612.23
O00019653,3,713.5799999999999
O00019654,1,405.41
O00019655,5,421.58
O00019656,1,94.61
O00019657,1,23.28
O00019658,3,127.71
O00019659,2,103.02000000000001
O00019660,1,1077.43
O00019661,1,44.33
O00019662,1,32.02
O00019663,5,551.24
O00019664,1,142.27
O00019665,5,295.59000000000003
O00019666,2,183.84
O00019667,3,465.4
O00019668,2,218.7
O00019669,2,380.65
O00019670,1,157.95
O00019671,3,644.9100000000001
O00019672,3,275.46999999999997
O00019673,1,124.68
O00019674,2,367.74
O00019675,7,441.60999999999996
O00019676,3,389.54
O00019677,4,523.03
O00019678,1,215.65
O00019679,2,174.05
O00019680,1,88.34
O00019681,3,279.21
O00019682,3,133.83
O00019683,3,265.17
O00019684,2,55.3
O00019685,4,161.17
O00019686,1,264.67
O00019687,5,412.46
O00019688,3,63.480000000000004
O00019689,1,19.14
O00019690,2,476.02
O00019691,1,215.65
O00019692,6,1920.75
O00019693,2,781.99
O00019694,6,325.9
O00019695,3,116.76
O00019696,1,9.74
O00019697,3,367.8
O00019698,3,752.6999999999999
O00019699,1,19.19
O00019700,1,115.37
O00019701,2,156.2
O00019702,5,2643.07
O00019703,3,242.79
O00019704,6,1651.53
O00019705,8,1742.3100000000002
O00019706,1,30.59
O00019707,1,147.11
O00019708,1,252.09
O00019709,1,1407.61
O00019710,1,15.29
O00019711,1,185.46
O00019712,3,445.05999999999995
O00019713,1,40.79
O00019714,2,205.76999999999998
O00019715,6,1426.6799999999998
O00019716,2,237.51999999999998
O00019717,1,108.39
O00019718,4,107.86
O00019719,3,1369.63
O00019720,2,127.81
O00019721,1,47.88
O00019722,4,493.88
O00019723,1,188.18
O00019724,3,63.75
O00019725,1,521.0
O00019726,1,40.8
O00019727,3,1919.88
O00019728,1,58.1
O00019729,1,184.85
O00019730,1,83.6
O00019731,2,127.17
O00019732,5,354.81
O00019733,1,50.01
O00019734,3,359.28
O00019735,8,1757.3200000000002
O00019736,7,3090.16
O00019737,6,1811.6200000000001
O00019738,2,1286.28
O00019739,6,262.34000000000003
O00019740,5,808.42
O00019741,4,447.53
O00019742,2,455.52
O00019743,6,474.63
O00019744,1,176.19
O00019745,4,507.53999999999996
O00019746,1,31.7
O00019747,4,999.1199999999999
O00019748,1,43.35
O00019749,6,225.54000000000002
O00019750,2,136.82
O00019751,3,351.15999999999997
O00019752,3,1120.76
O00019753,4,220.4
O00019754,3,705.33
O00019755,1,95.81
O00019756,1,26.74
O00019757,2,489.1
O00019758,1,375.91
O00019759,2,90.61
O00019760,1,163.19
O00019761,4,245.65
O00019762,1,58.46
O00019763,7,427.92
O00019764,3,115.51
O00019765,4,1245.72
O00019766,2,285.2
O00019767,1,38.53
O00019768,2,1773.54
O00019769,1,1413.41
O00019770,3,120.09
O00019771,1,99.47
O00019772,4,2505.66
O00019773,1,63.08
O00019774,3,1112.69
O00019775,1,95.98
O00019776,6,358.37
O00019777,1,15.41
O00019778,2,294.94
O00019779,2,227.85
O00019780,1,16.14
O00019781,1,376.31
O00019782,1,9.31
O00019783,3,56.31
O00019784,2,1363.96
O00019785,1,111.79
O00019786,4,548.64
O00019787,5,3803.31
O00019788,1,372.7
O00019789,6,329.1
O00019790,7,1340.0
O00019791,2,1140.3899999999999
O00019792,6,864.1600000000001
O00019793,1,39.6
O00019794,5,1158.55
O00019795,3,216.66
O00019796,3,194.10000000000002
O00019797,5,661.69
O00019798,3,224.87
O00019799,6,712.27
O00019800,6,334.88
O00019801,4,218.84
O00019802,3,3700.8
O00019803,2,28.119999999999997
O00019804,1,25.89
O00019805,3,657.7199999999999
O00019806,2,409.0
O00019807,1,15.41
O00019808,4,158.98
O00019809,4,350.7
O00019810,2,166.04
O00019811,5,2014.06
O00019812,2,739.74
O00019813,1,11.15
O00019814,4,301.08000000000004
O00019815,3,207.45
O00019816,1,42.15
O00019817,1,243.71
O00019818,2,109.76
O00019819,3,135.56
O00019820,4,359.67
O00019821,4,113.33
O00019822,2,112.88
O00019823,6,420.93
O00019824,4,422.15
O00019825,5,3591.01
O00019826,2,304.01
O00019827,6,1650.85
O00019828,6,638.48
O00019829,4,453.84
O00019830,3,199.12
O00019831,2,2677.06
O00019832,7,708.1
O00019833,4,112.61
O00019834,2,235.63
O00019835,2,659.67
O00019836,1,186.4
O00019837,4,512.19
O00019838,1,1151.47
O00019839,1,51.45
O00019840,5,1577.42
O00019841,1,38.21
O00019842,1,43.39
O00019843,3,45.28
O00019844,5,340.52
O00019845,5,1287.49
O00019846,2,130.89
O00019847,1,3.69
O00019848,3,389.8
O00019849,1,66.97
O00019850,6,367.54999999999995
O00019851,1,117.72
O00019852,1,11.41
O00019853,1,317.34
O00019854,9,3352.7
O00019855,3,580.6
O00019856,1,366.84
O00019857,2,135.03
O00019858,1,27.14
O00019859,2,62.75
O00019860,1,76.86
O00019861,5,414.72999999999996
O00019862,3,199.3
O00019863,1,269.98
O00019864,1,322.77
O00019865,1,67.1
O00019866,2,20.58
O00019867,1,180.71
O00019868,6,1340.96
O00019869,4,126.32
O00019870,3,261.83
O00019871,1,191.79
O00019872,3,271.11
O00019873,3,411.03
O00019874,3,330.72
O00019875,4,894.74
O00019876,3,3035.13
O00019877,5,242.7
O00019878,3,868.44
O00019879,4,1373.8000000000002
O00019880,2,670.5899999999999
O00019881,2,943.5
O00019882,4,123.35
O00019883,3,414.04999999999995
O00019884,2,1329.84
O00019885,4,1359.98
O00019886,3,513.83
O00019887,2,66.24
O00019888,3,500.71000000000004
O00019889,2,1268.2700000000002
O00019890,2,202.72
O00019891,3,649.1899999999999
O00019892,3,874.6600000000001
O00019893,2,1061.1299999999999
O00019894,9,2148.84
O00019895,5,215.79
O00019896,1,165.03
O00019897,8,939.6999999999999
O00019898,1,818.59
O00019899,9,3596.17
O00019900,5,1476.5900000000001
O00019901,2,278.06
O00019902,7,952.04
O00019903,1,86.41
O00019904,3,77.88
O00019905,5,613.39
O00019906,3,405.4
O00019907,4,456.71000000000004
O00019908,1,283.47
O00019909,2,85.61
O00019910,5,288.14
O00019911,3,76.00999999999999
O00019912,1,9.0
O00019913,6,839.41
O00019914,2,60.68000000000001
O00019915,2,349.82
O00019916,5,297.11
O00019917,1,40.92
O00019918,1,195.39
O00019919,5,962.27
O00019920,1,13.77
O00019921,3,28.59
O00019922,3,221.16000000000003
O00019923,3,266.67
O00019924,1,65.95
O00019925,5,1860.15
O00019926,6,1026.7
O00019927,6,517.36
O00019928,10,1975.5
O00019929,1,984.2
O00019930,1,56.11
O00019931,3,521.82
O00019932,3,256.77
O00019933,1,32.09
O00019934,7,2868.55
O00019935,3,164.20999999999998
O00019936,2,1282.67
O00019937,2,41.48
O00019938,2,35.2
O00019939,7,2421.0
O00019940,1,145.19
O00019941,3,281.39
O00019942,1,846.61
O00019943,4,719.73
O00019944,2,681.06
O00019945,1,22.55
O00019946,2,219.76
O00019947,1,96.95
O00019948,2,90.02000000000001
O00019949,4,1855.06
O00019950,1,96.63
O00019951,3,665.24
O00019952,6,120.54
O00019953,5,347.27
O00019954,4,2495.3599999999997
O00019955,3,62.4
O00019956,3,206.54000000000002
O00019957,1,495.1
O00019958,3,642.84
O00019959,2,399.44
O00019960,1,110.43
O00019961,2,236.34
O00019962,7,3353.3500000000004
O00019963,2,102.59
O00019964,5,726.4399999999999
O00019965,3,2088.65
O00019966,1,598.63
O00019967,2,152.49
O00019968,1,138.24
O00019969,4,357.72
O00019970,1,63.96
O00019971,1,124.87
O00019972,2,259.01
O00019973,1,476.36
O00019974,1,86.67
O00019975,1,16.13
O00019976,1,198.0
O00019977,7,472.34000000000003
O00019978,9,1477.96
O00019979,4,257.13
O00019980,2,398.24
O00019981,2,1294.54
O00019982,5,228.65
O00019983,6,475.27
O00019984,3,189.23000000000002
O00019985,1,313.89
O00019986,6,2408.0
O00019987,4,266.26
O00019988,2,95.96
O00019989,3,207.51999999999998
O00019990,7,1624.01
O00019991,5,301.84000000000003
O00019992,7,2164.38
O00019993,3,2833.68
O00019994,4,790.35
O00019995,6,1006.7400000000001
O00019996,3,268.12
O00019997,3,114.74000000000001
O00019998,1,21.3
O00019999,1,728.97
O00020000,8,524.3100000000001
